sexe,age,generation,qx,lx,statut
F,96,1900,0.19643999999999995,100000,jo_lx_derive
F,97,1900,0.2128776942605406,80356,jo_lx_derive
F,98,1900,0.2300711462450593,63250,jo_lx_derive
F,99,1900,0.24797732966446262,48698,jo_lx_derive
F,100,1900,0.26667030746545795,36622,jo_lx_derive
F,101,1900,0.2860440869824248,26856,jo_lx_derive
F,102,1900,0.3061437363095859,19174,jo_lx_derive
F,103,1900,0.3270444978953698,13304,jo_lx_derive
F,104,1900,0.34859823522841504,8953,jo_lx_derive
F,105,1900,0.37088477366255146,5832,jo_lx_derive
F,106,1900,0.39384028345598254,3669,jo_lx_derive
F,107,1900,0.41681654676258995,2224,jo_lx_derive
F,108,1900,0.44178874325366235,1297,jo_lx_derive
F,109,1900,0.4654696132596685,724,jo_lx_derive
F,110,1900,0.49095607235142114,387,jo_lx_derive
F,111,1900,0.5177664974619289,197,jo_lx_derive
F,112,1900,0.5368421052631579,95,jo_lx_derive
F,113,1900,0.5681818181818181,44,jo_lx_derive
F,114,1900,0.5789473684210527,19,jo_lx_derive
F,115,1900,0.625,8,jo_lx_derive
F,116,1900,0.6666666666666667,3,jo_lx_derive
F,117,1900,1.0,1,jo_fin_table
F,118,1900,1.0,0,jo_fin_table
F,119,1900,1.0,0,jo_fin_table
F,120,1900,1.0,0,jo_fin_table
F,95,1901,0.17984999999999995,100000,jo_lx_derive
F,96,1901,0.19552520880326774,82015,jo_lx_derive
F,97,1901,0.2119310689764925,65979,jo_lx_derive
F,98,1901,0.2290753134856527,51996,jo_lx_derive
F,99,1901,0.24697517774728706,40085,jo_lx_derive
F,100,1901,0.26559549445088615,30185,jo_lx_derive
F,101,1901,0.2849603031396608,22168,jo_lx_derive
F,102,1901,0.3050280739385528,15851,jo_lx_derive
F,103,1901,0.32579883805374,11016,jo_lx_derive
F,104,1901,0.3473811767873973,7427,jo_lx_derive
F,105,1901,0.3695069114916443,4847,jo_lx_derive
F,106,1901,0.3920157068062827,3056,jo_lx_derive
F,107,1901,0.4155005382131324,1858,jo_lx_derive
F,108,1901,0.4392265193370166,1086,jo_lx_derive
F,109,1901,0.4630541871921182,609,jo_lx_derive
F,110,1901,0.4892966360856269,327,jo_lx_derive
F,111,1901,0.5149700598802396,167,jo_lx_derive
F,112,1901,0.5432098765432098,81,jo_lx_derive
F,113,1901,0.5675675675675675,37,jo_lx_derive
F,114,1901,0.5625,16,jo_lx_derive
F,115,1901,0.7142857142857143,7,jo_lx_derive
F,116,1901,0.5,2,jo_lx_derive
F,117,1901,1.0,1,jo_fin_table
F,118,1901,1.0,0,jo_fin_table
F,119,1901,1.0,0,jo_fin_table
F,120,1901,1.0,0,jo_fin_table
F,94,1902,0.16408,100000,jo_lx_derive
F,95,1902,0.1789764570772323,83592,jo_lx_derive
F,96,1902,0.19460593609301924,68631,jo_lx_derive
F,97,1902,0.21098145635459065,55275,jo_lx_derive
F,98,1902,0.22809712700341644,43613,jo_lx_derive
F,99,1902,0.24595276993910586,33665,jo_lx_derive
F,100,1902,0.26452629505613556,25385,jo_lx_derive
F,101,1902,0.28387787895018746,18670,jo_lx_derive
F,102,1902,0.30388930441286466,13370,jo_lx_derive
F,103,1902,0.32459439131836254,9307,jo_lx_derive
F,104,1902,0.3460069996818327,6286,jo_lx_derive
F,105,1902,0.3677937241547069,4111,jo_lx_derive
F,106,1902,0.3905348210850327,2599,jo_lx_derive
F,107,1902,0.413510101010101,1584,jo_lx_derive
F,108,1902,0.4370290635091496,929,jo_lx_derive
F,109,1902,0.4627151051625239,523,jo_lx_derive
F,110,1902,0.48398576512455516,281,jo_lx_derive
F,111,1902,0.5103448275862069,145,jo_lx_derive
F,112,1902,0.5352112676056338,71,jo_lx_derive
F,113,1902,0.5757575757575757,33,jo_lx_derive
F,114,1902,0.5714285714285714,14,jo_lx_derive
F,115,1902,0.6666666666666667,6,jo_lx_derive
F,116,1902,0.5,2,jo_lx_derive
F,117,1902,1.0,1,jo_fin_table
F,118,1902,1.0,0,jo_fin_table
F,119,1902,1.0,0,jo_fin_table
F,120,1902,1.0,0,jo_fin_table
F,93,1903,0.14912999999999998,100000,jo_lx_derive
F,94,1903,0.16324467897563666,85087,jo_lx_derive
F,95,1903,0.17809739174403416,71197,jo_lx_derive
F,96,1903,0.19368730454397864,58517,jo_lx_derive
F,97,1903,0.2100544687705318,47183,jo_lx_derive
F,98,1903,0.22711418759390423,37272,jo_lx_derive
F,99,1903,0.24494046585899265,28807,jo_lx_derive
F,100,1903,0.26348213875224125,21751,jo_lx_derive
F,101,1903,0.28277153558052437,16020,jo_lx_derive
F,102,1903,0.30269799825935595,11490,jo_lx_derive
F,103,1903,0.3232651023464803,8012,jo_lx_derive
F,104,1903,0.3445223164883807,5422,jo_lx_derive
F,105,1903,0.3663477771525042,3554,jo_lx_derive
F,106,1903,0.3885435168738899,2252,jo_lx_derive
F,107,1903,0.4117647058823529,1377,jo_lx_derive
F,108,1903,0.4345679012345679,810,jo_lx_derive
F,109,1903,0.4606986899563319,458,jo_lx_derive
F,110,1903,0.4817813765182186,247,jo_lx_derive
F,111,1903,0.5078125,128,jo_lx_derive
F,112,1903,0.5396825396825398,63,jo_lx_derive
F,113,1903,0.5517241379310345,29,jo_lx_derive
F,114,1903,0.6153846153846154,13,jo_lx_derive
F,115,1903,0.6,5,jo_lx_derive
F,116,1903,0.5,2,jo_lx_derive
F,117,1903,1.0,1,jo_fin_table
F,118,1903,1.0,0,jo_fin_table
F,119,1903,1.0,0,jo_fin_table
F,120,1903,1.0,0,jo_fin_table
F,92,1904,0.13499000000000005,100000,jo_lx_derive
F,93,1904,0.1483219847169397,86501,jo_lx_derive
F,94,1904,0.16239768701388602,73671,jo_lx_derive
F,95,1904,0.1772246260553908,61707,jo_lx_derive
F,96,1904,0.19278722105138757,50771,jo_lx_derive
F,97,1904,0.20911109484420365,40983,jo_lx_derive
F,98,1904,0.22614383117884795,32413,jo_lx_derive
F,99,1904,0.24391021807598767,25083,jo_lx_derive
F,100,1904,0.2624307935670973,18965,jo_lx_derive
F,101,1904,0.28159851301115246,13988,jo_lx_derive
F,102,1904,0.3014230271668823,10049,jo_lx_derive
F,103,1904,0.32193732193732194,7020,jo_lx_derive
F,104,1904,0.34285714285714286,4760,jo_lx_derive
F,105,1904,0.36445012787723785,3128,jo_lx_derive
F,106,1904,0.3868209255533199,1988,jo_lx_derive
F,107,1904,0.4093519278096801,1219,jo_lx_derive
F,108,1904,0.43333333333333335,720,jo_lx_derive
F,109,1904,0.4558823529411765,408,jo_lx_derive
F,110,1904,0.48198198198198194,222,jo_lx_derive
F,111,1904,0.5043478260869565,115,jo_lx_derive
F,112,1904,0.5263157894736843,57,jo_lx_derive
F,113,1904,0.5555555555555556,27,jo_lx_derive
F,114,1904,0.5833333333333333,12,jo_lx_derive
F,115,1904,0.6,5,jo_lx_derive
F,116,1904,0.5,2,jo_lx_derive
F,117,1904,1.0,1,jo_fin_table
F,118,1904,1.0,0,jo_fin_table
F,119,1904,1.0,0,jo_fin_table
F,120,1904,1.0,0,jo_fin_table
F,91,1905,0.11883999999999995,100000,jo_lx_derive
F,92,1905,0.13420945117799266,88116,jo_lx_derive
F,93,1905,0.14751605715034732,76290,jo_lx_derive
F,94,1905,0.16157205240174677,65036,jo_lx_derive
F,95,1905,0.176349765258216,54528,jo_lx_derive
F,96,1905,0.1918863555397221,44912,jo_lx_derive
F,97,1905,0.20816112856119473,36294,jo_lx_derive
F,98,1905,0.2251644107310623,28739,jo_lx_derive
F,99,1905,0.2429046164900306,22268,jo_lx_derive
F,100,1905,0.26134408921051067,16859,jo_lx_derive
F,101,1905,0.28041435798602743,12453,jo_lx_derive
F,102,1905,0.30007811628166503,8961,jo_lx_derive
F,103,1905,0.3203125,6272,jo_lx_derive
F,104,1905,0.3413089373680507,4263,jo_lx_derive
F,105,1905,0.3625356125356125,2808,jo_lx_derive
F,106,1905,0.3849162011173184,1790,jo_lx_derive
F,107,1905,0.407811080835604,1101,jo_lx_derive
F,108,1905,0.4309815950920245,652,jo_lx_derive
F,109,1905,0.4528301886792453,371,jo_lx_derive
F,110,1905,0.4778325123152709,203,jo_lx_derive
F,111,1905,0.5094339622641509,106,jo_lx_derive
F,112,1905,0.5192307692307692,52,jo_lx_derive
F,113,1905,0.56,25,jo_lx_derive
F,114,1905,0.5454545454545454,11,jo_lx_derive
F,115,1905,0.6,5,jo_lx_derive
F,116,1905,0.5,2,jo_lx_derive
F,117,1905,1.0,1,jo_fin_table
F,118,1905,1.0,0,jo_fin_table
F,119,1905,1.0,0,jo_fin_table
F,120,1905,1.0,0,jo_fin_table
F,90,1906,0.10655000000000003,100000,jo_lx_derive
F,91,1906,0.11811517152610662,89345,jo_lx_derive
F,92,1906,0.13345263478525737,78792,jo_lx_derive
F,93,1906,0.14671119117711673,68277,jo_lx_derive
F,94,1906,0.1607277720562994,58260,jo_lx_derive
F,95,1906,0.17549492801047117,48896,jo_lx_derive
F,96,1906,0.19099590723055937,40315,jo_lx_derive
F,97,1906,0.20720527364709485,32615,jo_lx_derive
F,98,1906,0.22419460880999342,25857,jo_lx_derive
F,99,1906,0.24187437686939184,20060,jo_lx_derive
F,100,1906,0.2601262493424513,15208,jo_lx_derive
F,101,1906,0.2790615001777462,11252,jo_lx_derive
F,102,1906,0.2985700197238659,8112,jo_lx_derive
F,103,1906,0.318804920913884,5690,jo_lx_derive
F,104,1906,0.3395252837977296,3876,jo_lx_derive
F,105,1906,0.3609375,2560,jo_lx_derive
F,106,1906,0.38264058679706603,1636,jo_lx_derive
F,107,1906,0.404950495049505,1010,jo_lx_derive
F,108,1906,0.42928452579034937,601,jo_lx_derive
F,109,1906,0.45189504373177847,343,jo_lx_derive
F,110,1906,0.473404255319149,188,jo_lx_derive
F,111,1906,0.505050505050505,99,jo_lx_derive
F,112,1906,0.5306122448979591,49,jo_lx_derive
F,113,1906,0.5652173913043479,23,jo_lx_derive
F,114,1906,0.6,10,jo_lx_derive
F,115,1906,0.5,4,jo_lx_derive
F,116,1906,0.5,2,jo_lx_derive
F,117,1906,1.0,1,jo_fin_table
F,118,1906,1.0,0,jo_fin_table
F,119,1906,1.0,0,jo_fin_table
F,120,1906,1.0,0,jo_fin_table
F,89,1907,0.09379000000000004,100000,jo_lx_derive
F,90,1907,0.10585846547709687,90621,jo_lx_derive
F,91,1907,0.11740386039393791,81028,jo_lx_derive
F,92,1907,0.1326714675242956,71515,jo_lx_derive
F,93,1907,0.1459203250197495,62027,jo_lx_derive
F,94,1907,0.15990259740259738,52976,jo_lx_derive
F,95,1907,0.17463206381305474,44505,jo_lx_derive
F,96,1907,0.1901015435711758,36733,jo_lx_derive
F,97,1907,0.2062857142857143,29750,jo_lx_derive
F,98,1907,0.22318214542836579,23613,jo_lx_derive
F,99,1907,0.24069127187482964,18343,jo_lx_derive
F,100,1907,0.2589029293509477,13928,jo_lx_derive
F,101,1907,0.27765936833946914,10322,jo_lx_derive
F,102,1907,0.2970761802575107,7456,jo_lx_derive
F,103,1907,0.31692425109711886,5241,jo_lx_derive
F,104,1907,0.33770949720670396,3580,jo_lx_derive
F,105,1907,0.35892028679881904,2371,jo_lx_derive
F,106,1907,0.38026315789473686,1520,jo_lx_derive
F,107,1907,0.4033970276008493,942,jo_lx_derive
F,108,1907,0.42526690391459077,562,jo_lx_derive
F,109,1907,0.4489164086687306,323,jo_lx_derive
F,110,1907,0.4719101123595506,178,jo_lx_derive
F,111,1907,0.5,94,jo_lx_derive
F,112,1907,0.5319148936170213,47,jo_lx_derive
F,113,1907,0.5454545454545454,22,jo_lx_derive
F,114,1907,0.6,10,jo_lx_derive
F,115,1907,0.5,4,jo_lx_derive
F,116,1907,0.5,2,jo_lx_derive
F,117,1907,1.0,1,jo_fin_table
F,118,1907,1.0,0,jo_fin_table
F,119,1907,1.0,0,jo_fin_table
F,120,1907,1.0,0,jo_fin_table
F,88,1908,0.08335000000000004,100000,jo_lx_derive
F,89,1908,0.09313260241095289,91665,jo_lx_derive
F,90,1908,0.10518718121451254,83128,jo_lx_derive
F,91,1908,0.11667831791783179,74384,jo_lx_derive
F,92,1908,0.13192298911802758,65705,jo_lx_derive
F,93,1908,0.14511632799761554,57037,jo_lx_derive
F,94,1908,0.15908531583264973,48760,jo_lx_derive
F,95,1908,0.17376777308977387,41003,jo_lx_derive
F,96,1908,0.18920833579314011,33878,jo_lx_derive
F,97,1908,0.2053298383573613,27468,jo_lx_derive
F,98,1908,0.2220542422576507,21828,jo_lx_derive
F,99,1908,0.23950297391201936,16981,jo_lx_derive
F,100,1908,0.25747251045377106,12914,jo_lx_derive
F,101,1908,0.27614975492752114,9589,jo_lx_derive
F,102,1908,0.2954905633194064,6941,jo_lx_derive
F,103,1908,0.3153374233128834,4890,jo_lx_derive
F,104,1908,0.33572281959378736,3348,jo_lx_derive
F,105,1908,0.3565647482014388,2224,jo_lx_derive
F,106,1908,0.3787561146051712,1431,jo_lx_derive
F,107,1908,0.40044994375703036,889,jo_lx_derive
F,108,1908,0.424015009380863,533,jo_lx_derive
F,109,1908,0.44625407166123776,307,jo_lx_derive
F,110,1908,0.47058823529411764,170,jo_lx_derive
F,111,1908,0.48888888888888893,90,jo_lx_derive
F,112,1908,0.5217391304347826,46,jo_lx_derive
F,113,1908,0.5454545454545454,22,jo_lx_derive
F,114,1908,0.6,10,jo_lx_derive
F,115,1908,0.5,4,jo_lx_derive
F,116,1908,0.5,2,jo_lx_derive
F,117,1908,1.0,1,jo_fin_table
F,118,1908,1.0,0,jo_fin_table
F,119,1908,1.0,0,jo_fin_table
F,120,1908,1.0,0,jo_fin_table
F,87,1909,0.07216,100000,jo_lx_derive
F,88,1909,0.08274055871702013,92784,jo_lx_derive
F,89,1909,0.09249532940886174,85107,jo_lx_derive
F,90,1909,0.10449925551887096,77235,jo_lx_derive
F,91,1909,0.1159707362211555,69164,jo_lx_derive
F,92,1909,0.13116791783196768,61143,jo_lx_derive
F,93,1909,0.14432543342808202,53123,jo_lx_derive
F,94,1909,0.1582629355860612,45456,jo_lx_derive
F,95,1909,0.17291307302284253,38262,jo_lx_derive
F,96,1909,0.18827023952474242,31646,jo_lx_derive
F,97,1909,0.20425879788227963,25688,jo_lx_derive
F,98,1909,0.22087960471601198,20441,jo_lx_derive
F,99,1909,0.23822679894512122,15926,jo_lx_derive
F,100,1909,0.2560171447411803,12132,jo_lx_derive
F,101,1909,0.2746510081985376,9026,jo_lx_derive
F,102,1909,0.29372231556438066,6547,jo_lx_derive
F,103,1909,0.31336505190311414,4624,jo_lx_derive
F,104,1909,0.3338582677165355,3175,jo_lx_derive
F,105,1909,0.35460992907801414,2115,jo_lx_derive
F,106,1909,0.3758241758241758,1365,jo_lx_derive
F,107,1909,0.39906103286384975,852,jo_lx_derive
F,108,1909,0.419921875,512,jo_lx_derive
F,109,1909,0.4444444444444444,297,jo_lx_derive
F,110,1909,0.4666666666666667,165,jo_lx_derive
F,111,1909,0.48863636363636365,88,jo_lx_derive
F,112,1909,0.5111111111111111,45,jo_lx_derive
F,113,1909,0.5454545454545454,22,jo_lx_derive
F,114,1909,0.6,10,jo_lx_derive
F,115,1909,0.5,4,jo_lx_derive
F,116,1909,0.5,2,jo_lx_derive
F,117,1909,1.0,1,jo_fin_table
F,118,1909,1.0,0,jo_fin_table
F,119,1909,1.0,0,jo_fin_table
F,120,1909,1.0,0,jo_fin_table
F,86,1910,0.06355,100000,jo_lx_derive
F,87,1910,0.07160019221528113,93645,jo_lx_derive
F,88,1910,0.08212560386473433,86940,jo_lx_derive
F,89,1910,0.09185463659147874,79800,jo_lx_derive
F,90,1910,0.10382227128466948,72470,jo_lx_derive
F,91,1910,0.1152649893757891,64946,jo_lx_derive
F,92,1910,0.1304037591367908,57460,jo_lx_derive
F,93,1910,0.14355474613244745,49967,jo_lx_derive
F,94,1910,0.15742861148759169,42794,jo_lx_derive
F,95,1910,0.172033169703525,36057,jo_lx_derive
F,96,1910,0.18724459033965302,29854,jo_lx_derive
F,97,1910,0.2031404549950544,24264,jo_lx_derive
F,98,1910,0.2196534781484355,19335,jo_lx_derive
F,99,1910,0.2368107104984093,15088,jo_lx_derive
F,100,1910,0.2545375597047329,11515,jo_lx_derive
F,101,1910,0.27294967381174273,8584,jo_lx_derive
F,102,1910,0.2919403941676013,6241,jo_lx_derive
F,103,1910,0.3116089613034623,4419,jo_lx_derive
F,104,1910,0.331689677843524,3042,jo_lx_derive
F,105,1910,0.35218888342351207,2033,jo_lx_derive
F,106,1910,0.37433561123766135,1317,jo_lx_derive
F,107,1910,0.3956310679611651,824,jo_lx_derive
F,108,1910,0.41767068273092367,498,jo_lx_derive
F,109,1910,0.4413793103448276,290,jo_lx_derive
F,110,1910,0.4629629629629629,162,jo_lx_derive
F,111,1910,0.49425287356321834,87,jo_lx_derive
F,112,1910,0.5,44,jo_lx_derive
F,113,1910,0.5454545454545454,22,jo_lx_derive
F,114,1910,0.6,10,jo_lx_derive
F,115,1910,0.5,4,jo_lx_derive
F,116,1910,0.5,2,jo_lx_derive
F,117,1910,1.0,1,jo_fin_table
F,118,1910,1.0,0,jo_fin_table
F,119,1910,1.0,0,jo_fin_table
F,120,1910,1.0,0,jo_fin_table
F,85,1911,0.05571000000000004,100000,jo_lx_derive
F,86,1911,0.06302089400501965,94429,jo_lx_derive
F,87,1911,0.07104590971766989,88478,jo_lx_derive
F,88,1911,0.08151644928946855,82192,jo_lx_derive
F,89,1911,0.09122820961161449,75492,jo_lx_derive
F,90,1911,0.10315574666569494,68605,jo_lx_derive
F,91,1911,0.11456572617344951,61528,jo_lx_derive
F,92,1911,0.12964628572477466,54479,jo_lx_derive
F,93,1911,0.14277880884089755,47416,jo_lx_derive
F,94,1911,0.15657137233676133,40646,jo_lx_derive
F,95,1911,0.17105186395192817,34282,jo_lx_derive
F,96,1911,0.1861496234780773,28418,jo_lx_derive
F,97,1911,0.20191975095122794,23128,jo_lx_derive
F,98,1911,0.21833351392350198,18458,jo_lx_derive
F,99,1911,0.23537565844191854,14428,jo_lx_derive
F,100,1911,0.25299129804205944,11032,jo_lx_derive
F,101,1911,0.2712049508554787,8241,jo_lx_derive
F,102,1911,0.29004329004329,6006,jo_lx_derive
F,103,1911,0.3095684803001876,4264,jo_lx_derive
F,104,1911,0.3298233695652174,2944,jo_lx_derive
F,105,1911,0.35022807906741005,1973,jo_lx_derive
F,106,1911,0.37129485179407173,1282,jo_lx_derive
F,107,1911,0.3933002481389578,806,jo_lx_derive
F,108,1911,0.4151329243353783,489,jo_lx_derive
F,109,1911,0.4370629370629371,286,jo_lx_derive
F,110,1911,0.45962732919254656,161,jo_lx_derive
F,111,1911,0.48275862068965514,87,jo_lx_derive
F,112,1911,0.5111111111111111,45,jo_lx_derive
F,113,1911,0.5454545454545454,22,jo_lx_derive
F,114,1911,0.6,10,jo_lx_derive
F,115,1911,0.5,4,jo_lx_derive
F,116,1911,0.5,2,jo_lx_derive
F,117,1911,1.0,1,jo_fin_table
F,118,1911,1.0,0,jo_fin_table
F,119,1911,1.0,0,jo_fin_table
F,120,1911,1.0,0,jo_fin_table
F,84,1912,0.04883000000000004,100000,jo_lx_derive
F,85,1912,0.055226720775465976,95117,jo_lx_derive
F,86,1912,0.06250556396332241,89864,jo_lx_derive
F,87,1912,0.07048322195449097,84247,jo_lx_derive
F,88,1912,0.0809230101265499,78309,jo_lx_derive
F,89,1912,0.09059078530539655,71972,jo_lx_derive
F,90,1912,0.1024873189512926,65452,jo_lx_derive
F,91,1912,0.1138669481138499,58744,jo_lx_derive
F,92,1912,0.12890212275477864,52055,jo_lx_derive
F,93,1912,0.14195611423530707,45345,jo_lx_derive
F,94,1912,0.15564922381001334,38908,jo_lx_derive
F,95,1912,0.17000487032752953,32852,jo_lx_derive
F,96,1912,0.18502218799281178,27267,jo_lx_derive
F,97,1912,0.2006570065700657,22222,jo_lx_derive
F,98,1912,0.21691155773236503,17763,jo_lx_derive
F,99,1912,0.23386053199137313,13910,jo_lx_derive
F,100,1912,0.25129023177254384,10657,jo_lx_derive
F,101,1912,0.2694573254793834,7979,jo_lx_derive
F,102,1912,0.28821410190427177,5829,jo_lx_derive
F,103,1912,0.3075439865027717,4149,jo_lx_derive
F,104,1912,0.3275321963104768,2873,jo_lx_derive
F,105,1912,0.34782608695652173,1932,jo_lx_derive
F,106,1912,0.36904761904761907,1260,jo_lx_derive
F,107,1912,0.389937106918239,795,jo_lx_derive
F,108,1912,0.41237113402061853,485,jo_lx_derive
F,109,1912,0.43508771929824563,285,jo_lx_derive
F,110,1912,0.45962732919254656,161,jo_lx_derive
F,111,1912,0.48275862068965514,87,jo_lx_derive
F,112,1912,0.5111111111111111,45,jo_lx_derive
F,113,1912,0.5454545454545454,22,jo_lx_derive
F,114,1912,0.5,10,jo_lx_derive
F,115,1912,0.6,5,jo_lx_derive
F,116,1912,0.5,2,jo_lx_derive
F,117,1912,1.0,1,jo_fin_table
F,118,1912,1.0,0,jo_fin_table
F,119,1912,1.0,0,jo_fin_table
F,120,1912,1.0,0,jo_fin_table
F,83,1913,0.04235999999999995,100000,jo_lx_derive
F,84,1913,0.04838979157094525,95764,jo_lx_derive
F,85,1913,0.05475694063425873,91130,jo_lx_derive
F,86,1913,0.061992105874158376,86140,jo_lx_derive
F,87,1913,0.06993811881188117,80800,jo_lx_derive
F,88,1913,0.08032043007890988,75149,jo_lx_derive
F,89,1913,0.08996860214431435,69113,jo_lx_derive
F,90,1913,0.10182049447491848,62895,jo_lx_derive
F,91,1913,0.11316846931369595,56491,jo_lx_derive
F,92,1913,0.12812886741985707,50098,jo_lx_derive
F,93,1913,0.14105176400558617,43679,jo_lx_derive
F,94,1913,0.15464577003038538,37518,jo_lx_derive
F,95,1913,0.1689052843990415,31716,jo_lx_derive
F,96,1913,0.18377024925073027,26359,jo_lx_derive
F,97,1913,0.19934929119219147,21515,jo_lx_derive
F,98,1913,0.21543016370602575,17226,jo_lx_derive
F,99,1913,0.23226045135035145,13515,jo_lx_derive
F,100,1913,0.24971087124132618,10376,jo_lx_derive
F,101,1913,0.26756583172768145,7785,jo_lx_derive
F,102,1913,0.28621536303051565,5702,jo_lx_derive
F,103,1913,0.3054054054054054,4070,jo_lx_derive
F,104,1913,0.325433321542271,2827,jo_lx_derive
F,105,1913,0.3455689564761405,1907,jo_lx_derive
F,106,1913,0.36618589743589747,1248,jo_lx_derive
F,107,1913,0.38811630847029077,791,jo_lx_derive
F,108,1913,0.40909090909090906,484,jo_lx_derive
F,109,1913,0.43356643356643354,286,jo_lx_derive
F,110,1913,0.45679012345679015,162,jo_lx_derive
F,111,1913,0.4772727272727273,88,jo_lx_derive
F,112,1913,0.5,46,jo_lx_derive
F,113,1913,0.5217391304347826,23,jo_lx_derive
F,114,1913,0.5454545454545454,11,jo_lx_derive
F,115,1913,0.6,5,jo_lx_derive
F,116,1913,0.5,2,jo_lx_derive
F,117,1913,1.0,1,jo_fin_table
F,118,1913,1.0,0,jo_fin_table
F,119,1913,1.0,0,jo_fin_table
F,120,1913,1.0,0,jo_fin_table
F,82,1914,0.03661000000000003,100000,jo_lx_derive
F,83,1914,0.041976769532588,96339,jo_lx_derive
F,84,1914,0.04795492713581451,92295,jo_lx_derive
F,85,1914,0.054285356610408675,87869,jo_lx_derive
F,86,1914,0.06148088424650111,83099,jo_lx_derive
F,87,1914,0.06938068983202972,77990,jo_lx_derive
F,88,1914,0.07974758538971327,72579,jo_lx_derive
F,89,1914,0.0893383839140004,66791,jo_lx_derive
F,90,1914,0.10116072602919901,60824,jo_lx_derive
F,91,1914,0.11243620932487064,54671,jo_lx_derive
F,92,1914,0.1272772236419092,48524,jo_lx_derive
F,93,1914,0.140101067346746,42348,jo_lx_derive
F,94,1914,0.15359055334340244,36415,jo_lx_derive
F,95,1914,0.1677373304782298,30822,jo_lx_derive
F,96,1914,0.18248089817558089,25652,jo_lx_derive
F,97,1914,0.19794001239807357,20971,jo_lx_derive
F,98,1914,0.21397146254458976,16820,jo_lx_derive
F,99,1914,0.23061795628167314,13221,jo_lx_derive
F,100,1914,0.2479355092410539,10172,jo_lx_derive
F,101,1914,0.26575163398692814,7650,jo_lx_derive
F,102,1914,0.2843154708919352,5617,jo_lx_derive
F,103,1914,0.30323383084577116,4020,jo_lx_derive
F,104,1914,0.3227418779007497,2801,jo_lx_derive
F,105,1914,0.34317343173431736,1897,jo_lx_derive
F,106,1914,0.3635634028892456,1246,jo_lx_derive
F,107,1914,0.3858764186633039,793,jo_lx_derive
F,108,1914,0.4065708418891171,487,jo_lx_derive
F,109,1914,0.4290657439446367,289,jo_lx_derive
F,110,1914,0.4545454545454546,165,jo_lx_derive
F,111,1914,0.47777777777777775,90,jo_lx_derive
F,112,1914,0.4893617021276596,47,jo_lx_derive
F,113,1914,0.5416666666666667,24,jo_lx_derive
F,114,1914,0.5454545454545454,11,jo_lx_derive
F,115,1914,0.6,5,jo_lx_derive
F,116,1914,0.5,2,jo_lx_derive
F,117,1914,1.0,1,jo_fin_table
F,118,1914,1.0,0,jo_fin_table
F,119,1914,1.0,0,jo_fin_table
F,120,1914,1.0,0,jo_fin_table
F,81,1915,0.03154000000000001,100000,jo_lx_derive
F,82,1915,0.03626375895752021,96846,jo_lx_derive
F,83,1915,0.04159256005314249,93334,jo_lx_derive
F,84,1915,0.04752269373518758,89452,jo_lx_derive
F,85,1915,0.05381392237180316,85201,jo_lx_derive
F,86,1915,0.060980450530911945,80616,jo_lx_derive
F,87,1915,0.06883751651254955,75700,jo_lx_derive
F,88,1915,0.07916128757678498,70489,jo_lx_derive
F,89,1915,0.08872421389945928,64909,jo_lx_derive
F,90,1915,0.10045646661031271,59150,jo_lx_derive
F,91,1915,0.11165614193354378,53208,jo_lx_derive
F,92,1915,0.12636723295322316,47267,jo_lx_derive
F,93,1915,0.13910011139632872,41294,jo_lx_derive
F,94,1915,0.15246132208157526,35550,jo_lx_derive
F,95,1915,0.16651178227680052,30130,jo_lx_derive
F,96,1915,0.18114124158802214,25113,jo_lx_derive
F,97,1915,0.1964598327173701,20564,jo_lx_derive
F,98,1915,0.2124183006535948,16524,jo_lx_derive
F,99,1915,0.22890733056708157,13014,jo_lx_derive
F,100,1915,0.24613851519681118,10035,jo_lx_derive
F,101,1915,0.26384666226040976,7565,jo_lx_derive
F,102,1915,0.2820973244747711,5569,jo_lx_derive
F,103,1915,0.3011505752876438,3998,jo_lx_derive
F,104,1915,0.32068718682891906,2794,jo_lx_derive
F,105,1915,0.34035827186512113,1898,jo_lx_derive
F,106,1915,0.36182108626198084,1252,jo_lx_derive
F,107,1915,0.3817271589486858,799,jo_lx_derive
F,108,1915,0.40485829959514175,494,jo_lx_derive
F,109,1915,0.4251700680272109,294,jo_lx_derive
F,110,1915,0.4497041420118343,169,jo_lx_derive
F,111,1915,0.4731182795698925,93,jo_lx_derive
F,112,1915,0.4897959183673469,49,jo_lx_derive
F,113,1915,0.52,25,jo_lx_derive
F,114,1915,0.5833333333333333,12,jo_lx_derive
F,115,1915,0.6,5,jo_lx_derive
F,116,1915,0.5,2,jo_lx_derive
F,117,1915,1.0,1,jo_fin_table
F,118,1915,1.0,0,jo_fin_table
F,119,1915,1.0,0,jo_fin_table
F,120,1915,1.0,0,jo_fin_table
F,80,1916,0.027220000000000022,100000,jo_lx_derive
F,81,1916,0.031230082855321806,97278,jo_lx_derive
F,82,1916,0.03592954159592532,94240,jo_lx_derive
F,83,1916,0.041208972637418295,90854,jo_lx_derive
F,84,1916,0.04710136608885318,87110,jo_lx_derive
F,85,1916,0.05334489862300773,83007,jo_lx_derive
F,86,1916,0.06047417248883291,78579,jo_lx_derive
F,87,1916,0.06830834247632978,73827,jo_lx_derive
F,88,1916,0.07856478250755994,68784,jo_lx_derive
F,89,1916,0.08807194698643106,63380,jo_lx_derive
F,90,1916,0.09970933250285474,57798,jo_lx_derive
F,91,1916,0.11082924954357642,52035,jo_lx_derive
F,92,1916,0.1253782311748941,46268,jo_lx_derive
F,93,1916,0.13803840166061232,40467,jo_lx_derive
F,94,1916,0.15128580029242278,34881,jo_lx_derive
F,95,1916,0.16521416024861502,29604,jo_lx_derive
F,96,1916,0.17978391939465055,24713,jo_lx_derive
F,97,1916,0.19496793290577208,20270,jo_lx_derive
F,98,1916,0.210810148302488,16318,jo_lx_derive
F,99,1916,0.22720919397421957,12878,jo_lx_derive
F,100,1916,0.24427250803858525,9952,jo_lx_derive
F,101,1916,0.26180029251429326,7521,jo_lx_derive
F,102,1916,0.28007925072046114,5552,jo_lx_derive
F,103,1916,0.29897423067300477,3997,jo_lx_derive
F,104,1916,0.3179871520342612,2802,jo_lx_derive
F,105,1916,0.33804290947148086,1911,jo_lx_derive
F,106,1916,0.3588932806324111,1265,jo_lx_derive
F,107,1916,0.3797780517879161,811,jo_lx_derive
F,108,1916,0.40159045725646125,503,jo_lx_derive
F,109,1916,0.4219269102990033,301,jo_lx_derive
F,110,1916,0.4482758620689655,174,jo_lx_derive
F,111,1916,0.46875,96,jo_lx_derive
F,112,1916,0.4901960784313726,51,jo_lx_derive
F,113,1916,0.5,26,jo_lx_derive
F,114,1916,0.5384615384615384,13,jo_lx_derive
F,115,1916,0.5,6,jo_lx_derive
F,116,1916,0.6666666666666667,3,jo_lx_derive
F,117,1916,1.0,1,jo_fin_table
F,118,1916,1.0,0,jo_fin_table
F,119,1916,1.0,0,jo_fin_table
F,120,1916,1.0,0,jo_fin_table
F,79,1917,0.02371000000000001,100000,jo_lx_derive
F,80,1917,0.02694895983775314,97629,jo_lx_derive
F,81,1917,0.030948019958314865,94998,jo_lx_derive
F,82,1917,0.03558626083556016,92058,jo_lx_derive
F,83,1917,0.04081908494965192,88782,jo_lx_derive
F,84,1917,0.04667793982949342,85158,jo_lx_derive
F,85,1917,0.05289284702462338,81183,jo_lx_derive
F,86,1917,0.059969566517967476,76889,jo_lx_derive
F,87,1917,0.0677799607072691,72278,jo_lx_derive
F,88,1917,0.07794713486397842,67379,jo_lx_derive
F,89,1917,0.087369420702754,62127,jo_lx_derive
F,90,1917,0.09889063299176348,56699,jo_lx_derive
F,91,1917,0.1099389336882487,51092,jo_lx_derive
F,92,1917,0.12437603078614623,45475,jo_lx_derive
F,93,1917,0.13689444737436907,39819,jo_lx_derive
F,94,1917,0.15005237430167595,34368,jo_lx_derive
F,95,1917,0.16391085549964057,29211,jo_lx_derive
F,96,1917,0.17835646726446386,24423,jo_lx_derive
F,97,1917,0.1934021029551004,20067,jo_lx_derive
F,98,1917,0.20913134807858647,16186,jo_lx_derive
F,99,1917,0.22545113662995075,12801,jo_lx_derive
F,100,1917,0.2423600605143722,9915,jo_lx_derive
F,101,1917,0.25985090521831733,7512,jo_lx_derive
F,102,1917,0.27787769784172667,5560,jo_lx_derive
F,103,1917,0.29663760896637614,4015,jo_lx_derive
F,104,1917,0.3158640226628895,2824,jo_lx_derive
F,105,1917,0.3354037267080745,1932,jo_lx_derive
F,106,1917,0.3559190031152648,1284,jo_lx_derive
F,107,1917,0.37726723095525994,827,jo_lx_derive
F,108,1917,0.3980582524271845,515,jo_lx_derive
F,109,1917,0.4193548387096774,310,jo_lx_derive
F,110,1917,0.4444444444444444,180,jo_lx_derive
F,111,1917,0.45999999999999996,100,jo_lx_derive
F,112,1917,0.5,54,jo_lx_derive
F,113,1917,0.5185185185185186,27,jo_lx_derive
F,114,1917,0.5384615384615384,13,jo_lx_derive
F,115,1917,0.5,6,jo_lx_derive
F,116,1917,0.6666666666666667,3,jo_lx_derive
F,117,1917,1.0,1,jo_fin_table
F,118,1917,1.0,0,jo_fin_table
F,119,1917,1.0,0,jo_fin_table
F,120,1917,1.0,0,jo_fin_table
F,78,1918,0.020580000000000043,100000,jo_lx_derive
F,79,1918,0.02347307590206449,97942,jo_lx_derive
F,80,1918,0.026693014648223046,95643,jo_lx_derive
F,81,1918,0.030647760232033527,93090,jo_lx_derive
F,82,1918,0.035251615191107866,90237,jo_lx_derive
F,83,1918,0.04044523065612937,87056,jo_lx_derive
F,84,1918,0.04626803136409885,83535,jo_lx_derive
F,85,1918,0.052428768670766956,79670,jo_lx_derive
F,86,1918,0.05947571298001142,75493,jo_lx_derive
F,87,1918,0.06720842781290937,71003,jo_lx_derive
F,88,1918,0.07727499207319832,66231,jo_lx_derive
F,89,1918,0.08661005023481094,61113,jo_lx_derive
F,90,1918,0.09802938015048368,55820,jo_lx_derive
F,91,1918,0.10898148883768966,50348,jo_lx_derive
F,92,1918,0.12331423731080449,44861,jo_lx_derive
F,93,1918,0.1357268173612347,39329,jo_lx_derive
F,94,1918,0.14880409520167104,33991,jo_lx_derive
F,95,1918,0.1625133930114402,28933,jo_lx_derive
F,96,1918,0.17688085510296725,24231,jo_lx_derive
F,97,1918,0.19182752569566308,19945,jo_lx_derive
F,98,1918,0.20745703827780881,16119,jo_lx_derive
F,99,1918,0.22363992172211355,12775,jo_lx_derive
F,100,1918,0.24037104254890096,9918,jo_lx_derive
F,101,1918,0.2577647995752588,7534,jo_lx_derive
F,102,1918,0.27575107296137336,5592,jo_lx_derive
F,103,1918,0.294320987654321,4050,jo_lx_derive
F,104,1918,0.31350594821553535,2858,jo_lx_derive
F,105,1918,0.3328236493374108,1962,jo_lx_derive
F,106,1918,0.3529411764705882,1309,jo_lx_derive
F,107,1918,0.37426210153482886,847,jo_lx_derive
F,108,1918,0.39433962264150946,530,jo_lx_derive
F,109,1918,0.41744548286604366,321,jo_lx_derive
F,110,1918,0.4385026737967914,187,jo_lx_derive
F,111,1918,0.4571428571428572,105,jo_lx_derive
F,112,1918,0.49122807017543857,57,jo_lx_derive
F,113,1918,0.5172413793103448,29,jo_lx_derive
F,114,1918,0.5,14,jo_lx_derive
F,115,1918,0.5714285714285714,7,jo_lx_derive
F,116,1918,0.6666666666666667,3,jo_lx_derive
F,117,1918,1.0,1,jo_fin_table
F,118,1918,1.0,0,jo_fin_table
F,119,1918,1.0,0,jo_fin_table
F,120,1918,1.0,0,jo_fin_table
F,77,1919,0.01820999999999995,100000,jo_lx_derive
F,78,1919,0.02038114056977558,98179,jo_lx_derive
F,79,1919,0.02324855996173758,96178,jo_lx_derive
F,80,1919,0.02643120223116391,93942,jo_lx_derive
F,81,1919,0.030352398342426645,91459,jo_lx_derive
F,82,1919,0.03492213840307612,88683,jo_lx_derive
F,83,1919,0.04007664804991473,85586,jo_lx_derive
F,84,1919,0.045851794147719005,82156,jo_lx_derive
F,85,1919,0.05197157764482263,78389,jo_lx_derive
F,86,1919,0.05895175940254327,74315,jo_lx_derive
F,87,1919,0.06659135756570478,69934,jo_lx_derive
F,88,1919,0.076535379996017,65277,jo_lx_derive
F,89,1919,0.08579817853054861,60281,jo_lx_derive
F,90,1919,0.09711662341904226,55109,jo_lx_derive
F,91,1919,0.10802500150732564,49757,jo_lx_derive
F,92,1919,0.12218917579198774,44382,jo_lx_derive
F,93,1919,0.1345003721861444,38959,jo_lx_derive
F,94,1919,0.14751327144933124,33719,jo_lx_derive
F,95,1919,0.16110627935293098,28745,jo_lx_derive
F,96,1919,0.17533383096956123,24114,jo_lx_derive
F,97,1919,0.1902343357135673,19886,jo_lx_derive
F,98,1919,0.20567596100105567,16103,jo_lx_derive
F,99,1919,0.22179657571730127,12791,jo_lx_derive
F,100,1919,0.23849708659835245,9954,jo_lx_derive
F,101,1919,0.2556728232189973,7580,jo_lx_derive
F,102,1919,0.2734845799361928,5642,jo_lx_derive
F,103,1919,0.2920224444986582,4099,jo_lx_derive
F,104,1919,0.3108201240523777,2902,jo_lx_derive
F,105,1919,0.3305,2000,jo_lx_derive
F,106,1919,0.3502613890963405,1339,jo_lx_derive
F,107,1919,0.37126436781609196,870,jo_lx_derive
F,108,1919,0.3912248628884827,547,jo_lx_derive
F,109,1919,0.4144144144144144,333,jo_lx_derive
F,110,1919,0.4358974358974359,195,jo_lx_derive
F,111,1919,0.4545454545454546,110,jo_lx_derive
F,112,1919,0.4833333333333333,60,jo_lx_derive
F,113,1919,0.5161290322580645,31,jo_lx_derive
F,114,1919,0.5333333333333333,15,jo_lx_derive
F,115,1919,0.5714285714285714,7,jo_lx_derive
F,116,1919,0.6666666666666667,3,jo_lx_derive
F,117,1919,0.0,1,jo_lx_derive
F,118,1919,1.0,1,jo_fin_table
F,119,1919,1.0,0,jo_fin_table
F,120,1919,1.0,0,jo_fin_table
F,76,1920,0.015619999999999967,100000,jo_lx_derive
F,77,1920,0.018031654442390188,98438,jo_lx_derive
F,78,1920,0.020183524202642134,96663,jo_lx_derive
F,79,1920,0.02302770504265561,94712,jo_lx_derive
F,80,1920,0.02617501161772806,92531,jo_lx_derive
F,81,1920,0.030063589652531975,90109,jo_lx_derive
F,82,1920,0.03458810068649887,87400,jo_lx_derive
F,83,1920,0.03970276260118277,84377,jo_lx_derive
F,84,1920,0.04544164290915376,81027,jo_lx_derive
F,85,1920,0.051496541470036794,77345,jo_lx_derive
F,86,1920,0.05838172350808324,73362,jo_lx_derive
F,87,1920,0.06591004502091813,69079,jo_lx_derive
F,88,1920,0.07575240988128817,64526,jo_lx_derive
F,89,1920,0.08494583990073445,59638,jo_lx_derive
F,90,1920,0.09616653228762007,54572,jo_lx_derive
F,91,1920,0.10698645689725084,49324,jo_lx_derive
F,92,1920,0.12102980906758687,44047,jo_lx_derive
F,93,1920,0.1332782312222337,38716,jo_lx_derive
F,94,1920,0.14614375968530213,33556,jo_lx_derive
F,95,1920,0.15967471729722182,28652,jo_lx_derive
F,96,1920,0.17377580263321846,24077,jo_lx_derive
F,97,1920,0.1885587895239531,19893,jo_lx_derive
F,98,1920,0.20394003221409984,16142,jo_lx_derive
F,99,1920,0.2199221789883269,12850,jo_lx_derive
F,100,1920,0.23643256185155626,10024,jo_lx_derive
F,101,1920,0.2535928926051738,7654,jo_lx_derive
F,102,1920,0.2713110449851217,5713,jo_lx_derive
F,103,1920,0.2894547201537353,4163,jo_lx_derive
F,104,1920,0.30831643002028397,2958,jo_lx_derive
F,105,1920,0.32795698924731187,2046,jo_lx_derive
F,106,1920,0.34763636363636363,1375,jo_lx_derive
F,107,1920,0.36789297658862874,897,jo_lx_derive
F,108,1920,0.3880070546737213,567,jo_lx_derive
F,109,1920,0.41210374639769454,347,jo_lx_derive
F,110,1920,0.43137254901960786,204,jo_lx_derive
F,111,1920,0.4568965517241379,116,jo_lx_derive
F,112,1920,0.47619047619047616,63,jo_lx_derive
F,113,1920,0.48484848484848486,33,jo_lx_derive
F,114,1920,0.5294117647058824,17,jo_lx_derive
F,115,1920,0.5,8,jo_lx_derive
F,116,1920,0.5,4,jo_lx_derive
F,117,1920,0.5,2,jo_lx_derive
F,118,1920,1.0,1,jo_fin_table
F,119,1920,1.0,0,jo_fin_table
F,120,1920,1.0,0,jo_fin_table
F,75,1921,0.013719999999999954,100000,jo_lx_derive
F,76,1921,0.015472279677170797,98628,jo_lx_derive
F,77,1921,0.017857510658894737,97102,jo_lx_derive
F,78,1921,0.019985739451388262,95368,jo_lx_derive
F,79,1921,0.02280071044916654,93462,jo_lx_derive
F,80,1921,0.02592766968499194,91331,jo_lx_derive
F,81,1921,0.029765183278441576,88963,jo_lx_derive
F,82,1921,0.03426982563864911,86315,jo_lx_derive
F,83,1921,0.03933682834075125,83357,jo_lx_derive
F,84,1921,0.045006119033941916,80078,jo_lx_derive
F,85,1921,0.05095849569788424,76474,jo_lx_derive
F,86,1921,0.05774556677735365,72577,jo_lx_derive
F,87,1921,0.06520340420553916,68386,jo_lx_derive
F,88,1921,0.07492921613715642,63927,jo_lx_derive
F,89,1921,0.08404213943892991,59137,jo_lx_derive
F,90,1921,0.0951871065408828,54167,jo_lx_derive
F,91,1921,0.10593540225663622,49011,jo_lx_derive
F,92,1921,0.11983386202332325,43819,jo_lx_derive
F,93,1921,0.13197469404687823,38568,jo_lx_derive
F,94,1921,0.14478164764920243,33478,jo_lx_derive
F,95,1921,0.1581851838915861,28631,jo_lx_derive
F,96,1921,0.17222637125549745,24102,jo_lx_derive
F,97,1921,0.18685780161395416,19951,jo_lx_derive
F,98,1921,0.20212044627997283,16223,jo_lx_derive
F,99,1921,0.21801606922126082,12944,jo_lx_derive
F,100,1921,0.23443983402489632,10122,jo_lx_derive
F,101,1921,0.2513872757775196,7749,jo_lx_derive
F,102,1921,0.2690915359420789,5801,jo_lx_derive
F,103,1921,0.2870283018867924,4240,jo_lx_derive
F,104,1921,0.30598742970559045,3023,jo_lx_derive
F,105,1921,0.325071496663489,2098,jo_lx_derive
F,106,1921,0.34463276836158196,1416,jo_lx_derive
F,107,1921,0.36530172413793105,928,jo_lx_derive
F,108,1921,0.3853989813242784,589,jo_lx_derive
F,109,1921,0.40607734806629836,362,jo_lx_derive
F,110,1921,0.4279069767441861,215,jo_lx_derive
F,111,1921,0.4552845528455285,123,jo_lx_derive
F,112,1921,0.4776119402985075,67,jo_lx_derive
F,113,1921,0.48571428571428577,35,jo_lx_derive
F,114,1921,0.5,18,jo_lx_derive
F,115,1921,0.5555555555555556,9,jo_lx_derive
F,116,1921,0.5,4,jo_lx_derive
F,117,1921,0.5,2,jo_lx_derive
F,118,1921,1.0,1,jo_fin_table
F,119,1921,1.0,0,jo_fin_table
F,120,1921,1.0,0,jo_fin_table
F,74,1922,0.01193999999999995,100000,jo_lx_derive
F,75,1922,0.01358217112321114,98806,jo_lx_derive
F,76,1922,0.015328736764343764,97464,jo_lx_derive
F,77,1922,0.017682609148692352,95970,jo_lx_derive
F,78,1922,0.019793578224942432,94273,jo_lx_derive
F,79,1922,0.022574047420649945,92407,jo_lx_derive
F,80,1922,0.025675092171255853,90321,jo_lx_derive
F,81,1922,0.029487966182586756,88002,jo_lx_derive
F,82,1922,0.03394335358928424,85407,jo_lx_derive
F,83,1922,0.03895379841954716,82508,jo_lx_derive
F,84,1922,0.044505258909879664,79294,jo_lx_derive
F,85,1922,0.05037946281264438,75765,jo_lx_derive
F,86,1922,0.05708289320064486,71948,jo_lx_derive
F,87,1922,0.06444480476408077,67841,jo_lx_derive
F,88,1922,0.07405189935243972,63469,jo_lx_derive
F,89,1922,0.08310503837056948,58769,jo_lx_derive
F,90,1922,0.09416349633478704,53885,jo_lx_derive
F,91,1922,0.10485341418942451,48811,jo_lx_derive
F,92,1922,0.11862312040830336,43693,jo_lx_derive
F,93,1922,0.13066735912749938,38510,jo_lx_derive
F,94,1922,0.14334787024314477,33478,jo_lx_derive
F,95,1922,0.15666515568883155,28679,jo_lx_derive
F,96,1922,0.17063590506904824,24186,jo_lx_derive
F,97,1922,0.18515379630091233,20059,jo_lx_derive
F,98,1922,0.20030590394616088,16345,jo_lx_derive
F,99,1922,0.21605079947976435,13071,jo_lx_derive
F,100,1922,0.23236069093393186,10247,jo_lx_derive
F,101,1922,0.24917365878464282,7866,jo_lx_derive
F,102,1922,0.2668472739586861,5906,jo_lx_derive
F,103,1922,0.28452655889145495,4330,jo_lx_derive
F,104,1922,0.3034215622982569,3098,jo_lx_derive
F,105,1922,0.3220574606116775,2158,jo_lx_derive
F,106,1922,0.342447026657553,1463,jo_lx_derive
F,107,1922,0.36174636174636177,962,jo_lx_derive
F,108,1922,0.3827361563517915,614,jo_lx_derive
F,109,1922,0.4036939313984169,379,jo_lx_derive
F,110,1922,0.4247787610619469,226,jo_lx_derive
F,111,1922,0.4461538461538461,130,jo_lx_derive
F,112,1922,0.4722222222222222,72,jo_lx_derive
F,113,1922,0.5,38,jo_lx_derive
F,114,1922,0.5263157894736843,19,jo_lx_derive
F,115,1922,0.5555555555555556,9,jo_lx_derive
F,116,1922,0.5,4,jo_lx_derive
F,117,1922,0.5,2,jo_lx_derive
F,118,1922,1.0,1,jo_fin_table
F,119,1922,1.0,0,jo_fin_table
F,120,1922,1.0,0,jo_fin_table
F,73,1923,0.010539999999999994,100000,jo_lx_derive
F,74,1923,0.011824631617245784,98946,jo_lx_derive
F,75,1923,0.01345933562428403,97776,jo_lx_derive
F,76,1923,0.015177275554633995,96460,jo_lx_derive
F,77,1923,0.01751652701166362,94996,jo_lx_derive
F,78,1923,0.019596708524407536,93332,jo_lx_derive
F,79,1923,0.022359922625487694,91503,jo_lx_derive
F,80,1923,0.025420034206378506,89457,jo_lx_derive
F,81,1923,0.029214411066377566,87183,jo_lx_derive
F,82,1923,0.033590906942672194,84636,jo_lx_derive
F,83,1923,0.038524079077671636,81793,jo_lx_derive
F,84,1923,0.04397141476564681,78642,jo_lx_derive
F,85,1923,0.049757927218557096,75184,jo_lx_derive
F,86,1923,0.056366613943983346,71443,jo_lx_derive
F,87,1923,0.06364957873501842,67416,jo_lx_derive
F,88,1923,0.07315643564356433,63125,jo_lx_derive
F,89,1923,0.0821440169552361,58507,jo_lx_derive
F,90,1923,0.0931081357889052,53701,jo_lx_derive
F,91,1923,0.10373503624155567,48701,jo_lx_derive
F,92,1923,0.11736809548901461,43649,jo_lx_derive
F,93,1923,0.12931526761148315,38526,jo_lx_derive
F,94,1923,0.14193298354400186,33544,jo_lx_derive
F,95,1923,0.15512628982385435,28783,jo_lx_derive
F,96,1923,0.16896948762233732,24318,jo_lx_derive
F,97,1923,0.18343312385570787,20209,jo_lx_derive
F,98,1923,0.1984607926311962,16502,jo_lx_derive
F,99,1923,0.21403190443789222,13227,jo_lx_derive
F,100,1923,0.23028087726048485,10396,jo_lx_derive
F,101,1923,0.24706323419145215,8002,jo_lx_derive
F,102,1923,0.2643983402489627,6025,jo_lx_derive
F,103,1923,0.2822653429602888,4432,jo_lx_derive
F,104,1923,0.3005344231373782,3181,jo_lx_derive
F,105,1923,0.31955056179775276,2225,jo_lx_derive
F,106,1923,0.3394980184940555,1514,jo_lx_derive
F,107,1923,0.359,1000,jo_lx_derive
F,108,1923,0.3790951638065523,641,jo_lx_derive
F,109,1923,0.39949748743718594,398,jo_lx_derive
F,110,1923,0.4225941422594143,239,jo_lx_derive
F,111,1923,0.44202898550724634,138,jo_lx_derive
F,112,1923,0.4675324675324676,77,jo_lx_derive
F,113,1923,0.4878048780487805,41,jo_lx_derive
F,114,1923,0.5238095238095238,21,jo_lx_derive
F,115,1923,0.5,10,jo_lx_derive
F,116,1923,0.6,5,jo_lx_derive
F,117,1923,0.5,2,jo_lx_derive
F,118,1923,1.0,1,jo_fin_table
F,119,1923,1.0,0,jo_fin_table
F,120,1923,1.0,0,jo_fin_table
F,72,1924,0.009120000000000017,100000,jo_lx_derive
F,73,1924,0.010445260778298104,99088,jo_lx_derive
F,74,1924,0.011707953861686993,98053,jo_lx_derive
F,75,1924,0.01333264537433565,96905,jo_lx_derive
F,76,1924,0.015029337014841104,95613,jo_lx_derive
F,77,1924,0.017350492694529374,94176,jo_lx_derive
F,78,1924,0.019396598301311796,92542,jo_lx_derive
F,79,1924,0.02214949254520815,90747,jo_lx_derive
F,80,1924,0.0251755186675231,88737,jo_lx_derive
F,81,1924,0.028912292059234956,86503,jo_lx_derive
F,82,1924,0.03321349491678771,84002,jo_lx_derive
F,83,1924,0.038036250800374316,81212,jo_lx_derive
F,84,1924,0.04340591119132653,78123,jo_lx_derive
F,85,1924,0.049095434352084744,74732,jo_lx_derive
F,86,1924,0.05561262541688361,71063,jo_lx_derive
F,87,1924,0.06285109743559181,67111,jo_lx_derive
F,88,1924,0.07221789388326205,62893,jo_lx_derive
F,89,1924,0.0811468526674779,58351,jo_lx_derive
F,90,1924,0.09202476872575349,53616,jo_lx_derive
F,91,1924,0.10258411733289508,48682,jo_lx_derive
F,92,1924,0.11609595312213883,43688,jo_lx_derive
F,93,1924,0.12797804019059456,38616,jo_lx_derive
F,94,1924,0.14046445328740276,33674,jo_lx_derive
F,95,1924,0.15357241569928137,28944,jo_lx_derive
F,96,1924,0.1673129515490428,24499,jo_lx_derive
F,97,1924,0.18161764705882355,20400,jo_lx_derive
F,98,1924,0.196585804132974,16695,jo_lx_derive
F,99,1924,0.21210765675091325,13413,jo_lx_derive
F,100,1924,0.2281415594246783,10568,jo_lx_derive
F,101,1924,0.24482039965673652,8157,jo_lx_derive
F,102,1924,0.26201298701298703,6160,jo_lx_derive
F,103,1924,0.27980642322921245,4546,jo_lx_derive
F,104,1924,0.29810629199755656,3274,jo_lx_derive
F,105,1924,0.3167972149695387,2298,jo_lx_derive
F,106,1924,0.33630573248407647,1570,jo_lx_derive
F,107,1924,0.3560460652591171,1042,jo_lx_derive
F,108,1924,0.37555886736214605,671,jo_lx_derive
F,109,1924,0.3985680190930787,419,jo_lx_derive
F,110,1924,0.41666666666666663,252,jo_lx_derive
F,111,1924,0.44217687074829937,147,jo_lx_derive
F,112,1924,0.46341463414634143,82,jo_lx_derive
F,113,1924,0.4772727272727273,44,jo_lx_derive
F,114,1924,0.5217391304347826,23,jo_lx_derive
F,115,1924,0.5454545454545454,11,jo_lx_derive
F,116,1924,0.6,5,jo_lx_derive
F,117,1924,0.5,2,jo_lx_derive
F,118,1924,1.0,1,jo_fin_table
F,119,1924,1.0,0,jo_fin_table
F,120,1924,1.0,0,jo_fin_table
F,71,1925,0.008279999999999954,100000,jo_lx_derive
F,72,1925,0.009034808211995315,99172,jo_lx_derive
F,73,1925,0.01034840652855229,98276,jo_lx_derive
F,74,1925,0.011597898395007133,97259,jo_lx_derive
F,75,1925,0.013211138966618519,96131,jo_lx_derive
F,76,1925,0.014884936907685997,94861,jo_lx_derive
F,77,1925,0.017175143661248393,93449,jo_lx_derive
F,78,1925,0.0192173685815078,91844,jo_lx_derive
F,79,1925,0.021925198991995964,90079,jo_lx_derive
F,80,1925,0.02492508853173525,88104,jo_lx_derive
F,81,1925,0.0285654421008521,85908,jo_lx_derive
F,82,1925,0.032808493301699104,83454,jo_lx_derive
F,83,1925,0.0375266366024084,80716,jo_lx_derive
F,84,1925,0.04279995366020051,77687,jo_lx_derive
F,85,1925,0.048411823243054264,74362,jo_lx_derive
F,86,1925,0.05483168932477889,70762,jo_lx_derive
F,87,1925,0.061989773033103046,66882,jo_lx_derive
F,88,1925,0.07126689619994897,62736,jo_lx_derive
F,89,1925,0.08013387110615289,58265,jo_lx_derive
F,90,1925,0.09090230614224937,53596,jo_lx_derive
F,91,1925,0.10144897791642726,48724,jo_lx_derive
F,92,1925,0.1147986569516457,43781,jo_lx_derive
F,93,1925,0.12656431428202808,38755,jo_lx_derive
F,94,1925,0.13899556868537666,33850,jo_lx_derive
F,95,1925,0.15199862755189575,29145,jo_lx_derive
F,96,1925,0.16560793040663568,24715,jo_lx_derive
F,97,1925,0.1798564639705169,20622,jo_lx_derive
F,98,1925,0.1947023000059126,16913,jo_lx_derive
F,99,1925,0.21005873715124812,13620,jo_lx_derive
F,100,1925,0.22613625801654424,10759,jo_lx_derive
F,101,1925,0.24249339418688443,8326,jo_lx_derive
F,102,1925,0.2597114317425083,6307,jo_lx_derive
F,103,1925,0.2773613193403298,4669,jo_lx_derive
F,104,1925,0.29549496147006515,3374,jo_lx_derive
F,105,1925,0.31384097602019356,2377,jo_lx_derive
F,106,1925,0.3335377069282649,1631,jo_lx_derive
F,107,1925,0.3532658693652254,1087,jo_lx_derive
F,108,1925,0.37268847795163584,703,jo_lx_derive
F,109,1925,0.3945578231292517,441,jo_lx_derive
F,110,1925,0.4157303370786517,267,jo_lx_derive
F,111,1925,0.4358974358974359,156,jo_lx_derive
F,112,1925,0.4545454545454546,88,jo_lx_derive
F,113,1925,0.47916666666666663,48,jo_lx_derive
F,114,1925,0.52,25,jo_lx_derive
F,115,1925,0.5,12,jo_lx_derive
F,116,1925,0.5,6,jo_lx_derive
F,117,1925,0.6666666666666667,3,jo_lx_derive
F,118,1925,1.0,1,jo_fin_table
F,119,1925,1.0,0,jo_fin_table
F,120,1925,1.0,0,jo_fin_table
F,70,1926,0.007410000000000028,100000,jo_lx_derive
F,71,1926,0.008200767688572363,99259,jo_lx_derive
F,72,1926,0.008949159429122888,98445,jo_lx_derive
F,73,1926,0.010259931942109835,97564,jo_lx_derive
F,74,1926,0.011484730176154478,96563,jo_lx_derive
F,75,1926,0.013084836675257172,95454,jo_lx_derive
F,76,1926,0.014733825168515513,94205,jo_lx_derive
F,77,1926,0.017011969790016956,92817,jo_lx_derive
F,78,1926,0.019027159736074828,91238,jo_lx_derive
F,79,1926,0.021709012089115354,89502,jo_lx_derive
F,80,1926,0.024634817665802444,87559,jo_lx_derive
F,81,1926,0.028219479637479172,85402,jo_lx_derive
F,82,1926,0.03235251590514754,82992,jo_lx_derive
F,83,1926,0.03699552965494912,80307,jo_lx_derive
F,84,1926,0.042166649425881886,77336,jo_lx_derive
F,85,1926,0.04768140398245024,74075,jo_lx_derive
F,86,1926,0.05403796266107197,70543,jo_lx_derive
F,87,1926,0.0611260133970718,66731,jo_lx_derive
F,88,1926,0.07027708612654027,62652,jo_lx_derive
F,89,1926,0.07909148654912534,58249,jo_lx_derive
F,90,1926,0.08978039595839082,53642,jo_lx_derive
F,91,1926,0.10027444394380047,48826,jo_lx_derive
F,92,1926,0.11347598452082863,43930,jo_lx_derive
F,93,1926,0.12517653100526382,38945,jo_lx_derive
F,94,1926,0.13748165541532142,34070,jo_lx_derive
F,95,1926,0.15037773089226159,29386,jo_lx_derive
F,96,1926,0.16393639604277643,24967,jo_lx_derive
F,97,1926,0.17806841046277666,20874,jo_lx_derive
F,98,1926,0.1928076003963397,17157,jo_lx_derive
F,99,1926,0.20802946061087446,13849,jo_lx_derive
F,100,1926,0.2239241429613421,10968,jo_lx_derive
F,101,1926,0.24036654135338342,8512,jo_lx_derive
F,102,1926,0.25719146303742657,6466,jo_lx_derive
F,103,1926,0.27482823235477827,4803,jo_lx_derive
F,104,1926,0.2928509905254091,3483,jo_lx_derive
F,105,1926,0.31140885099472193,2463,jo_lx_derive
F,106,1926,0.33018867924528306,1696,jo_lx_derive
F,107,1926,0.35035211267605637,1136,jo_lx_derive
F,108,1926,0.36991869918699183,738,jo_lx_derive
F,109,1926,0.389247311827957,465,jo_lx_derive
F,110,1926,0.4119718309859155,284,jo_lx_derive
F,111,1926,0.43113772455089816,167,jo_lx_derive
F,112,1926,0.4526315789473684,95,jo_lx_derive
F,113,1926,0.4807692307692307,52,jo_lx_derive
F,114,1926,0.5185185185185186,27,jo_lx_derive
F,115,1926,0.5384615384615384,13,jo_lx_derive
F,116,1926,0.5,6,jo_lx_derive
F,117,1926,0.6666666666666667,3,jo_lx_derive
F,118,1926,0.0,1,jo_lx_derive
F,119,1926,1.0,1,jo_fin_table
F,120,1926,1.0,0,jo_fin_table
F,69,1927,0.006489999999999996,100000,jo_lx_derive
F,70,1927,0.007347686485289495,99351,jo_lx_derive
F,71,1927,0.008132142241510376,98621,jo_lx_derive
F,72,1927,0.008863308764145983,97819,jo_lx_derive
F,73,1927,0.01015966663916168,96952,jo_lx_derive
F,74,1927,0.011389331749455556,95967,jo_lx_derive
F,75,1927,0.012954023230811407,94874,jo_lx_derive
F,76,1927,0.014597682737999884,93645,jo_lx_derive
F,77,1927,0.016840417000801966,92278,jo_lx_derive
F,78,1927,0.018837352850403444,90724,jo_lx_derive
F,79,1927,0.02144582373757231,89015,jo_lx_derive
F,80,1927,0.024326682432897817,87106,jo_lx_derive
F,81,1927,0.027839551931471918,84987,jo_lx_derive
F,82,1927,0.0318926180995146,82621,jo_lx_derive
F,83,1927,0.03643137549071085,79986,jo_lx_derive
F,84,1927,0.04149366825825207,77072,jo_lx_derive
F,85,1927,0.046944797899125534,73874,jo_lx_derive
F,86,1927,0.053219896031588165,70406,jo_lx_derive
F,87,1927,0.06023192667156718,66659,jo_lx_derive
F,88,1927,0.06926441478832768,62644,jo_lx_derive
F,89,1927,0.07805505531258039,58305,jo_lx_derive
F,90,1927,0.08862596271905343,53754,jo_lx_derive
F,91,1927,0.09908144519289652,48990,jo_lx_derive
F,92,1927,0.11215334420880918,44136,jo_lx_derive
F,93,1927,0.12374317358240183,39186,jo_lx_derive
F,94,1927,0.13594664647464838,34337,jo_lx_derive
F,95,1927,0.14880852067814887,29669,jo_lx_derive
F,96,1927,0.162231725667221,25254,jo_lx_derive
F,97,1927,0.1762537221723307,21157,jo_lx_derive
F,98,1927,0.19084232269910484,17428,jo_lx_derive
F,99,1927,0.20599914905687133,14102,jo_lx_derive
F,100,1927,0.2217558274537823,11197,jo_lx_derive
F,101,1927,0.23812256139545562,8714,jo_lx_derive
F,102,1927,0.2548576592860371,6639,jo_lx_derive
F,103,1927,0.2722862340812614,4947,jo_lx_derive
F,104,1927,0.29027777777777775,3600,jo_lx_derive
F,105,1927,0.3084148727984345,2555,jo_lx_derive
F,106,1927,0.32767402376910015,1767,jo_lx_derive
F,107,1927,0.3468013468013468,1188,jo_lx_derive
F,108,1927,0.36726804123711343,776,jo_lx_derive
F,109,1927,0.38696537678207743,491,jo_lx_derive
F,110,1927,0.40863787375415284,301,jo_lx_derive
F,111,1927,0.4269662921348315,178,jo_lx_derive
F,112,1927,0.4509803921568627,102,jo_lx_derive
F,113,1927,0.4821428571428571,56,jo_lx_derive
F,114,1927,0.48275862068965514,29,jo_lx_derive
F,115,1927,0.5333333333333333,15,jo_lx_derive
F,116,1927,0.5714285714285714,7,jo_lx_derive
F,117,1927,0.6666666666666667,3,jo_lx_derive
F,118,1927,0.0,1,jo_lx_derive
F,119,1927,1.0,1,jo_fin_table
F,120,1927,1.0,0,jo_fin_table
F,68,1928,0.005920000000000036,100000,jo_lx_derive
F,69,1928,0.006428054080154566,99408,jo_lx_derive
F,70,1928,0.007279612024015614,98769,jo_lx_derive
F,71,1928,0.008057113717491071,98050,jo_lx_derive
F,72,1928,0.008790869833436132,97260,jo_lx_derive
F,73,1928,0.010061718790519203,96405,jo_lx_derive
F,74,1928,0.011274689579294783,95435,jo_lx_derive
F,75,1928,0.012833963903814194,94359,jo_lx_derive
F,76,1928,0.014460857989436193,93148,jo_lx_derive
F,77,1928,0.016666485114541274,91801,jo_lx_derive
F,78,1928,0.018621705752678075,90271,jo_lx_derive
F,79,1928,0.02118749294502764,88590,jo_lx_derive
F,80,1928,0.02399870838282614,86713,jo_lx_derive
F,81,1928,0.02743643066452406,84632,jo_lx_derive
F,82,1928,0.03139351233142995,82310,jo_lx_derive
F,83,1928,0.035847778641848294,79726,jo_lx_derive
F,84,1928,0.04081022011760416,76868,jo_lx_derive
F,85,1928,0.04618138910363345,73731,jo_lx_derive
F,86,1928,0.05238460882177287,70326,jo_lx_derive
F,87,1928,0.059316947270490084,66642,jo_lx_derive
F,88,1928,0.06825758905071067,62689,jo_lx_derive
F,89,1928,0.07697312104091769,58410,jo_lx_derive
F,90,1928,0.0874911896724413,53914,jo_lx_derive
F,91,1928,0.09785149500985835,49197,jo_lx_derive
F,92,1928,0.11080819232589056,44383,jo_lx_derive
F,93,1928,0.12231090839984793,39465,jo_lx_derive
F,94,1928,0.1344188463537156,34638,jo_lx_derive
F,95,1928,0.14718831298779267,29982,jo_lx_derive
F,96,1928,0.16050686378035905,25569,jo_lx_derive
F,97,1928,0.17442348008385744,21465,jo_lx_derive
F,98,1928,0.18887195982168048,17721,jo_lx_derive
F,99,1928,0.20397940726311392,14374,jo_lx_derive
F,100,1928,0.2196294354133893,11442,jo_lx_derive
F,101,1928,0.23574868406316496,8929,jo_lx_derive
F,102,1928,0.25249120750293086,6824,jo_lx_derive
F,103,1928,0.26975102920995886,5101,jo_lx_derive
F,104,1928,0.2875167785234899,3725,jo_lx_derive
F,105,1928,0.3059532780708365,2654,jo_lx_derive
F,106,1928,0.32464712269272533,1842,jo_lx_derive
F,107,1928,0.34324758842443726,1244,jo_lx_derive
F,108,1928,0.3635250917992656,817,jo_lx_derive
F,109,1928,0.3846153846153846,520,jo_lx_derive
F,110,1928,0.40312499999999996,320,jo_lx_derive
F,111,1928,0.4240837696335078,191,jo_lx_derive
F,112,1928,0.44545454545454544,110,jo_lx_derive
F,113,1928,0.47540983606557374,61,jo_lx_derive
F,114,1928,0.5,32,jo_lx_derive
F,115,1928,0.5,16,jo_lx_derive
F,116,1928,0.5,8,jo_lx_derive
F,117,1928,0.5,4,jo_lx_derive
F,118,1928,0.5,2,jo_lx_derive
F,119,1928,1.0,1,jo_fin_table
F,120,1928,1.0,0,jo_fin_table
F,67,1929,0.005329999999999946,100000,jo_lx_derive
F,68,1929,0.0058712939970040345,99467,jo_lx_derive
F,69,1929,0.006381278885147057,98883,jo_lx_derive
F,70,1929,0.007216138093880997,98252,jo_lx_derive
F,71,1929,0.007986221461304233,97543,jo_lx_derive
F,72,1929,0.008701583233433952,96764,jo_lx_derive
F,73,1929,0.009976856195659023,95922,jo_lx_derive
F,74,1929,0.01116200705523085,94965,jo_lx_derive
F,75,1929,0.012714977903200086,93905,jo_lx_derive
F,76,1929,0.0143025099502756,92711,jo_lx_derive
F,77,1929,0.01649067133555837,91385,jo_lx_derive
F,78,1929,0.01838047130554754,89878,jo_lx_derive
F,79,1929,0.020900868224786318,88226,jo_lx_derive
F,80,1929,0.02366233706096177,86382,jo_lx_derive
F,81,1929,0.02701036306291349,84338,jo_lx_derive
F,82,1929,0.030879844016573288,82060,jo_lx_derive
F,83,1929,0.035246334532102686,79526,jo_lx_derive
F,84,1929,0.04011834782268686,76723,jo_lx_derive
F,85,1929,0.04540702016430176,73645,jo_lx_derive
F,86,1929,0.05152131548626615,70301,jo_lx_derive
F,87,1929,0.05841419337422582,66679,jo_lx_derive
F,88,1929,0.06721457696228339,62784,jo_lx_derive
F,89,1929,0.07589987022744349,58564,jo_lx_derive
F,90,1929,0.0863097987767697,54119,jo_lx_derive
F,91,1929,0.09662675942404142,49448,jo_lx_derive
F,92,1929,0.10944705618983663,44670,jo_lx_derive
F,93,1929,0.1208617179055328,39781,jo_lx_derive
F,94,1929,0.13290252480484943,34973,jo_lx_derive
F,95,1929,0.14552349546578736,30325,jo_lx_derive
F,96,1929,0.15876813831429448,25912,jo_lx_derive
F,97,1929,0.17258464079273328,21798,jo_lx_derive
F,98,1929,0.18695941450432474,18036,jo_lx_derive
F,99,1929,0.20192307692307687,14664,jo_lx_derive
F,100,1929,0.2174656071092882,11703,jo_lx_derive
F,101,1929,0.23345708670015286,9158,jo_lx_derive
F,102,1929,0.2501424501424502,7020,jo_lx_derive
F,103,1929,0.26709726443769,5264,jo_lx_derive
F,104,1929,0.284862623120788,3858,jo_lx_derive
F,105,1929,0.30300833635375135,2759,jo_lx_derive
F,106,1929,0.32189287571502856,1923,jo_lx_derive
F,107,1929,0.3404907975460123,1304,jo_lx_derive
F,108,1929,0.36046511627906974,860,jo_lx_derive
F,109,1929,0.38,550,jo_lx_derive
F,110,1929,0.40175953079178883,341,jo_lx_derive
F,111,1929,0.42156862745098034,204,jo_lx_derive
F,112,1929,0.44067796610169496,118,jo_lx_derive
F,113,1929,0.4696969696969697,66,jo_lx_derive
F,114,1929,0.48571428571428577,35,jo_lx_derive
F,115,1929,0.5,18,jo_lx_derive
F,116,1929,0.5555555555555556,9,jo_lx_derive
F,117,1929,0.5,4,jo_lx_derive
F,118,1929,0.5,2,jo_lx_derive
F,119,1929,1.0,1,jo_fin_table
F,120,1929,1.0,0,jo_fin_table
F,66,1930,0.004850000000000021,100000,jo_lx_derive
F,67,1930,0.005295684067728512,99515,jo_lx_derive
F,68,1930,0.005808784903220565,98988,jo_lx_derive
F,69,1930,0.00633046447115726,98413,jo_lx_derive
F,70,1930,0.00714797014009616,97790,jo_lx_derive
F,71,1930,0.007910104953085195,97091,jo_lx_derive
F,72,1930,0.008637604725766468,96323,jo_lx_derive
F,73,1930,0.009875276204040162,95491,jo_lx_derive
F,74,1930,0.011063163684054689,94548,jo_lx_derive
F,75,1930,0.01257727107441553,93502,jo_lx_derive
F,76,1930,0.014156358988800521,92326,jo_lx_derive
F,77,1930,0.016271327964490934,91019,jo_lx_derive
F,78,1930,0.01814871897965109,89538,jo_lx_derive
F,79,1930,0.020599911275920535,87913,jo_lx_derive
F,80,1930,0.02328633481219944,86102,jo_lx_derive
F,81,1930,0.026576453381214504,84097,jo_lx_derive
F,82,1930,0.030368180596613836,81862,jo_lx_derive
F,83,1930,0.03462003628300747,79376,jo_lx_derive
F,84,1930,0.03941118129143395,76628,jo_lx_derive
F,85,1930,0.044614715791761794,73608,jo_lx_derive
F,86,1930,0.05066549115522434,70324,jo_lx_derive
F,87,1930,0.057473674750228465,66761,jo_lx_derive
F,88,1930,0.06619096052380646,62924,jo_lx_derive
F,89,1930,0.07479705236644596,58759,jo_lx_derive
F,90,1930,0.08512986535207123,54364,jo_lx_derive
F,91,1930,0.09540373170339389,49736,jo_lx_derive
F,92,1930,0.10806605765597566,44991,jo_lx_derive
F,93,1930,0.11941488698945901,40129,jo_lx_derive
F,94,1930,0.13136372640575034,35337,jo_lx_derive
F,95,1930,0.14386707932888088,30695,jo_lx_derive
F,96,1930,0.15704554967845052,26279,jo_lx_derive
F,97,1930,0.1707295052365475,22152,jo_lx_derive
F,98,1930,0.18502994011976048,18370,jo_lx_derive
F,99,1930,0.19985304922850844,14971,jo_lx_derive
F,100,1930,0.21520995074714078,11979,jo_lx_derive
F,101,1930,0.2312519944686735,9401,jo_lx_derive
F,102,1930,0.247682302476823,7227,jo_lx_derive
F,103,1930,0.26466801544969654,5437,jo_lx_derive
F,104,1930,0.2821410705352676,3998,jo_lx_derive
F,105,1930,0.3003484320557491,2870,jo_lx_derive
F,106,1930,0.3187250996015937,2008,jo_lx_derive
F,107,1930,0.3377192982456141,1368,jo_lx_derive
F,108,1930,0.35651214128035325,906,jo_lx_derive
F,109,1930,0.37735849056603776,583,jo_lx_derive
F,110,1930,0.39669421487603307,363,jo_lx_derive
F,111,1930,0.4200913242009132,219,jo_lx_derive
F,112,1930,0.4409448818897638,127,jo_lx_derive
F,113,1930,0.46478873239436624,71,jo_lx_derive
F,114,1930,0.4736842105263158,38,jo_lx_derive
F,115,1930,0.5,20,jo_lx_derive
F,116,1930,0.5,10,jo_lx_derive
F,117,1930,0.6,5,jo_lx_derive
F,118,1930,0.5,2,jo_lx_derive
F,119,1930,1.0,1,jo_fin_table
F,120,1930,1.0,0,jo_fin_table
F,65,1931,0.0043800000000000505,100000,jo_lx_derive
F,66,1931,0.004811072497539204,99562,jo_lx_derive
F,67,1931,0.005248125309084251,99083,jo_lx_derive
F,68,1931,0.005762811602731288,98563,jo_lx_derive
F,69,1931,0.006275830399510185,97995,jo_lx_derive
F,70,1931,0.007085643869377711,97380,jo_lx_derive
F,71,1931,0.007839487020374403,96690,jo_lx_derive
F,72,1931,0.00855814535295829,95932,jo_lx_derive
F,73,1931,0.009778048806131756,95111,jo_lx_derive
F,74,1931,0.010957624149244505,94181,jo_lx_derive
F,75,1931,0.012442430943971461,93149,jo_lx_derive
F,76,1931,0.013979780410914189,91990,jo_lx_derive
F,77,1931,0.016063238666431445,90704,jo_lx_derive
F,78,1931,0.017882954048875632,89247,jo_lx_derive
F,79,1931,0.020284993896247605,87651,jo_lx_derive
F,80,1931,0.022917564310085847,85873,jo_lx_derive
F,81,1931,0.026124783981884225,83905,jo_lx_derive
F,82,1931,0.029836133785321794,81713,jo_lx_derive
F,83,1931,0.03398297067171241,79275,jo_lx_derive
F,84,1931,0.0386910591399956,76581,jo_lx_derive
F,85,1931,0.04382080469450411,73618,jo_lx_derive
F,86,1931,0.049792590067053055,70392,jo_lx_derive
F,87,1931,0.05654312497196767,66887,jo_lx_derive
F,88,1931,0.06512954599477061,63105,jo_lx_derive
F,89,1931,0.07370116111534875,58995,jo_lx_derive
F,90,1931,0.08395703332296378,54647,jo_lx_derive
F,91,1931,0.09414890429293432,50059,jo_lx_derive
F,92,1931,0.10671283023860978,45346,jo_lx_derive
F,93,1931,0.11793023428049476,40507,jo_lx_derive
F,94,1931,0.12980688497061288,35730,jo_lx_derive
F,95,1931,0.1422230798919336,31092,jo_lx_derive
F,96,1931,0.1552680914885639,26670,jo_lx_derive
F,97,1931,0.16889342625061032,22529,jo_lx_derive
F,98,1931,0.18308053834650717,18724,jo_lx_derive
F,99,1931,0.19776412133891208,15296,jo_lx_derive
F,100,1931,0.21310406649824787,12271,jo_lx_derive
F,101,1931,0.22887323943661975,9656,jo_lx_derive
F,102,1931,0.24523233951114698,7446,jo_lx_derive
F,103,1931,0.26209964412811393,5620,jo_lx_derive
F,104,1931,0.27947914154810705,4147,jo_lx_derive
F,105,1931,0.29752342704149937,2988,jo_lx_derive
F,106,1931,0.31586469747498813,2099,jo_lx_derive
F,107,1931,0.33426183844011137,1436,jo_lx_derive
F,108,1931,0.35460251046025104,956,jo_lx_derive
F,109,1931,0.3727714748784441,617,jo_lx_derive
F,110,1931,0.39534883720930236,387,jo_lx_derive
F,111,1931,0.4145299145299145,234,jo_lx_derive
F,112,1931,0.43795620437956206,137,jo_lx_derive
F,113,1931,0.4545454545454546,77,jo_lx_derive
F,114,1931,0.47619047619047616,42,jo_lx_derive
F,115,1931,0.5,22,jo_lx_derive
F,116,1931,0.5454545454545454,11,jo_lx_derive
F,117,1931,0.6,5,jo_lx_derive
F,118,1931,0.5,2,jo_lx_derive
F,119,1931,1.0,1,jo_fin_table
F,120,1931,1.0,0,jo_fin_table
F,64,1932,0.0040400000000000436,100000,jo_lx_derive
F,65,1932,0.004347564159203232,99596,jo_lx_derive
F,66,1932,0.004769924266107339,99163,jo_lx_derive
F,67,1932,0.00520822778397001,98690,jo_lx_derive
F,68,1932,0.005714227509778347,98176,jo_lx_derive
F,69,1932,0.006218306612713165,97615,jo_lx_derive
F,70,1932,0.007020039584364146,97008,jo_lx_derive
F,71,1932,0.007775597703655213,96327,jo_lx_derive
F,72,1932,0.008474753604385987,95578,jo_lx_derive
F,73,1932,0.009686814114469033,94768,jo_lx_derive
F,74,1932,0.010836441129461916,93850,jo_lx_derive
F,75,1932,0.012301659970053724,92833,jo_lx_derive
F,76,1932,0.013796337699447103,91691,jo_lx_derive
F,77,1932,0.01583615331873578,90426,jo_lx_derive
F,78,1932,0.01761916533698904,88994,jo_lx_derive
F,79,1932,0.01995973737789669,87426,jo_lx_derive
F,80,1932,0.022525414035783897,85681,jo_lx_derive
F,81,1932,0.02567133526763865,83751,jo_lx_derive
F,82,1932,0.029276602002426433,81601,jo_lx_derive
F,83,1932,0.03335353229308691,79212,jo_lx_derive
F,84,1932,0.037965260545905655,76570,jo_lx_derive
F,85,1932,0.04300666549013754,73663,jo_lx_derive
F,86,1932,0.048911270302858356,70495,jo_lx_derive
F,87,1932,0.055602786105269475,67047,jo_lx_derive
F,88,1932,0.06408818837947539,63319,jo_lx_derive
F,89,1932,0.07259411754779699,59261,jo_lx_derive
F,90,1932,0.08275259739078222,54959,jo_lx_derive
F,91,1932,0.09291622860090065,50411,jo_lx_derive
F,92,1932,0.10532070767817703,45727,jo_lx_derive
F,93,1932,0.11647234240179904,40911,jo_lx_derive
F,94,1932,0.12825762186687328,36146,jo_lx_derive
F,95,1932,0.1405585528403681,31510,jo_lx_derive
F,96,1932,0.15353938185443672,27081,jo_lx_derive
F,97,1932,0.16699384897264757,22923,jo_lx_derive
F,98,1932,0.1810945273631841,19095,jo_lx_derive
F,99,1932,0.19575366118820747,15637,jo_lx_derive
F,100,1932,0.21087786259541985,12576,jo_lx_derive
F,101,1932,0.2266223297057638,9924,jo_lx_derive
F,102,1932,0.24273615635179158,7675,jo_lx_derive
F,103,1932,0.2596352374397798,5812,jo_lx_derive
F,104,1932,0.2767836393214037,4303,jo_lx_derive
F,105,1932,0.29466580976863754,3112,jo_lx_derive
F,106,1932,0.3129840546697039,2195,jo_lx_derive
F,107,1932,0.33156498673740054,1508,jo_lx_derive
F,108,1932,0.3501984126984127,1008,jo_lx_derive
F,109,1932,0.3709923664122138,655,jo_lx_derive
F,110,1932,0.39077669902912626,412,jo_lx_derive
F,111,1932,0.41035856573705176,251,jo_lx_derive
F,112,1932,0.43243243243243246,148,jo_lx_derive
F,113,1932,0.45238095238095233,84,jo_lx_derive
F,114,1932,0.4782608695652174,46,jo_lx_derive
F,115,1932,0.5,24,jo_lx_derive
F,116,1932,0.5,12,jo_lx_derive
F,117,1932,0.5,6,jo_lx_derive
F,118,1932,0.6666666666666667,3,jo_lx_derive
F,119,1932,1.0,1,jo_fin_table
F,120,1932,1.0,0,jo_fin_table
F,63,1933,0.003650000000000042,100000,jo_lx_derive
F,64,1933,0.004004616851507992,99635,jo_lx_derive
F,65,1933,0.004312950945221439,99236,jo_lx_derive
F,66,1933,0.004736458586349301,98808,jo_lx_derive
F,67,1933,0.005155582672361159,98340,jo_lx_derive
F,68,1933,0.005672932446107115,97833,jo_lx_derive
F,69,1933,0.006167889964843076,97278,jo_lx_derive
F,70,1933,0.006961252818635022,96678,jo_lx_derive
F,71,1933,0.007697515754387818,96005,jo_lx_derive
F,72,1933,0.008397539520920372,95266,jo_lx_derive
F,73,1933,0.009580166409078439,94466,jo_lx_derive
F,74,1933,0.010720278748623913,93561,jo_lx_derive
F,75,1933,0.01213293286371786,92558,jo_lx_derive
F,76,1933,0.013616230108820515,91435,jo_lx_derive
F,77,1933,0.015600399157334466,90190,jo_lx_derive
F,78,1933,0.017334399603527673,88783,jo_lx_derive
F,79,1933,0.019623125945623765,87244,jo_lx_derive
F,80,1933,0.02214375906093624,85532,jo_lx_derive
F,81,1933,0.025191898419378744,83638,jo_lx_derive
F,82,1933,0.028725270142645143,81531,jo_lx_derive
F,83,1933,0.032706562780184134,79189,jo_lx_derive
F,84,1933,0.0372328620478074,76599,jo_lx_derive
F,85,1933,0.04221188658521702,73747,jo_lx_derive
F,86,1933,0.04802219894101989,70634,jo_lx_derive
F,87,1933,0.05465334166146163,67242,jo_lx_derive
F,88,1933,0.06303585193575278,63567,jo_lx_derive
F,89,1933,0.07149093351242441,59560,jo_lx_derive
F,90,1933,0.08155220426024379,55302,jo_lx_derive
F,91,1933,0.09166797920932435,50792,jo_lx_derive
F,92,1933,0.10393185365007807,46136,jo_lx_derive
F,93,1933,0.1150189884134395,41341,jo_lx_derive
F,94,1933,0.12666047121849888,36586,jo_lx_derive
F,95,1933,0.1389271407110666,31952,jo_lx_derive
F,96,1933,0.15174644713408203,27513,jo_lx_derive
F,97,1933,0.16518124946439283,23338,jo_lx_derive
F,98,1933,0.17913052404660468,19483,jo_lx_derive
F,99,1933,0.19364722065903828,15993,jo_lx_derive
F,100,1933,0.20866935483870963,12896,jo_lx_derive
F,101,1933,0.2243018128368447,10205,jo_lx_derive
F,102,1933,0.24039919151086409,7916,jo_lx_derive
F,103,1933,0.25694328953933143,6013,jo_lx_derive
F,104,1933,0.27417188898836165,4468,jo_lx_derive
F,105,1933,0.29170521122417514,3243,jo_lx_derive
F,106,1933,0.3099695254680017,2297,jo_lx_derive
F,107,1933,0.32870662460567823,1585,jo_lx_derive
F,108,1933,0.3477443609022557,1064,jo_lx_derive
F,109,1933,0.36743515850144093,694,jo_lx_derive
F,110,1933,0.3872437357630979,439,jo_lx_derive
F,111,1933,0.4052044609665427,269,jo_lx_derive
F,112,1933,0.43125,160,jo_lx_derive
F,113,1933,0.4505494505494505,91,jo_lx_derive
F,114,1933,0.45999999999999996,50,jo_lx_derive
F,115,1933,0.5185185185185186,27,jo_lx_derive
F,116,1933,0.46153846153846156,13,jo_lx_derive
F,117,1933,0.5714285714285714,7,jo_lx_derive
F,118,1933,0.6666666666666667,3,jo_lx_derive
F,119,1933,0.0,1,jo_lx_derive
F,120,1933,1.0,1,fermeture_hypothese
F,62,1934,0.0035199999999999676,100000,jo_lx_derive
F,63,1934,0.003622752087347414,99648,jo_lx_derive
F,64,1934,0.003978365747781654,99287,jo_lx_derive
F,65,1934,0.004277393520203843,98892,jo_lx_derive
F,66,1934,0.004691831947110203,98469,jo_lx_derive
F,67,1934,0.005122083116512077,98007,jo_lx_derive
F,68,1934,0.005620224603866464,97505,jo_lx_derive
F,69,1934,0.006105799478119178,96957,jo_lx_derive
F,70,1934,0.006900845742748962,96365,jo_lx_derive
F,71,1934,0.007638453500522502,95700,jo_lx_derive
F,72,1934,0.008297444429234857,94969,jo_lx_derive
F,73,1934,0.009481742602011067,94181,jo_lx_derive
F,74,1934,0.010580138924620508,93288,jo_lx_derive
F,75,1934,0.011982535400483219,92301,jo_lx_derive
F,76,1934,0.013410822961785196,91195,jo_lx_derive
F,77,1934,0.015349219757257782,89972,jo_lx_derive
F,78,1934,0.017055908613741844,88591,jo_lx_derive
F,79,1934,0.019281120808452012,87080,jo_lx_derive
F,80,1934,0.021744476059999296,85401,jo_lx_derive
F,81,1934,0.024717514124293793,83544,jo_lx_derive
F,82,1934,0.028166766896991824,81479,jo_lx_derive
F,83,1934,0.03205192968276416,79184,jo_lx_derive
F,84,1934,0.03649244578973465,76646,jo_lx_derive
F,85,1934,0.041408820701702154,73849,jo_lx_derive
F,86,1934,0.047138760576909466,70791,jo_lx_derive
F,87,1934,0.05371067690574316,67454,jo_lx_derive
F,88,1934,0.06197615578637339,63831,jo_lx_derive
F,89,1934,0.07037995824634657,59875,jo_lx_derive
F,90,1934,0.08036147392249515,55661,jo_lx_derive
F,91,1934,0.09041181526920372,51188,jo_lx_derive
F,92,1934,0.1025558419243986,46560,jo_lx_derive
F,93,1934,0.11353356467631925,41785,jo_lx_derive
F,94,1934,0.12510461380632276,37041,jo_lx_derive
F,95,1934,0.1372542969111612,32407,jo_lx_derive
F,96,1934,0.15000536499874817,27959,jo_lx_derive
F,97,1934,0.16330738480959395,23765,jo_lx_derive
F,98,1934,0.17712733856366925,19884,jo_lx_derive
F,99,1934,0.19160249358269166,16362,jo_lx_derive
F,100,1934,0.20647161109851064,13227,jo_lx_derive
F,101,1934,0.22198932926829273,10496,jo_lx_derive
F,102,1934,0.2379377908400686,8166,jo_lx_derive
F,103,1934,0.25453961112003853,6223,jo_lx_derive
F,104,1934,0.2713946971330028,4639,jo_lx_derive
F,105,1934,0.2890532544378698,3380,jo_lx_derive
F,106,1934,0.30711610486891383,2403,jo_lx_derive
F,107,1934,0.3255255255255255,1665,jo_lx_derive
F,108,1934,0.34372217275155836,1123,jo_lx_derive
F,109,1934,0.36363636363636365,737,jo_lx_derive
F,110,1934,0.3837953091684435,469,jo_lx_derive
F,111,1934,0.40484429065743943,289,jo_lx_derive
F,112,1934,0.42441860465116277,172,jo_lx_derive
F,113,1934,0.4444444444444444,99,jo_lx_derive
F,114,1934,0.4727272727272728,55,jo_lx_derive
F,115,1934,0.48275862068965514,29,jo_lx_derive
F,116,1934,0.5333333333333333,15,jo_lx_derive
F,117,1934,0.5714285714285714,7,jo_lx_derive
F,118,1934,0.33333333333333337,3,jo_lx_derive
F,119,1934,0.5,2,jo_lx_derive
F,120,1934,1.0,1,fermeture_hypothese
F,61,1935,0.003469999999999973,100000,jo_lx_derive
F,62,1935,0.0034921176482394234,99653,jo_lx_derive
F,63,1935,0.0035949851467700356,99305,jo_lx_derive
F,64,1935,0.003951570521890324,98948,jo_lx_derive
F,65,1935,0.004241200523554922,98557,jo_lx_derive
F,66,1935,0.004656660450993,98139,jo_lx_derive
F,67,1935,0.005067463811142314,97682,jo_lx_derive
F,68,1935,0.005576877565929617,97187,jo_lx_derive
F,69,1935,0.006063428009726368,96645,jo_lx_derive
F,70,1935,0.006829136260006918,96059,jo_lx_derive
F,71,1935,0.007557414337075352,95403,jo_lx_derive
F,72,1935,0.008216978940030817,94682,jo_lx_derive
F,73,1935,0.00936062361560741,93904,jo_lx_derive
F,74,1935,0.010448804084923435,93025,jo_lx_derive
F,75,1935,0.011808414717608295,92053,jo_lx_derive
F,76,1935,0.013213728206142972,90966,jo_lx_derive
F,77,1935,0.015095138362818061,89764,jo_lx_derive
F,78,1935,0.016762999242158627,88409,jo_lx_derive
F,79,1935,0.018935428578002234,86927,jo_lx_derive
F,80,1935,0.02132948722458694,85281,jo_lx_derive
F,81,1935,0.024238575639213056,83462,jo_lx_derive
F,82,1935,0.02760348236103094,81439,jo_lx_derive
F,83,1935,0.03140508391105046,79191,jo_lx_derive
F,84,1935,0.03576084689194825,76704,jo_lx_derive
F,85,1935,0.0405889590459837,73961,jo_lx_derive
F,86,1935,0.04626615369438691,70959,jo_lx_derive
F,87,1935,0.05275134464211828,67676,jo_lx_derive
F,88,1935,0.060930334134090436,64106,jo_lx_derive
F,89,1935,0.0692691029900332,60200,jo_lx_derive
F,90,1935,0.0791540246296627,56030,jo_lx_derive
F,91,1935,0.08915592596181798,51595,jo_lx_derive
F,92,1935,0.10118097669964887,46995,jo_lx_derive
F,93,1935,0.1120501893939394,42240,jo_lx_derive
F,94,1935,0.12355027061615165,37507,jo_lx_derive
F,95,1935,0.13561281294679528,32873,jo_lx_derive
F,96,1935,0.14823156783389058,28415,jo_lx_derive
F,97,1935,0.1614262694707268,24203,jo_lx_derive
F,98,1935,0.17520693732755221,20296,jo_lx_derive
F,99,1935,0.1894862604540024,16740,jo_lx_derive
F,100,1935,0.20430424528301883,13568,jo_lx_derive
F,101,1935,0.21971100407558353,10796,jo_lx_derive
F,102,1935,0.23551756885090214,8424,jo_lx_derive
F,103,1935,0.2520186335403727,6440,jo_lx_derive
F,104,1935,0.2688395266763546,4817,jo_lx_derive
F,105,1935,0.28620102214650767,3522,jo_lx_derive
F,106,1935,0.3038981702466189,2514,jo_lx_derive
F,107,1935,0.3222857142857143,1750,jo_lx_derive
F,108,1935,0.3414839797639123,1186,jo_lx_derive
F,109,1935,0.3597951344430218,781,jo_lx_derive
F,110,1935,0.38,500,jo_lx_derive
F,111,1935,0.4,310,jo_lx_derive
F,112,1935,0.4193548387096774,186,jo_lx_derive
F,113,1935,0.4444444444444444,108,jo_lx_derive
F,114,1935,0.4666666666666667,60,jo_lx_derive
F,115,1935,0.46875,32,jo_lx_derive
F,116,1935,0.5294117647058824,17,jo_lx_derive
F,117,1935,0.5,8,jo_lx_derive
F,118,1935,0.5,4,jo_lx_derive
F,119,1935,0.5,2,jo_lx_derive
F,120,1935,1.0,1,fermeture_hypothese
F,60,1936,0.0033800000000000496,100000,jo_lx_derive
F,61,1936,0.003441632718588883,99662,jo_lx_derive
F,62,1936,0.003473655594599223,99319,jo_lx_derive
F,63,1936,0.0035665932467112693,98974,jo_lx_derive
F,64,1936,0.003913973697285522,98621,jo_lx_derive
F,65,1936,0.004214383875400851,98235,jo_lx_derive
F,66,1936,0.0046104619662444835,97821,jo_lx_derive
F,67,1936,0.005032350826743359,97370,jo_lx_derive
F,68,1936,0.005532617671345941,96880,jo_lx_derive
F,69,1936,0.0059993357136925995,96344,jo_lx_derive
F,70,1936,0.006776935446818233,95766,jo_lx_derive
F,71,1936,0.007475004468181279,95117,jo_lx_derive
F,72,1936,0.008113891066245826,94406,jo_lx_derive
F,73,1936,0.009248184536522874,93640,jo_lx_derive
F,74,1936,0.010304611205725789,92774,jo_lx_derive
F,75,1936,0.011631706201398417,91818,jo_lx_derive
F,76,1936,0.013002754820936602,90750,jo_lx_derive
F,77,1936,0.014837557217818431,89570,jo_lx_derive
F,78,1936,0.016454935914144264,88241,jo_lx_derive
F,79,1936,0.018585304589291307,86789,jo_lx_derive
F,80,1936,0.02092138630600171,85176,jo_lx_derive
F,81,1936,0.023754706573614448,83394,jo_lx_derive
F,82,1936,0.027034994411211932,81413,jo_lx_derive
F,83,1936,0.03076554057466041,79212,jo_lx_derive
F,84,1936,0.03502442201237377,76775,jo_lx_derive
F,85,1936,0.039791593553437865,74086,jo_lx_derive
F,86,1936,0.045376591976159064,71138,jo_lx_derive
F,87,1936,0.05180385804741572,67910,jo_lx_derive
F,88,1936,0.05988321530624918,64392,jo_lx_derive
F,89,1936,0.06815779040570902,60536,jo_lx_derive
F,90,1936,0.07796489984045385,56410,jo_lx_derive
F,91,1936,0.08790279166346227,52012,jo_lx_derive
F,92,1936,0.09978920741989883,47440,jo_lx_derive
F,93,1936,0.11059335924694425,42706,jo_lx_derive
F,94,1936,0.12197562067240608,37983,jo_lx_derive
F,95,1936,0.13394302848575712,33350,jo_lx_derive
F,96,1936,0.14648755323200502,28883,jo_lx_derive
F,97,1936,0.1595813727080967,24652,jo_lx_derive
F,98,1936,0.17323100685394344,20718,jo_lx_derive
F,99,1936,0.1874014828653161,17129,jo_lx_derive
F,100,1936,0.20209785185717366,13919,jo_lx_derive
F,101,1936,0.21745002701242566,11106,jo_lx_derive
F,102,1936,0.23311471637325965,8691,jo_lx_derive
F,103,1936,0.24936234058514628,6665,jo_lx_derive
F,104,1936,0.26624025584649214,5003,jo_lx_derive
F,105,1936,0.2833015527104331,3671,jo_lx_derive
F,106,1936,0.3010262257696693,2631,jo_lx_derive
F,107,1936,0.31973898858075045,1839,jo_lx_derive
F,108,1936,0.337330135891287,1251,jo_lx_derive
F,109,1936,0.3570566948130277,829,jo_lx_derive
F,110,1936,0.3771106941838649,533,jo_lx_derive
F,111,1936,0.3975903614457831,332,jo_lx_derive
F,112,1936,0.41500000000000004,200,jo_lx_derive
F,113,1936,0.4358974358974359,117,jo_lx_derive
F,114,1936,0.4696969696969697,66,jo_lx_derive
F,115,1936,0.48571428571428577,35,jo_lx_derive
F,116,1936,0.5,18,jo_lx_derive
F,117,1936,0.5555555555555556,9,jo_lx_derive
F,118,1936,0.5,4,jo_lx_derive
F,119,1936,0.5,2,jo_lx_derive
F,120,1936,1.0,1,fermeture_hypothese
F,59,1937,0.0032999999999999696,100000,jo_lx_derive
F,60,1937,0.0033510584930269705,99670,jo_lx_derive
F,61,1937,0.003422726906660234,99336,jo_lx_derive
F,62,1937,0.0034445836195401425,98996,jo_lx_derive
F,63,1937,0.0035375804571486924,98655,jo_lx_derive
F,64,1937,0.003885825890586503,98306,jo_lx_derive
F,65,1937,0.00417670846779139,97924,jo_lx_derive
F,66,1937,0.004583910167666461,97515,jo_lx_derive
F,67,1937,0.004986195244570779,97068,jo_lx_derive
F,68,1937,0.005477097655926411,96584,jo_lx_derive
F,69,1937,0.005944510957264115,96055,jo_lx_derive
F,70,1937,0.006702693645008639,95484,jo_lx_derive
F,71,1937,0.0073910843068617504,94844,jo_lx_derive
F,72,1937,0.008019714689355584,94143,jo_lx_derive
F,73,1937,0.009123227823703228,93388,jo_lx_derive
F,74,1937,0.010158208697155668,92536,jo_lx_derive
F,75,1937,0.011452465173151682,91596,jo_lx_derive
F,76,1937,0.012788938341413814,90547,jo_lx_derive
F,77,1937,0.014565550571099317,89389,jo_lx_derive
F,78,1937,0.01616583604845212,88087,jo_lx_derive
F,79,1937,0.018220001615453008,86663,jo_lx_derive
F,80,1937,0.020509143904846927,85084,jo_lx_derive
F,81,1937,0.023278417067639445,83339,jo_lx_derive
F,82,1937,0.026474526714087343,81399,jo_lx_derive
F,83,1937,0.030109535106758845,79244,jo_lx_derive
F,84,1937,0.03429701527492257,76858,jo_lx_derive
F,85,1937,0.038977661609765346,74222,jo_lx_derive
F,86,1937,0.04451204979741763,71329,jo_lx_derive
F,87,1937,0.050855415676262616,68154,jo_lx_derive
F,88,1937,0.058836260202819735,64688,jo_lx_derive
F,89,1937,0.06704773167767153,60882,jo_lx_derive
F,90,1937,0.0767605633802817,56800,jo_lx_derive
F,91,1937,0.08665141113653696,52440,jo_lx_derive
F,92,1937,0.09842158009019542,47896,jo_lx_derive
F,93,1937,0.10911954054930295,43182,jo_lx_derive
F,94,1937,0.12040551078762673,38470,jo_lx_derive
F,95,1937,0.1323068739287192,33838,jo_lx_derive
F,96,1937,0.14471577943530534,29361,jo_lx_derive
F,97,1937,0.1577333545715196,25112,jo_lx_derive
F,98,1937,0.17124485839913006,21151,jo_lx_derive
F,99,1937,0.185349991442752,17529,jo_lx_derive
F,100,1937,0.19992997198879547,14280,jo_lx_derive
F,101,1937,0.2151422319474836,11425,jo_lx_derive
F,102,1937,0.23073491691758674,8967,jo_lx_derive
F,103,1937,0.24688315453754717,6898,jo_lx_derive
F,104,1937,0.2635226179018286,5195,jo_lx_derive
F,105,1937,0.2804495556717198,3826,jo_lx_derive
F,106,1937,0.2982201235016346,2753,jo_lx_derive
F,107,1937,0.3162525879917184,1932,jo_lx_derive
F,108,1937,0.3345950037850114,1321,jo_lx_derive
F,109,1937,0.35381114903299204,879,jo_lx_derive
F,110,1937,0.37323943661971826,568,jo_lx_derive
F,111,1937,0.3932584269662921,356,jo_lx_derive
F,112,1937,0.4120370370370371,216,jo_lx_derive
F,113,1937,0.4330708661417323,127,jo_lx_derive
F,114,1937,0.45833333333333337,72,jo_lx_derive
F,115,1937,0.4871794871794872,39,jo_lx_derive
F,116,1937,0.5,20,jo_lx_derive
F,117,1937,0.5,10,jo_lx_derive
F,118,1937,0.6,5,jo_lx_derive
F,119,1937,0.5,2,jo_lx_derive
F,120,1937,1.0,1,fermeture_hypothese
F,58,1938,0.0030799999999999716,100000,jo_lx_derive
F,59,1938,0.003280102716366362,99692,jo_lx_derive
F,60,1938,0.003331152820409633,99365,jo_lx_derive
F,61,1938,0.0033927741987600513,99034,jo_lx_derive
F,62,1938,0.0034245881375508658,98698,jo_lx_derive
F,63,1938,0.0035075233834892527,98360,jo_lx_derive
F,64,1938,0.0038565525684843838,98015,jo_lx_derive
F,65,1938,0.00413777563833384,97637,jo_lx_derive
F,66,1938,0.004545781781905345,97233,jo_lx_derive
F,67,1938,0.0049488072238120795,96791,jo_lx_derive
F,68,1938,0.005430268294708829,96312,jo_lx_derive
F,69,1938,0.005887941204104852,95789,jo_lx_derive
F,70,1938,0.0066264111315306184,95225,jo_lx_derive
F,71,1938,0.007294331564369871,94594,jo_lx_derive
F,72,1938,0.007922985176350261,93904,jo_lx_derive
F,73,1938,0.008995276942893926,93160,jo_lx_derive
F,74,1938,0.010008448690453031,92322,jo_lx_derive
F,75,1938,0.0112584520449025,91398,jo_lx_derive
F,76,1938,0.012570682424282609,90369,jo_lx_derive
F,77,1938,0.014310849125323544,89233,jo_lx_derive
F,78,1938,0.015848833507662974,87956,jo_lx_derive
F,79,1938,0.01787158337376682,86562,jo_lx_derive
F,80,1938,0.02009057225195554,85015,jo_lx_derive
F,81,1938,0.02278319949103913,83307,jo_lx_derive
F,82,1938,0.02591851023842573,81409,jo_lx_derive
F,83,1938,0.029470737335905883,79299,jo_lx_derive
F,84,1938,0.03356201761908473,76962,jo_lx_derive
F,85,1938,0.03818282041974208,74379,jo_lx_derive
F,86,1938,0.04362655334852317,71539,jo_lx_derive
F,87,1938,0.04992838142009415,68418,jo_lx_derive
F,88,1938,0.05778283745115531,65002,jo_lx_derive
F,89,1938,0.06596349149332204,61246,jo_lx_derive
F,90,1938,0.0755689962591336,57206,jo_lx_derive
F,91,1938,0.08539606300701552,52883,jo_lx_derive
F,92,1938,0.097028966030558,48367,jo_lx_derive
F,93,1938,0.1076613087878372,43674,jo_lx_derive
F,94,1938,0.11885456224982038,38972,jo_lx_derive
F,95,1938,0.1306348281887012,34340,jo_lx_derive
F,96,1938,0.1429959134454345,29854,jo_lx_derive
F,97,1938,0.15587258159077588,25585,jo_lx_derive
F,98,1938,0.1692827707551975,21597,jo_lx_derive
F,99,1938,0.18326737640042357,17941,jo_lx_derive
F,100,1938,0.19777519961782575,14653,jo_lx_derive
F,101,1938,0.2128455976180349,11755,jo_lx_derive
F,102,1938,0.22825029720090784,9253,jo_lx_derive
F,103,1938,0.24436353451897497,7141,jo_lx_derive
F,104,1938,0.26093402520385467,5396,jo_lx_derive
F,105,1938,0.27783350050150446,3988,jo_lx_derive
F,106,1938,0.29513888888888884,2880,jo_lx_derive
F,107,1938,0.3133004926108375,2030,jo_lx_derive
F,108,1938,0.3321377331420373,1394,jo_lx_derive
F,109,1938,0.35016111707841036,931,jo_lx_derive
F,110,1938,0.37024793388429755,605,jo_lx_derive
F,111,1938,0.38845144356955386,381,jo_lx_derive
F,112,1938,0.41201716738197425,233,jo_lx_derive
F,113,1938,0.43065693430656937,137,jo_lx_derive
F,114,1938,0.4487179487179487,78,jo_lx_derive
F,115,1938,0.4651162790697675,43,jo_lx_derive
F,116,1938,0.5217391304347826,23,jo_lx_derive
F,117,1938,0.4545454545454546,11,jo_lx_derive
F,118,1938,0.5,6,jo_lx_derive
F,119,1938,0.6666666666666667,3,jo_lx_derive
F,120,1938,1.0,1,fermeture_hypothese
F,57,1939,0.002929999999999988,100000,jo_lx_derive
F,58,1939,0.0030689921469906345,99707,jo_lx_derive
F,59,1939,0.003249464291103732,99401,jo_lx_derive
F,60,1939,0.0033105230222653104,99078,jo_lx_derive
F,61,1939,0.003372151898734188,98750,jo_lx_derive
F,62,1939,0.003383561783025235,98417,jo_lx_derive
F,63,1939,0.003486807226458999,98084,jo_lx_derive
F,64,1939,0.003826400114587347,97742,jo_lx_derive
F,65,1939,0.004108125872976709,97368,jo_lx_derive
F,66,1939,0.004506641366223918,96968,jo_lx_derive
F,67,1939,0.004910339683624976,96531,jo_lx_derive
F,68,1939,0.005371810487522999,96057,jo_lx_derive
F,69,1939,0.005819491108529307,95541,jo_lx_derive
F,70,1939,0.006548402379323082,94985,jo_lx_derive
F,71,1939,0.007216811674067181,94363,jo_lx_derive
F,72,1939,0.007813667513503098,93682,jo_lx_derive
F,73,1939,0.008864981172673425,92950,jo_lx_derive
F,74,1939,0.009845211992271508,92126,jo_lx_derive
F,75,1939,0.011083217312182758,91219,jo_lx_derive
F,76,1939,0.012349237318197925,90208,jo_lx_derive
F,77,1939,0.014030125485442357,89094,jo_lx_derive
F,78,1939,0.015550293702472517,87844,jo_lx_derive
F,79,1939,0.017507342908022805,86478,jo_lx_derive
F,80,1939,0.019667153147215344,84964,jo_lx_derive
F,81,1939,0.022306796489500957,83293,jo_lx_derive
F,82,1939,0.025345367470989144,81435,jo_lx_derive
F,83,1939,0.028839248592055,79371,jo_lx_derive
F,84,1939,0.03283516255416308,77082,jo_lx_derive
F,85,1939,0.037397218011830824,74551,jo_lx_derive
F,86,1939,0.04276577066176168,71763,jo_lx_derive
F,87,1939,0.04898535534398929,68694,jo_lx_derive
F,88,1939,0.056758866659523344,65329,jo_lx_derive
F,89,1939,0.06484802258970157,61621,jo_lx_derive
F,90,1939,0.07439479392624726,57625,jo_lx_derive
F,91,1939,0.08416138587873556,53338,jo_lx_derive
F,92,1939,0.0956621425208295,48849,jo_lx_derive
F,93,1939,0.10618888084027522,44176,jo_lx_derive
F,94,1939,0.11731037102697228,39485,jo_lx_derive
F,95,1939,0.12897024646371902,34853,jo_lx_derive
F,96,1939,0.1412477765333685,30358,jo_lx_derive
F,97,1939,0.1540084388185654,26070,jo_lx_derive
F,98,1939,0.16735434141917938,22055,jo_lx_derive
F,99,1939,0.18122413417556082,18364,jo_lx_derive
F,100,1939,0.1955972333067305,15036,jo_lx_derive
F,101,1939,0.21050020669698222,12095,jo_lx_derive
F,102,1939,0.22599225049743432,9549,jo_lx_derive
F,103,1939,0.241780543904749,7391,jo_lx_derive
F,104,1939,0.2582084225553176,5604,jo_lx_derive
F,105,1939,0.2751984604281934,4157,jo_lx_derive
F,106,1939,0.29239960172585466,3013,jo_lx_derive
F,107,1939,0.3100375234521576,2132,jo_lx_derive
F,108,1939,0.3290278721957852,1471,jo_lx_derive
F,109,1939,0.3465045592705167,987,jo_lx_derive
F,110,1939,0.3674418604651163,645,jo_lx_derive
F,111,1939,0.3848039215686274,408,jo_lx_derive
F,112,1939,0.40637450199203184,251,jo_lx_derive
F,113,1939,0.4295302013422819,149,jo_lx_derive
F,114,1939,0.44705882352941173,85,jo_lx_derive
F,115,1939,0.46808510638297873,47,jo_lx_derive
F,116,1939,0.48,25,jo_lx_derive
F,117,1939,0.5384615384615384,13,jo_lx_derive
F,118,1939,0.5,6,jo_lx_derive
F,119,1939,0.6666666666666667,3,jo_lx_derive
F,120,1939,1.0,1,fermeture_hypothese
F,56,1940,0.0026599999999999957,100000,jo_lx_derive
F,57,1940,0.002907734573966758,99734,jo_lx_derive
F,58,1940,0.003046940991915048,99444,jo_lx_derive
F,59,1940,0.0032277261677812197,99141,jo_lx_derive
F,60,1940,0.0032887746531607975,98821,jo_lx_derive
F,61,1940,0.0033402371669915,98496,jo_lx_derive
F,62,1940,0.0033718051891165057,98167,jo_lx_derive
F,63,1940,0.0034547610286601582,97836,jo_lx_derive
F,64,1940,0.0037949496399926064,97498,jo_lx_derive
F,65,1940,0.004077094143810189,97128,jo_lx_derive
F,66,1940,0.004465947152958671,96732,jo_lx_derive
F,67,1940,0.004859813084112097,96300,jo_lx_derive
F,68,1940,0.005321813173052803,95832,jo_lx_derive
F,69,1940,0.005759425945741747,95322,jo_lx_derive
F,70,1940,0.00646808690238776,94773,jo_lx_derive
F,71,1940,0.00711554800339842,94160,jo_lx_derive
F,72,1940,0.007701358434057171,93490,jo_lx_derive
F,73,1940,0.008731270884984377,92770,jo_lx_derive
F,74,1940,0.00968899521531097,91960,jo_lx_derive
F,75,1940,0.01089283949532771,91069,jo_lx_derive
F,76,1940,0.012122961466301097,90077,jo_lx_derive
F,77,1940,0.01376636511771645,88985,jo_lx_derive
F,78,1940,0.015234731084776687,87760,jo_lx_derive
F,79,1940,0.017148212860002565,86423,jo_lx_derive
F,80,1940,0.019260427826373605,84941,jo_lx_derive
F,81,1940,0.02182341996278736,83305,jo_lx_derive
F,82,1940,0.024789230183955735,81487,jo_lx_derive
F,83,1940,0.028187801225665998,79467,jo_lx_derive
F,84,1940,0.03212606989783362,77227,jo_lx_derive
F,85,1940,0.036603965429588214,74746,jo_lx_derive
F,86,1940,0.04192473267601726,72010,jo_lx_derive
F,87,1940,0.04806424026322276,68991,jo_lx_derive
F,88,1940,0.05571374191092504,65675,jo_lx_derive
F,89,1940,0.06377386480908154,62016,jo_lx_derive
F,90,1940,0.07319887704310979,58061,jo_lx_derive
F,91,1940,0.08291984910148487,53811,jo_lx_derive
F,92,1940,0.09428762487588405,49349,jo_lx_derive
F,93,1940,0.10475210309647398,44696,jo_lx_derive
F,94,1940,0.11575948418053683,40014,jo_lx_derive
F,95,1940,0.1273528913006614,35382,jo_lx_derive
F,96,1940,0.1394934577017748,30876,jo_lx_derive
F,97,1940,0.15216982197297602,26569,jo_lx_derive
F,98,1940,0.16540886087188134,22526,jo_lx_derive
F,99,1940,0.17914893617021277,18800,jo_lx_derive
F,100,1940,0.19349403836184553,15432,jo_lx_derive
F,101,1940,0.20817933472601635,12446,jo_lx_derive
F,102,1940,0.22354134956874683,9855,jo_lx_derive
F,103,1940,0.23928384736016728,7652,jo_lx_derive
F,104,1940,0.25562618106854496,5821,jo_lx_derive
F,105,1940,0.27232864066466655,4333,jo_lx_derive
F,106,1940,0.28956549318109737,3153,jo_lx_derive
F,107,1940,0.30714285714285716,2240,jo_lx_derive
F,108,1940,0.3253865979381443,1552,jo_lx_derive
F,109,1940,0.3438395415472779,1047,jo_lx_derive
F,110,1940,0.363901018922853,687,jo_lx_derive
F,111,1940,0.38215102974828374,437,jo_lx_derive
F,112,1940,0.4037037037037037,270,jo_lx_derive
F,113,1940,0.422360248447205,161,jo_lx_derive
F,114,1940,0.4408602150537635,93,jo_lx_derive
F,115,1940,0.46153846153846156,52,jo_lx_derive
F,116,1940,0.5,28,jo_lx_derive
F,117,1940,0.5,14,jo_lx_derive
F,118,1940,0.5714285714285714,7,jo_lx_derive
F,119,1940,0.6666666666666667,3,jo_lx_derive
F,120,1940,1.0,1,fermeture_hypothese
F,55,1941,0.0023499999999999632,100000,jo_lx_derive
F,56,1941,0.002636195058387192,99765,jo_lx_derive
F,57,1941,0.002894414182629479,99502,jo_lx_derive
F,58,1941,0.0030237668071038115,99214,jo_lx_derive
F,59,1941,0.003204804173322251,98914,jo_lx_derive
F,60,1941,0.0032658194468391244,98597,jo_lx_derive
F,61,1941,0.0033172220808954656,98275,jo_lx_derive
F,62,1941,0.003348681456676439,97949,jo_lx_derive
F,63,1941,0.0034316386842995206,97621,jo_lx_derive
F,64,1941,0.0037621034886828886,97286,jo_lx_derive
F,65,1941,0.004044572843582284,96920,jo_lx_derive
F,66,1941,0.004423586938504864,96528,jo_lx_derive
F,67,1941,0.00480744217021678,96101,jo_lx_derive
F,68,1941,0.005259360721044715,95639,jo_lx_derive
F,69,1941,0.0056865960309451236,95136,jo_lx_derive
F,70,1941,0.006385115492362203,94595,jo_lx_derive
F,71,1941,0.007021948910002074,93991,jo_lx_derive
F,72,1941,0.007596618486890749,93331,jo_lx_derive
F,73,1941,0.008594070523201824,92622,jo_lx_derive
F,74,1941,0.009528891599329126,91826,jo_lx_derive
F,75,1941,0.01069806819056418,90951,jo_lx_derive
F,76,1941,0.011902909600124523,89978,jo_lx_derive
F,77,1941,0.013486002227046212,88907,jo_lx_derive
F,78,1941,0.01492452227846952,87708,jo_lx_derive
F,79,1941,0.016782601650482065,86399,jo_lx_derive
F,80,1941,0.01885837384783806,84949,jo_lx_derive
F,81,1941,0.021332501469758958,83347,jo_lx_derive
F,82,1941,0.0242371489168679,81569,jo_lx_derive
F,83,1941,0.027565584480852334,79592,jo_lx_derive
F,84,1941,0.031422000568490094,77398,jo_lx_derive
F,85,1941,0.03582957607448711,74966,jo_lx_derive
F,86,1941,0.04106253458771447,72280,jo_lx_derive
F,87,1941,0.04714912280701755,69312,jo_lx_derive
F,88,1941,0.05469081218581551,66044,jo_lx_derive
F,89,1941,0.06269220912352635,62432,jo_lx_derive
F,90,1941,0.07202911924536037,58518,jo_lx_derive
F,91,1941,0.08168977772867059,54303,jo_lx_derive
F,92,1941,0.09292718631559949,49867,jo_lx_derive
F,93,1941,0.10328742289921078,45233,jo_lx_derive
F,94,1941,0.11422302211483937,40561,jo_lx_derive
F,95,1941,0.12572366956134495,35928,jo_lx_derive
F,96,1941,0.13775428989844318,31411,jo_lx_derive
F,97,1941,0.15034706837985523,27084,jo_lx_derive
F,98,1941,0.16347992351816443,23012,jo_lx_derive
F,99,1941,0.17714285714285716,19250,jo_lx_derive
F,100,1941,0.19128787878787878,15840,jo_lx_derive
F,101,1941,0.20593286494925844,12810,jo_lx_derive
F,102,1941,0.22119543845851353,10172,jo_lx_derive
F,103,1941,0.23680888664478672,7922,jo_lx_derive
F,104,1941,0.2528944756864042,6046,jo_lx_derive
F,105,1941,0.269647996457826,4517,jo_lx_derive
F,106,1941,0.28675356168535915,3299,jo_lx_derive
F,107,1941,0.3042923926901827,2353,jo_lx_derive
F,108,1941,0.32254123396456935,1637,jo_lx_derive
F,109,1941,0.3408476104598738,1109,jo_lx_derive
F,110,1941,0.35978112175102595,731,jo_lx_derive
F,111,1941,0.3782051282051282,468,jo_lx_derive
F,112,1941,0.39862542955326463,291,jo_lx_derive
F,113,1941,0.41714285714285715,175,jo_lx_derive
F,114,1941,0.4411764705882353,102,jo_lx_derive
F,115,1941,0.45614035087719296,57,jo_lx_derive
F,116,1941,0.4838709677419355,31,jo_lx_derive
F,117,1941,0.5,16,jo_lx_derive
F,118,1941,0.5,8,jo_lx_derive
F,119,1941,0.5,4,jo_lx_derive
F,120,1941,1.0,2,fermeture_hypothese
F,54,1942,0.0022600000000000398,100000,jo_lx_derive
F,55,1942,0.002325255076472854,99774,jo_lx_derive
F,56,1942,0.0026320548110345676,99542,jo_lx_derive
F,57,1942,0.0028706688154713778,99280,jo_lx_derive
F,58,1942,0.0030001515228041953,98995,jo_lx_derive
F,59,1942,0.0031915540335163417,98698,jo_lx_derive
F,60,1942,0.003242430094630211,98383,jo_lx_derive
F,61,1942,0.0032937673356175923,98064,jo_lx_derive
F,62,1942,0.00331488321175355,97741,jo_lx_derive
F,63,1942,0.0034080293993861144,97417,jo_lx_derive
F,64,1942,0.003728691352938185,97085,jo_lx_derive
F,65,1942,0.0040114553932363295,96723,jo_lx_derive
F,66,1942,0.004380547049358974,96335,jo_lx_derive
F,67,1942,0.004754308592161638,95913,jo_lx_derive
F,68,1942,0.005196056863299714,95457,jo_lx_derive
F,69,1942,0.005623361169322161,94961,jo_lx_derive
F,70,1942,0.006301163862030945,94427,jo_lx_derive
F,71,1942,0.006916616932389763,93832,jo_lx_derive
F,72,1942,0.0074906367041198685,93183,jo_lx_derive
F,73,1942,0.008455425204087152,92485,jo_lx_derive
F,74,1942,0.009367196274930989,91703,jo_lx_derive
F,75,1942,0.010501519087666722,90844,jo_lx_derive
F,76,1942,0.011669818667260023,89890,jo_lx_derive
F,77,1942,0.013214619376188952,88841,jo_lx_derive
F,78,1942,0.014623518541754588,87667,jo_lx_derive
F,79,1942,0.016426462927591645,86385,jo_lx_derive
F,80,1942,0.01843090177247364,84966,jo_lx_derive
F,81,1942,0.02086330935251801,83400,jo_lx_derive
F,82,1942,0.02369581190301251,81660,jo_lx_derive
F,83,1942,0.026942615239887058,79725,jo_lx_derive
F,84,1942,0.03071786740915472,77577,jo_lx_derive
F,85,1942,0.03505598850972147,75194,jo_lx_derive
F,86,1942,0.04022988505747127,72558,jo_lx_derive
F,87,1942,0.04622409856545906,69639,jo_lx_derive
F,88,1942,0.0537037037037037,66420,jo_lx_derive
F,89,1942,0.06160406026760856,62853,jo_lx_derive
F,90,1942,0.07087028025974462,58981,jo_lx_derive
F,91,1942,0.08045473622744115,54801,jo_lx_derive
F,92,1942,0.09158199714240356,50392,jo_lx_derive
F,93,1942,0.10184153614260438,45777,jo_lx_derive
F,94,1942,0.11268393530341725,41115,jo_lx_derive
F,95,1942,0.12408859163423058,36482,jo_lx_derive
F,96,1942,0.13603504928806132,31955,jo_lx_derive
F,97,1942,0.1485439003187482,27608,jo_lx_derive
F,98,1942,0.16152635385204406,23507,jo_lx_derive
F,99,1942,0.17508878741755451,19710,jo_lx_derive
F,100,1942,0.18918752690817398,16259,jo_lx_derive
F,101,1942,0.20367139497838127,13183,jo_lx_derive
F,102,1942,0.218803581634597,10498,jo_lx_derive
F,103,1942,0.2343616632118034,8201,jo_lx_derive
F,104,1942,0.250358337314859,6279,jo_lx_derive
F,105,1942,0.2668366263012535,4707,jo_lx_derive
F,106,1942,0.283975659229209,3451,jo_lx_derive
F,107,1942,0.3010926750303521,2471,jo_lx_derive
F,108,1942,0.31962941517081644,1727,jo_lx_derive
F,109,1942,0.33702127659574466,1175,jo_lx_derive
F,110,1942,0.35686777920410784,779,jo_lx_derive
F,111,1942,0.375249500998004,501,jo_lx_derive
F,112,1942,0.39616613418530355,313,jo_lx_derive
F,113,1942,0.4126984126984127,189,jo_lx_derive
F,114,1942,0.4414414414414415,111,jo_lx_derive
F,115,1942,0.4516129032258065,62,jo_lx_derive
F,116,1942,0.47058823529411764,34,jo_lx_derive
F,117,1942,0.5,18,jo_lx_derive
F,118,1942,0.5555555555555556,9,jo_lx_derive
F,119,1942,0.5,4,jo_lx_derive
F,120,1942,1.0,2,fermeture_hypothese
F,53,1943,0.0022199999999999998,100000,jo_lx_derive
F,54,1943,0.0022449838641784847,99778,jo_lx_derive
F,55,1943,0.0023103039556421345,99554,jo_lx_derive
F,56,1943,0.0026076275623212464,99324,jo_lx_derive
F,57,1943,0.0028567102407510703,99065,jo_lx_derive
F,58,1943,0.0029863740357555235,98782,jo_lx_derive
F,59,1943,0.0031577771685603606,98487,jo_lx_derive
F,60,1943,0.003218709256844865,98176,jo_lx_derive
F,61,1943,0.0032699775189045654,97860,jo_lx_derive
F,62,1943,0.0033012097600984003,97540,jo_lx_derive
F,63,1943,0.0033738608076693266,97218,jo_lx_derive
F,64,1943,0.0036949117555991062,96890,jo_lx_derive
F,65,1943,0.003967596237517079,96532,jo_lx_derive
F,66,1943,0.004337018585736763,96149,jo_lx_derive
F,67,1943,0.004700622571344959,95732,jo_lx_derive
F,68,1943,0.005142629247916752,95282,jo_lx_derive
F,69,1943,0.005548991476073906,94792,jo_lx_derive
F,70,1943,0.00621645131860904,94266,jo_lx_derive
F,71,1943,0.0068210930828351835,93680,jo_lx_derive
F,72,1943,0.007373093582399126,93041,jo_lx_derive
F,73,1943,0.008315738184180632,92355,jo_lx_derive
F,74,1943,0.00920436306462713,91587,jo_lx_derive
F,75,1943,0.010303711540156968,90744,jo_lx_derive
F,76,1943,0.011446514269171204,89809,jo_lx_derive
F,77,1943,0.012941958301888934,88781,jo_lx_derive
F,78,1943,0.014309841153916425,87632,jo_lx_derive
F,79,1943,0.016057329412581867,86378,jo_lx_derive
F,80,1943,0.018037203939240576,84991,jo_lx_derive
F,81,1943,0.02039349133695989,83458,jo_lx_derive
F,82,1943,0.023142032389060097,81756,jo_lx_derive
F,83,1943,0.026332264850245424,79864,jo_lx_derive
F,84,1943,0.030027906019727157,77761,jo_lx_derive
F,85,1943,0.03429851775249915,75426,jo_lx_derive
F,86,1943,0.039388239816581794,72839,jo_lx_derive
F,87,1943,0.045333714449049545,69970,jo_lx_derive
F,88,1943,0.052696188508638,66798,jo_lx_derive
F,89,1943,0.060542368595720486,63278,jo_lx_derive
F,90,1943,0.06972597439736239,59447,jo_lx_derive
F,91,1943,0.07921955806299952,55302,jo_lx_derive
F,92,1943,0.09023781936725517,50921,jo_lx_derive
F,93,1943,0.10041877131632349,46326,jo_lx_derive
F,94,1943,0.11117243365167728,41674,jo_lx_derive
F,95,1943,0.12245889689803191,37041,jo_lx_derive
F,96,1943,0.1343177972619597,32505,jo_lx_derive
F,97,1943,0.1467358470450265,28139,jo_lx_derive
F,98,1943,0.15960016659725118,24010,jo_lx_derive
F,99,1943,0.1730597680642284,20178,jo_lx_derive
F,100,1943,0.18704303008510126,16686,jo_lx_derive
F,101,1943,0.20147438260228534,13565,jo_lx_derive
F,102,1943,0.2163958641063516,10832,jo_lx_derive
F,103,1943,0.23185673892554193,8488,jo_lx_derive
F,104,1943,0.24785276073619633,6520,jo_lx_derive
F,105,1943,0.2640701468189234,4904,jo_lx_derive
F,106,1943,0.28124134109171517,3609,jo_lx_derive
F,107,1943,0.2983808789514264,2594,jo_lx_derive
F,108,1943,0.3159340659340659,1820,jo_lx_derive
F,109,1943,0.334136546184739,1245,jo_lx_derive
F,110,1943,0.353437876960193,829,jo_lx_derive
F,111,1943,0.37126865671641796,536,jo_lx_derive
F,112,1943,0.3916913946587537,337,jo_lx_derive
F,113,1943,0.40975609756097564,205,jo_lx_derive
F,114,1943,0.4297520661157025,121,jo_lx_derive
F,115,1943,0.4492753623188406,69,jo_lx_derive
F,116,1943,0.4736842105263158,38,jo_lx_derive
F,117,1943,0.5,20,jo_lx_derive
F,118,1943,0.5,10,jo_lx_derive
F,119,1943,0.6,5,jo_lx_derive
F,120,1943,1.0,2,fermeture_hypothese
F,52,1944,0.0020400000000000418,100000,jo_lx_derive
F,53,1944,0.0022044971742354313,99796,jo_lx_derive
F,54,1944,0.002229452880212146,99576,jo_lx_derive
F,55,1944,0.002304889586730252,99354,jo_lx_derive
F,56,1944,0.002592686002522049,99125,jo_lx_derive
F,57,1944,0.002832058906825252,98868,jo_lx_derive
F,58,1944,0.0029618209112670657,98588,jo_lx_derive
F,59,1944,0.0031435663709611372,98296,jo_lx_derive
F,60,1944,0.0031943012848643093,97987,jo_lx_derive
F,61,1944,0.003245490099719528,97674,jo_lx_derive
F,62,1944,0.0032663290775187814,97357,jo_lx_derive
F,63,1944,0.003349168890858345,97039,jo_lx_derive
F,64,1944,0.003670616456769471,96714,jo_lx_derive
F,65,1944,0.003922830249379894,96359,jo_lx_derive
F,66,1944,0.0042925162271699735,95981,jo_lx_derive
F,67,1944,0.004645857966495415,95569,jo_lx_derive
F,68,1944,0.005077529566360095,95125,jo_lx_derive
F,69,1944,0.005483823249719966,94642,jo_lx_derive
F,70,1944,0.00611965194479569,94123,jo_lx_derive
F,71,1944,0.006723892802548481,93547,jo_lx_derive
F,72,1944,0.007253707570115564,92918,jo_lx_derive
F,73,1944,0.008173973374962062,92244,jo_lx_derive
F,74,1944,0.009039239261121379,91490,jo_lx_derive
F,75,1944,0.010103349767821457,90663,jo_lx_derive
F,76,1944,0.011220430766488043,89747,jo_lx_derive
F,77,1944,0.012666215911652068,88740,jo_lx_derive
F,78,1944,0.014004291453615814,87616,jo_lx_derive
F,79,1944,0.01570801838196989,86389,jo_lx_derive
F,80,1944,0.017628657446608353,85032,jo_lx_derive
F,81,1944,0.01992027103061067,83533,jo_lx_derive
F,82,1944,0.022621505087395688,81869,jo_lx_derive
F,83,1944,0.025719534598897753,80017,jo_lx_derive
F,84,1944,0.029348760245770267,77959,jo_lx_derive
F,85,1944,0.03355314453357294,75671,jo_lx_derive
F,86,1944,0.03856041131105403,73132,jo_lx_derive
F,87,1944,0.0444447604960746,70312,jo_lx_derive
F,88,1944,0.051706431303674805,67187,jo_lx_derive
F,89,1944,0.05948550531288743,63713,jo_lx_derive
F,90,1944,0.0685713332109541,59923,jo_lx_derive
F,91,1944,0.07800910165908193,55814,jo_lx_derive
F,92,1944,0.08890400310921098,51460,jo_lx_derive
F,93,1944,0.09900821158152928,46885,jo_lx_derive
F,94,1944,0.10965130317449046,42243,jo_lx_derive
F,95,1944,0.12086889473824147,37611,jo_lx_derive
F,96,1944,0.13261757145017394,33065,jo_lx_derive
F,97,1944,0.1449093444909344,28680,jo_lx_derive
F,98,1944,0.1577230468112869,24524,jo_lx_derive
F,99,1944,0.17103989155693256,20656,jo_lx_derive
F,100,1944,0.18489750627810542,17123,jo_lx_derive
F,101,1944,0.19925485419502753,13957,jo_lx_derive
F,102,1944,0.21411954187544735,11176,jo_lx_derive
F,103,1944,0.2294204713651372,8783,jo_lx_derive
F,104,1944,0.24512411347517726,6768,jo_lx_derive
F,105,1944,0.26149931493442946,5109,jo_lx_derive
F,106,1944,0.27829313543599254,3773,jo_lx_derive
F,107,1944,0.29526257803892764,2723,jo_lx_derive
F,108,1944,0.3131839499739447,1919,jo_lx_derive
F,109,1944,0.33080424886191195,1318,jo_lx_derive
F,110,1944,0.3503401360544217,882,jo_lx_derive
F,111,1944,0.36823734729493895,573,jo_lx_derive
F,112,1944,0.3867403314917127,362,jo_lx_derive
F,113,1944,0.40990990990990994,222,jo_lx_derive
F,114,1944,0.4274809160305344,131,jo_lx_derive
F,115,1944,0.45333333333333337,75,jo_lx_derive
F,116,1944,0.46341463414634143,41,jo_lx_derive
F,117,1944,0.5,22,jo_lx_derive
F,118,1944,0.5454545454545454,11,jo_lx_derive
F,119,1944,0.4,5,jo_lx_derive
F,120,1944,1.0,3,fermeture_hypothese
F,51,1945,0.0018799999999999928,100000,jo_lx_derive
F,52,1945,0.0020338235883461397,99812,jo_lx_derive
F,53,1945,0.002188557258882229,99609,jo_lx_derive
F,54,1945,0.0022235413669245974,99391,jo_lx_derive
F,55,1945,0.0022789149944539844,99170,jo_lx_derive
F,56,1945,0.0025772153945666787,98944,jo_lx_derive
F,57,1945,0.0028169299516663804,98689,jo_lx_derive
F,58,1945,0.0029468250500451765,98411,jo_lx_derive
F,59,1945,0.0031185984651603826,98121,jo_lx_derive
F,60,1945,0.0031692480703368053,97815,jo_lx_derive
F,61,1945,0.003220347674478208,97505,jo_lx_derive
F,62,1945,0.003241040837114517,97191,jo_lx_derive
F,63,1945,0.003313514183079347,96876,jo_lx_derive
F,64,1945,0.003635233804567317,96555,jo_lx_derive
F,65,1945,0.0038875722423183934,96204,jo_lx_derive
F,66,1945,0.004236669101533974,95830,jo_lx_derive
F,67,1945,0.004600519785378898,95424,jo_lx_derive
F,68,1945,0.005011317576459451,94985,jo_lx_derive
F,69,1945,0.005406892465267821,94509,jo_lx_derive
F,70,1945,0.006032043234962425,93998,jo_lx_derive
F,71,1945,0.006614506962357214,93431,jo_lx_derive
F,72,1945,0.007143395860493729,92813,jo_lx_derive
F,73,1945,0.008030385241454163,92150,jo_lx_derive
F,74,1945,0.008872114648287965,91410,jo_lx_derive
F,75,1945,0.009911809181116782,90599,jo_lx_derive
F,76,1945,0.0109920736669602,89701,jo_lx_derive
F,77,1945,0.012387983993687679,88715,jo_lx_derive
F,78,1945,0.013696128560993448,87616,jo_lx_derive
F,79,1945,0.015367524532494015,86416,jo_lx_derive
F,80,1945,0.017217468973298233,85088,jo_lx_derive
F,81,1945,0.019468328091553744,83623,jo_lx_derive
F,82,1945,0.022086712604427072,81995,jo_lx_derive
F,83,1945,0.02512970168612194,80184,jo_lx_derive
F,84,1945,0.028681446609269634,78169,jo_lx_derive
F,85,1945,0.03280782857218112,75927,jo_lx_derive
F,86,1945,0.037747153984421855,73436,jo_lx_derive
F,87,1945,0.04357239895845122,70664,jo_lx_derive
F,88,1945,0.05072131390101353,67585,jo_lx_derive
F,89,1945,0.05843477718721257,64157,jo_lx_derive
F,90,1945,0.0674413984902662,60408,jo_lx_derive
F,91,1945,0.07680974189654566,56334,jo_lx_derive
F,92,1945,0.08758436364335576,52007,jo_lx_derive
F,93,1945,0.0975722835707662,47452,jo_lx_derive
F,94,1945,0.10814534585026392,42822,jo_lx_derive
F,95,1945,0.11926893770783698,38191,jo_lx_derive
F,96,1945,0.1309311452015698,33636,jo_lx_derive
F,97,1945,0.1430966064586754,29232,jo_lx_derive
F,98,1945,0.15585452513074372,25049,jo_lx_derive
F,99,1945,0.16902340978954833,21145,jo_lx_derive
F,100,1945,0.18280120653349263,17571,jo_lx_derive
F,101,1945,0.19701929103698024,14359,jo_lx_derive
F,102,1945,0.21179531656548134,11530,jo_lx_derive
F,103,1945,0.22689260563380287,9088,jo_lx_derive
F,104,1945,0.24267008255052658,7026,jo_lx_derive
F,105,1945,0.2587859424920128,5321,jo_lx_derive
F,106,1945,0.2756085192697769,3944,jo_lx_derive
F,107,1945,0.29226461323066155,2857,jo_lx_derive
F,108,1945,0.31008902077151335,2022,jo_lx_derive
F,109,1945,0.32831541218637994,1395,jo_lx_derive
F,110,1945,0.3457844183564568,937,jo_lx_derive
F,111,1945,0.365415986949429,613,jo_lx_derive
F,112,1945,0.3856041131105399,389,jo_lx_derive
F,113,1945,0.40167364016736407,239,jo_lx_derive
F,114,1945,0.42657342657342656,143,jo_lx_derive
F,115,1945,0.4390243902439024,82,jo_lx_derive
F,116,1945,0.4782608695652174,46,jo_lx_derive
F,117,1945,0.45833333333333337,24,jo_lx_derive
F,118,1945,0.5384615384615384,13,jo_lx_derive
F,119,1945,0.5,6,jo_lx_derive
F,120,1945,1.0,3,fermeture_hypothese
F,50,1946,0.0017800000000000038,100000,jo_lx_derive
F,51,1946,0.0018733345354731146,99822,jo_lx_derive
F,52,1946,0.002017363376323633,99635,jo_lx_derive
F,53,1946,0.0021722951907797716,99434,jo_lx_derive
F,54,1946,0.002207260779294118,99218,jo_lx_derive
F,55,1946,0.0022727502298003355,98999,jo_lx_derive
F,56,1946,0.0025614027983072996,98774,jo_lx_derive
F,57,1946,0.0028014331969833384,98521,jo_lx_derive
F,58,1946,0.0029212682579266014,98245,jo_lx_derive
F,59,1946,0.0030931623757119997,97958,jo_lx_derive
F,60,1946,0.0031437202396190633,97655,jo_lx_derive
F,61,1946,0.0031947240826725176,97348,jo_lx_derive
F,62,1946,0.0032152684027741962,97037,jo_lx_derive
F,63,1946,0.0032876712328767654,96725,jo_lx_derive
F,64,1946,0.003588951009781405,96407,jo_lx_derive
F,65,1946,0.0038517192200788752,96061,jo_lx_derive
F,66,1946,0.004190571736108928,95691,jo_lx_derive
F,67,1946,0.004533529226571464,95290,jo_lx_derive
F,68,1946,0.004944232431634665,94858,jo_lx_derive
F,69,1946,0.005339605250611834,94389,jo_lx_derive
F,70,1946,0.00594344144432013,93885,jo_lx_derive
F,71,1946,0.006504012772295287,93327,jo_lx_derive
F,72,1946,0.00702113891285594,92720,jo_lx_derive
F,73,1946,0.007896251724250236,92069,jo_lx_derive
F,74,1946,0.008703553677388287,91342,jo_lx_derive
F,75,1946,0.009718709620418098,90547,jo_lx_derive
F,76,1946,0.010762041776796405,89667,jo_lx_derive
F,77,1946,0.012119230682509974,88702,jo_lx_derive
F,78,1946,0.013397697056843239,87627,jo_lx_derive
F,79,1946,0.015002371230610878,86453,jo_lx_derive
F,80,1946,0.01682793931138149,85156,jo_lx_derive
F,81,1946,0.019015085460387215,83723,jo_lx_derive
F,82,1946,0.021563112588425803,82131,jo_lx_derive
F,83,1946,0.024539571926331494,80360,jo_lx_derive
F,84,1946,0.028027249068734994,78388,jo_lx_derive
F,85,1946,0.032077279468703646,76191,jo_lx_derive
F,86,1946,0.03695065561988964,73747,jo_lx_derive
F,87,1946,0.04269099715581093,71022,jo_lx_derive
F,88,1946,0.04975731725253718,67990,jo_lx_derive
F,89,1946,0.0574086399306577,64607,jo_lx_derive
F,90,1946,0.06630759630858152,60898,jo_lx_derive
F,91,1946,0.07562434048540279,56860,jo_lx_derive
F,92,1946,0.08626331811263321,52560,jo_lx_derive
F,93,1946,0.09617707075334192,48026,jo_lx_derive
F,94,1946,0.10666482364595575,43407,jo_lx_derive
F,95,1946,0.11767284730639294,38777,jo_lx_derive
F,96,1946,0.1292453381656632,34214,jo_lx_derive
F,97,1946,0.14131310418904408,29792,jo_lx_derive
F,98,1946,0.15393636150418266,25582,jo_lx_derive
F,99,1946,0.1670670855664388,21644,jo_lx_derive
F,100,1946,0.18071888173951633,18028,jo_lx_derive
F,101,1946,0.1948544346648612,14770,jo_lx_derive
F,102,1946,0.20938446014127143,11892,jo_lx_derive
F,103,1946,0.2245266964475644,9402,jo_lx_derive
F,104,1946,0.24015910026059528,7291,jo_lx_derive
F,105,1946,0.25613718411552344,5540,jo_lx_derive
F,106,1946,0.27274933268624124,4121,jo_lx_derive
F,107,1946,0.289622956289623,2997,jo_lx_derive
F,108,1946,0.30671676843588536,2129,jo_lx_derive
F,109,1946,0.3252032520325203,1476,jo_lx_derive
F,110,1946,0.34337349397590367,996,jo_lx_derive
F,111,1946,0.36085626911314983,654,jo_lx_derive
F,112,1946,0.38038277511961727,418,jo_lx_derive
F,113,1946,0.4015444015444015,259,jo_lx_derive
F,114,1946,0.4193548387096774,155,jo_lx_derive
F,115,1946,0.4444444444444444,90,jo_lx_derive
F,116,1946,0.45999999999999996,50,jo_lx_derive
F,117,1946,0.4814814814814815,27,jo_lx_derive
F,118,1946,0.5,14,jo_lx_derive
F,119,1946,0.5714285714285714,7,jo_lx_derive
F,120,1946,1.0,3,fermeture_hypothese
F,49,1947,0.0015600000000000058,100000,jo_lx_derive
F,50,1947,0.0017727655142021348,99844,jo_lx_derive
F,51,1947,0.0018561810830064474,99667,jo_lx_derive
F,52,1947,0.002010413944231071,99482,jo_lx_derive
F,53,1947,0.0021655486392296863,99282,jo_lx_derive
F,54,1947,0.0021904367751117704,99067,jo_lx_derive
F,55,1947,0.0022559433485078717,98850,jo_lx_derive
F,56,1947,0.002544942054407029,98627,jo_lx_derive
F,57,1947,0.0027852321704481264,98376,jo_lx_derive
F,58,1947,0.002894946076532623,98102,jo_lx_derive
F,59,1947,0.003077143266065563,97818,jo_lx_derive
F,60,1947,0.003117405170380505,97517,jo_lx_derive
F,61,1947,0.00316830053593653,97213,jo_lx_derive
F,62,1947,0.003178370569114075,96905,jo_lx_derive
F,63,1947,0.0032609708376036828,96597,jo_lx_derive
F,64,1947,0.0035520658066928723,96282,jo_lx_derive
F,65,1947,0.0038044611215343194,95940,jo_lx_derive
F,66,1947,0.00414334292440488,95575,jo_lx_derive
F,67,1947,0.004475777219764887,95179,jo_lx_derive
F,68,1947,0.004875835065908163,94753,jo_lx_derive
F,69,1947,0.005260311164374087,94291,jo_lx_derive
F,70,1947,0.005853190468575131,93795,jo_lx_derive
F,71,1947,0.006402419406730586,93246,jo_lx_derive
F,72,1947,0.0068969983486060205,92649,jo_lx_derive
F,73,1947,0.007749157700249976,92010,jo_lx_derive
F,74,1947,0.008543544694787353,91297,jo_lx_derive
F,75,1947,0.009523073013908978,90517,jo_lx_derive
F,76,1947,0.010529251017790453,89655,jo_lx_derive
F,77,1947,0.011858732287991391,88711,jo_lx_derive
F,78,1947,0.013096202329481277,87659,jo_lx_derive
F,79,1947,0.014657095629457495,86511,jo_lx_derive
F,80,1947,0.01643536712691951,85243,jo_lx_derive
F,81,1947,0.018570644784236978,83842,jo_lx_derive
F,82,1947,0.021048793826335288,82285,jo_lx_derive
F,83,1947,0.023959380780355755,80553,jo_lx_derive
F,84,1947,0.02737112549762788,78623,jo_lx_derive
F,85,1947,0.03137136953877939,76471,jo_lx_derive
F,86,1947,0.03616751269035534,74072,jo_lx_derive
F,87,1947,0.04183883574019864,71393,jo_lx_derive
F,88,1947,0.048796889161769386,68406,jo_lx_derive
F,89,1947,0.05638716419745493,65068,jo_lx_derive
F,90,1947,0.06519650157168688,61399,jo_lx_derive
F,91,1947,0.074430273886682,57396,jo_lx_derive
F,92,1947,0.08495218733529097,53124,jo_lx_derive
F,93,1947,0.09479335952767887,48611,jo_lx_derive
F,94,1947,0.10517464718314662,44003,jo_lx_derive
F,95,1947,0.11611428571428573,39375,jo_lx_derive
F,96,1947,0.1275464758785162,34803,jo_lx_derive
F,97,1947,0.13957317876432618,30364,jo_lx_derive
F,98,1947,0.1520707341345786,26126,jo_lx_derive
F,99,1947,0.16507922177583167,22153,jo_lx_derive
F,100,1947,0.17863321799307963,18496,jo_lx_derive
F,101,1947,0.1926013691416535,15192,jo_lx_derive
F,102,1947,0.20715799771726728,12266,jo_lx_derive
F,103,1947,0.22210796915167097,9725,jo_lx_derive
F,104,1947,0.23767349636483803,7565,jo_lx_derive
F,105,1947,0.253511357724987,5767,jo_lx_derive
F,106,1947,0.26991869918699185,4305,jo_lx_derive
F,107,1947,0.2866687877823735,3143,jo_lx_derive
F,108,1947,0.304192685102587,2242,jo_lx_derive
F,109,1947,0.32179487179487176,1560,jo_lx_derive
F,110,1947,0.3393194706994329,1058,jo_lx_derive
F,111,1947,0.3590844062947067,699,jo_lx_derive
F,112,1947,0.3772321428571429,448,jo_lx_derive
F,113,1947,0.3978494623655914,279,jo_lx_derive
F,114,1947,0.41666666666666663,168,jo_lx_derive
F,115,1947,0.4387755102040817,98,jo_lx_derive
F,116,1947,0.4545454545454546,55,jo_lx_derive
F,117,1947,0.4666666666666667,30,jo_lx_derive
F,118,1947,0.5,16,jo_lx_derive
F,119,1947,0.5,8,jo_lx_derive
F,120,1947,1.0,4,fermeture_hypothese
F,48,1948,0.0013100000000000334,100000,jo_lx_derive
F,49,1948,0.0015520331634440998,99869,jo_lx_derive
F,50,1948,0.0017550193553562687,99714,jo_lx_derive
F,51,1948,0.0018585679984729486,99539,jo_lx_derive
F,52,1948,0.001992873965819153,99354,jo_lx_derive
F,53,1948,0.002148130219048805,99156,jo_lx_derive
F,54,1948,0.0021830751038476315,98943,jo_lx_derive
F,55,1948,0.002238496054777328,98727,jo_lx_derive
F,56,1948,0.0025277648062046465,98506,jo_lx_derive
F,57,1948,0.0027682506080991542,98257,jo_lx_derive
F,58,1948,0.002877991529315671,97985,jo_lx_derive
F,59,1948,0.003050059875336464,97703,jo_lx_derive
F,60,1948,0.0030901904419691206,97405,jo_lx_derive
F,61,1948,0.0031409622672597948,97104,jo_lx_derive
F,62,1948,0.003140528311242896,96799,jo_lx_derive
F,63,1948,0.0032229649204621458,96495,jo_lx_derive
F,64,1948,0.0035244947184562836,96184,jo_lx_derive
F,65,1948,0.003756064479106924,95845,jo_lx_derive
F,66,1948,0.004094884013195799,95485,jo_lx_derive
F,67,1948,0.0044166824405325045,95094,jo_lx_derive
F,68,1948,0.004816528297103773,94674,jo_lx_derive
F,69,1948,0.0051794773822412266,94218,jo_lx_derive
F,70,1948,0.005761229062199891,93730,jo_lx_derive
F,71,1948,0.00629895911578493,93190,jo_lx_derive
F,72,1948,0.006781637743917601,92603,jo_lx_derive
F,73,1948,0.007599891274802983,91975,jo_lx_derive
F,74,1948,0.00837021780095537,91276,jo_lx_derive
F,75,1948,0.009324730422485383,90512,jo_lx_derive
F,76,1948,0.010315831734844072,89668,jo_lx_derive
F,77,1948,0.011584012260121956,88743,jo_lx_derive
F,78,1948,0.012802827338539546,87715,jo_lx_derive
F,79,1948,0.014320029563931969,86592,jo_lx_derive
F,80,1948,0.016051176305183268,85352,jo_lx_derive
F,81,1948,0.0181229311042842,83982,jo_lx_derive
F,82,1948,0.020543293718166433,82460,jo_lx_derive
F,83,1948,0.023400936037441533,80766,jo_lx_derive
F,84,1948,0.02672549317916728,78876,jo_lx_derive
F,85,1948,0.030663818257607334,76768,jo_lx_derive
F,86,1948,0.03539656516246947,74414,jo_lx_derive
F,87,1948,0.040986347171914184,71780,jo_lx_derive
F,88,1948,0.04785147738167872,68838,jo_lx_derive
F,89,1948,0.05536738679360431,65544,jo_lx_derive
F,90,1948,0.06410401356698703,61915,jo_lx_derive
F,91,1948,0.07325786076692098,57946,jo_lx_derive
F,92,1948,0.08366697081991026,53701,jo_lx_derive
F,93,1948,0.09341976914322869,49208,jo_lx_derive
F,94,1948,0.10369639774943396,44611,jo_lx_derive
F,95,1948,0.1145429536076028,39985,jo_lx_derive
F,96,1948,0.12591441886739163,35405,jo_lx_derive
F,97,1948,0.13778395321032733,30947,jo_lx_derive
F,98,1948,0.15020799760146908,26683,jo_lx_derive
F,99,1948,0.16313120176405738,22675,jo_lx_derive
F,100,1948,0.17659148397976387,18976,jo_lx_derive
F,101,1948,0.19046399999999997,15625,jo_lx_derive
F,102,1948,0.20483832714048544,12649,jo_lx_derive
F,103,1948,0.21972559156890037,10058,jo_lx_derive
F,104,1948,0.23509174311926606,7848,jo_lx_derive
F,105,1948,0.2508745627186407,6003,jo_lx_derive
F,106,1948,0.2670669335112297,4497,jo_lx_derive
F,107,1948,0.28398058252427183,3296,jo_lx_derive
F,108,1948,0.3008474576271186,2360,jo_lx_derive
F,109,1948,0.31878787878787884,1650,jo_lx_derive
F,110,1948,0.3362989323843416,1124,jo_lx_derive
F,111,1948,0.3552278820375335,746,jo_lx_derive
F,112,1948,0.37422037422037424,481,jo_lx_derive
F,113,1948,0.3920265780730897,301,jo_lx_derive
F,114,1948,0.41530054644808745,183,jo_lx_derive
F,115,1948,0.4299065420560748,107,jo_lx_derive
F,116,1948,0.4590163934426229,61,jo_lx_derive
F,117,1948,0.48484848484848486,33,jo_lx_derive
F,118,1948,0.47058823529411764,17,jo_lx_derive
F,119,1948,0.5555555555555556,9,jo_lx_derive
F,120,1948,1.0,4,fermeture_hypothese
F,47,1949,0.0011799999999999589,100000,jo_lx_derive
F,48,1949,0.0013015358122584475,99882,jo_lx_derive
F,49,1949,0.0015438286951640068,99752,jo_lx_derive
F,50,1949,0.0017470230325909997,99598,jo_lx_derive
F,51,1949,0.0018406018667525004,99424,jo_lx_derive
F,52,1949,0.001985066655918466,99241,jo_lx_derive
F,53,1949,0.0021404628246032287,99044,jo_lx_derive
F,54,1949,0.0021652905941395018,98832,jo_lx_derive
F,55,1949,0.002230830071589418,98618,jo_lx_derive
F,56,1949,0.0025102136222281413,98398,jo_lx_derive
F,57,1949,0.00274067508227116,98151,jo_lx_derive
F,58,1949,0.002860587237694334,97882,jo_lx_derive
F,59,1949,0.003012233355873861,97602,jo_lx_derive
F,60,1949,0.003072717556624305,97308,jo_lx_derive
F,61,1949,0.003102804894391187,97009,jo_lx_derive
F,62,1949,0.003122802663688584,96708,jo_lx_derive
F,63,1949,0.003184449100678388,96406,jo_lx_derive
F,64,1949,0.0034755824722422224,96099,jo_lx_derive
F,65,1949,0.003717433300266304,95765,jo_lx_derive
F,66,1949,0.00404573991971402,95409,jo_lx_derive
F,67,1949,0.004356839922965983,95023,jo_lx_derive
F,68,1949,0.004745848703611721,94609,jo_lx_derive
F,69,1949,0.005097706032285432,94160,jo_lx_derive
F,70,1949,0.005678906917164772,93680,jo_lx_derive
F,71,1949,0.00618370764804399,93148,jo_lx_derive
F,72,1949,0.006665082314306736,92572,jo_lx_derive
F,73,1949,0.007449295851231552,91955,jo_lx_derive
F,74,1949,0.008217377013257421,91270,jo_lx_derive
F,75,1949,0.009125055236411828,90520,jo_lx_derive
F,76,1949,0.010089861083238616,89694,jo_lx_derive
F,77,1949,0.011318969692191594,88789,jo_lx_derive
F,78,1949,0.0125079741182903,87784,jo_lx_derive
F,79,1949,0.01399303232355864,86686,jo_lx_derive
F,80,1949,0.015665765797386322,85473,jo_lx_derive
F,81,1949,0.017686072218128235,84134,jo_lx_derive
F,82,1949,0.020061466979648168,82646,jo_lx_derive
F,83,1949,0.022830542796463682,80988,jo_lx_derive
F,84,1949,0.026105965453189994,79139,jo_lx_derive
F,85,1949,0.029971585380094146,77073,jo_lx_derive
F,86,1949,0.034629428995626155,74763,jo_lx_derive
F,87,1949,0.040152963671128084,72174,jo_lx_derive
F,88,1949,0.04692822911253536,69276,jo_lx_derive
F,89,1949,0.05435819765240435,66025,jo_lx_derive
F,90,1949,0.06300852072522267,62436,jo_lx_derive
F,91,1949,0.07210009914190962,58502,jo_lx_derive
F,92,1949,0.08238154889101756,54284,jo_lx_derive
F,93,1949,0.09204609331084879,49812,jo_lx_derive
F,94,1949,0.10223981250138192,45227,jo_lx_derive
F,95,1949,0.11299657660763984,40603,jo_lx_derive
F,96,1949,0.1242815493544357,36015,jo_lx_derive
F,97,1949,0.13605377469165159,31539,jo_lx_derive
F,98,1949,0.14837786259541985,27248,jo_lx_derive
F,99,1949,0.16117216117216115,23205,jo_lx_derive
F,100,1949,0.1745183662984845,19465,jo_lx_derive
F,101,1949,0.18826238486432656,16068,jo_lx_derive
F,102,1949,0.2026374300391014,13043,jo_lx_derive
F,103,1949,0.2173076923076923,10400,jo_lx_derive
F,104,1949,0.23267813267813264,8140,jo_lx_derive
F,105,1949,0.24815882164585334,6246,jo_lx_derive
F,106,1949,0.264480408858603,4696,jo_lx_derive
F,107,1949,0.28112333526346267,3454,jo_lx_derive
F,108,1949,0.29802658074909383,2483,jo_lx_derive
F,109,1949,0.31554790590935167,1743,jo_lx_derive
F,110,1949,0.3336127409891031,1193,jo_lx_derive
F,111,1949,0.35220125786163525,795,jo_lx_derive
F,112,1949,0.370873786407767,515,jo_lx_derive
F,113,1949,0.38888888888888884,324,jo_lx_derive
F,114,1949,0.40909090909090906,198,jo_lx_derive
F,115,1949,0.4273504273504274,117,jo_lx_derive
F,116,1949,0.4477611940298507,67,jo_lx_derive
F,117,1949,0.4864864864864865,37,jo_lx_derive
F,118,1949,0.4736842105263158,19,jo_lx_derive
F,119,1949,0.5,10,jo_lx_derive
F,120,1949,1.0,5,fermeture_hypothese
F,46,1950,0.0010599999999999499,100000,jo_lx_derive
F,47,1950,0.0011712415160070044,99894,jo_lx_derive
F,48,1950,0.00130290547921863,99777,jo_lx_derive
F,49,1950,0.001535420032715451,99647,jo_lx_derive
F,50,1950,0.0017387983194966372,99494,jo_lx_derive
F,51,1950,0.001832442283102309,99321,jo_lx_derive
F,52,1950,0.0019669353130453704,99139,jo_lx_derive
F,53,1950,0.002132519404915878,98944,jo_lx_derive
F,54,1950,0.0021472050884708827,98733,jo_lx_derive
F,55,1950,0.0022228763410846453,98521,jo_lx_derive
F,56,1950,0.0024923195865801384,98302,jo_lx_derive
F,57,1950,0.002722906064839825,98057,jo_lx_derive
F,58,1950,0.0028223744759178215,97790,jo_lx_derive
F,59,1950,0.002994441823738092,97514,jo_lx_derive
F,60,1950,0.0030342926498118095,97222,jo_lx_derive
F,61,1950,0.003074478731416419,96927,jo_lx_derive
F,62,1950,0.003094309161845832,96629,jo_lx_derive
F,63,1950,0.0031558185404338968,96330,jo_lx_derive
F,64,1950,0.0034365692624913624,96026,jo_lx_derive
F,65,1950,0.0036678649055341683,95696,jo_lx_derive
F,66,1950,0.00398552624678794,95345,jo_lx_derive
F,67,1950,0.004306849892065534,94965,jo_lx_derive
F,68,1950,0.004674478615846689,94556,jo_lx_derive
F,69,1950,0.0050258197505153035,94114,jo_lx_derive
F,70,1950,0.0055744812635490915,93641,jo_lx_derive
F,71,1950,0.006078243967396535,93119,jo_lx_derive
F,72,1950,0.006536795133599171,92553,jo_lx_derive
F,73,1950,0.007319354417714363,91948,jo_lx_derive
F,74,1950,0.008041632429471424,91275,jo_lx_derive
F,75,1950,0.008935178537899935,90541,jo_lx_derive
F,76,1950,0.00987384656532786,89732,jo_lx_derive
F,77,1950,0.011064088422663931,88846,jo_lx_derive
F,78,1950,0.012212193983815678,87863,jo_lx_derive
F,79,1950,0.013653646733494673,86790,jo_lx_derive
F,80,1950,0.015291162899363386,85605,jo_lx_derive
F,81,1950,0.01726060548543229,84296,jo_lx_derive
F,82,1950,0.01957967673012151,82841,jo_lx_derive
F,83,1950,0.02228542582400672,81219,jo_lx_derive
F,84,1950,0.025488294777670006,79409,jo_lx_derive
F,85,1950,0.02929508302642636,77385,jo_lx_derive
F,86,1950,0.03388002875475915,75118,jo_lx_derive
F,87,1950,0.039325920108029155,72573,jo_lx_derive
F,88,1950,0.04601328188872478,69719,jo_lx_derive
F,89,1950,0.05337462976049079,66511,jo_lx_derive
F,90,1950,0.06192722478994939,62961,jo_lx_derive
F,91,1950,0.0709423995123768,59062,jo_lx_derive
F,92,1950,0.08111605190260973,54872,jo_lx_derive
F,93,1950,0.09069633684377543,50421,jo_lx_derive
F,94,1950,0.10081137672308493,45848,jo_lx_derive
F,95,1950,0.11143453160626793,41226,jo_lx_derive
F,96,1950,0.12265232583533525,36632,jo_lx_derive
F,97,1950,0.1343227854009148,32139,jo_lx_derive
F,98,1950,0.14653871037308608,27822,jo_lx_derive
F,99,1950,0.15923352284691517,23745,jo_lx_derive
F,100,1950,0.17246042877178924,19964,jo_lx_derive
F,101,1950,0.1861872767992252,16521,jo_lx_derive
F,102,1950,0.20037188545927853,13445,jo_lx_derive
F,103,1950,0.21495674820946886,10751,jo_lx_derive
F,104,1950,0.23009478672985784,8440,jo_lx_derive
F,105,1950,0.24576792859341334,6498,jo_lx_derive
F,106,1950,0.2617833095286676,4901,jo_lx_derive
F,107,1950,0.2780541735765616,3618,jo_lx_derive
F,108,1950,0.29517611026033685,2612,jo_lx_derive
F,109,1950,0.3128734383487235,1841,jo_lx_derive
F,110,1950,0.33043478260869563,1265,jo_lx_derive
F,111,1950,0.3482880755608029,847,jo_lx_derive
F,112,1950,0.36775362318840576,552,jo_lx_derive
F,113,1950,0.3868194842406877,349,jo_lx_derive
F,114,1950,0.40654205607476634,214,jo_lx_derive
F,115,1950,0.4251968503937008,127,jo_lx_derive
F,116,1950,0.4383561643835616,73,jo_lx_derive
F,117,1950,0.46341463414634143,41,jo_lx_derive
F,118,1950,0.5,22,jo_lx_derive
F,119,1950,0.5454545454545454,11,jo_lx_derive
F,120,1950,1.0,5,fermeture_hypothese
F,45,1951,0.0009700000000000264,100000,jo_lx_derive
F,46,1951,0.0010610291983224052,99903,jo_lx_derive
F,47,1951,0.0011623595899676875,99797,jo_lx_derive
F,48,1951,0.0012941282691786293,99681,jo_lx_derive
F,49,1951,0.0015268402442943918,99552,jo_lx_derive
F,50,1951,0.0017303822937625446,99400,jo_lx_derive
F,51,1951,0.0018240819123634955,99228,jo_lx_derive
F,52,1951,0.001958666087816918,99047,jo_lx_derive
F,53,1951,0.0021142504526924233,98853,jo_lx_derive
F,54,1951,0.0021390049065326266,98644,jo_lx_derive
F,55,1951,0.0022045452236546526,98433,jo_lx_derive
F,56,1951,0.0024741386332165494,98216,jo_lx_derive
F,57,1951,0.002694619946311705,97973,jo_lx_derive
F,58,1951,0.0028042452588810107,97709,jo_lx_derive
F,59,1951,0.002966079950736389,97435,jo_lx_derive
F,60,1951,0.0030057851069523744,97146,jo_lx_derive
F,61,1951,0.003045821545831884,96854,jo_lx_derive
F,62,1951,0.0030447705547903547,96559,jo_lx_derive
F,63,1951,0.0031267854360359504,96265,jo_lx_derive
F,64,1951,0.0033971072485515785,95964,jo_lx_derive
F,65,1951,0.0036282649156192948,95638,jo_lx_derive
F,66,1951,0.003935313933110196,95291,jo_lx_derive
F,67,1951,0.004235323865312446,94916,jo_lx_derive
F,68,1951,0.0046024927523964365,94514,jo_lx_derive
F,69,1951,0.0049532839422187225,94079,jo_lx_derive
F,70,1951,0.005480008118530555,93613,jo_lx_derive
F,71,1951,0.005972073039742232,93100,jo_lx_derive
F,72,1951,0.006418568464730323,92544,jo_lx_derive
F,73,1951,0.007177814029363794,91950,jo_lx_derive
F,74,1951,0.007875999561835934,91290,jo_lx_derive
F,75,1951,0.00874452087312716,90571,jo_lx_derive
F,76,1951,0.009657046748125953,89779,jo_lx_derive
F,77,1951,0.010797192729890215,88912,jo_lx_derive
F,78,1951,0.011926960160087319,87952,jo_lx_derive
F,79,1951,0.013336708744232095,86903,jo_lx_derive
F,80,1951,0.014928158238477374,85744,jo_lx_derive
F,81,1951,0.01683557491949228,84464,jo_lx_derive
F,82,1951,0.019098769297463902,83042,jo_lx_derive
F,83,1951,0.02174179925358477,81456,jo_lx_derive
F,84,1951,0.024885486603501317,79685,jo_lx_derive
F,85,1951,0.028622171887467518,77702,jo_lx_derive
F,86,1951,0.03314873208087121,75478,jo_lx_derive
F,87,1951,0.038519513264634986,72976,jo_lx_derive
F,88,1951,0.0451079598090216,70165,jo_lx_derive
F,89,1951,0.05240298507462682,67000,jo_lx_derive
F,90,1951,0.06086093654018809,63489,jo_lx_derive
F,91,1951,0.06980293501048218,59625,jo_lx_derive
F,92,1951,0.07985503849413123,55463,jo_lx_derive
F,93,1951,0.08935219657483251,51034,jo_lx_derive
F,94,1951,0.09936738821706759,46474,jo_lx_derive
F,95,1951,0.10994839449541283,41856,jo_lx_derive
F,96,1951,0.12100714017286729,37254,jo_lx_derive
F,97,1951,0.13262688572650094,32746,jo_lx_derive
F,98,1951,0.14470302432841597,28403,jo_lx_derive
F,99,1951,0.15732927180669332,24293,jo_lx_derive
F,100,1951,0.1704362268575057,20471,jo_lx_derive
F,101,1951,0.184077258273466,16982,jo_lx_derive
F,102,1951,0.19810912240184753,13856,jo_lx_derive
F,103,1951,0.21267212672126723,11111,jo_lx_derive
F,104,1951,0.22759487882944673,8748,jo_lx_derive
F,105,1951,0.24315524641112918,6757,jo_lx_derive
F,106,1951,0.25909268674227615,5114,jo_lx_derive
F,107,1951,0.2755344418052257,3789,jo_lx_derive
F,108,1951,0.2921675774134791,2745,jo_lx_derive
F,109,1951,0.3093154915079773,1943,jo_lx_derive
F,110,1951,0.327123695976155,1342,jo_lx_derive
F,111,1951,0.345514950166113,903,jo_lx_derive
F,112,1951,0.3637901861252115,591,jo_lx_derive
F,113,1951,0.3829787234042553,376,jo_lx_derive
F,114,1951,0.40086206896551724,232,jo_lx_derive
F,115,1951,0.4244604316546763,139,jo_lx_derive
F,116,1951,0.4375,80,jo_lx_derive
F,117,1951,0.4666666666666667,45,jo_lx_derive
F,118,1951,0.5,24,jo_lx_derive
F,119,1951,0.5,12,jo_lx_derive
F,120,1951,1.0,6,fermeture_hypothese
F,44,1952,0.0008599999999999719,100000,jo_lx_derive
F,45,1952,0.0009708349180295173,99914,jo_lx_derive
F,46,1952,0.001051925022791722,99817,jo_lx_derive
F,47,1952,0.0011633504492939428,99712,jo_lx_derive
F,48,1952,0.001275151612514569,99596,jo_lx_derive
F,49,1952,0.0015281142868632802,99469,jo_lx_derive
F,50,1952,0.001721759618192209,99317,jo_lx_derive
F,51,1952,0.0018054182720432799,99146,jo_lx_derive
F,52,1952,0.0019501449978275298,98967,jo_lx_derive
F,53,1952,0.002105817320347425,98774,jo_lx_derive
F,54,1952,0.0021204066310898106,98566,jo_lx_derive
F,55,1952,0.0021859145764917542,98357,jo_lx_derive
F,56,1952,0.002455625522202576,98142,jo_lx_derive
F,57,1952,0.002676172868510074,97901,jo_lx_derive
F,58,1952,0.002775530269666815,97639,jo_lx_derive
F,59,1952,0.0029373099991784057,97368,jo_lx_derive
F,60,1952,0.0029665643476648462,97082,jo_lx_derive
F,61,1952,0.003016715912143364,96794,jo_lx_derive
F,62,1952,0.0030154815444239924,96502,jo_lx_derive
F,63,1952,0.003086965107939821,96211,jo_lx_derive
F,64,1952,0.003357174135162788,95914,jo_lx_derive
F,65,1952,0.003577705247301055,95592,jo_lx_derive
F,66,1952,0.0038845144356954853,95250,jo_lx_derive
F,67,1952,0.004184232715008451,94880,jo_lx_derive
F,68,1952,0.0045299154345226356,94483,jo_lx_derive
F,69,1952,0.004869491255116709,94055,jo_lx_derive
F,70,1952,0.0053847879739735705,93597,jo_lx_derive
F,71,1952,0.0058651026392961825,93093,jo_lx_derive
F,72,1952,0.006299501874723168,92547,jo_lx_derive
F,73,1952,0.007035361663259576,91964,jo_lx_derive
F,74,1952,0.007720358750287426,91317,jo_lx_derive
F,75,1952,0.00855295104401188,90612,jo_lx_derive
F,76,1952,0.009428186604628408,89837,jo_lx_derive
F,77,1952,0.010562984605011816,88990,jo_lx_derive
F,78,1952,0.011641113003974968,88050,jo_lx_derive
F,79,1952,0.013007756391841374,87025,jo_lx_derive
F,80,1952,0.014564632740735606,85893,jo_lx_derive
F,81,1952,0.01642210722809012,84642,jo_lx_derive
F,82,1952,0.01863018305866526,83252,jo_lx_derive
F,83,1952,0.02122373043169601,81701,jo_lx_derive
F,84,1952,0.024297522728125354,79967,jo_lx_derive
F,85,1952,0.02796575412693525,78024,jo_lx_derive
F,86,1952,0.032409482872287176,75842,jo_lx_derive
F,87,1952,0.0377193938733239,73384,jo_lx_derive
F,88,1952,0.044225104792115055,70616,jo_lx_derive
F,89,1952,0.051442371801520115,67493,jo_lx_derive
F,90,1952,0.0598085003358273,64021,jo_lx_derive
F,91,1952,0.0686802232854864,60192,jo_lx_derive
F,92,1952,0.07861500588676018,56058,jo_lx_derive
F,93,1952,0.08801378482507594,51651,jo_lx_derive
F,94,1952,0.09795138520326929,47105,jo_lx_derive
F,95,1952,0.1084229601562684,42491,jo_lx_derive
F,96,1952,0.11941716819765602,37884,jo_lx_derive
F,97,1952,0.1309052757793765,33360,jo_lx_derive
F,98,1952,0.14293105232297454,28993,jo_lx_derive
F,99,1952,0.15545897219203997,24849,jo_lx_derive
F,100,1952,0.16844563042028016,20986,jo_lx_derive
F,101,1952,0.18193799782247433,17451,jo_lx_derive
F,102,1952,0.19585318016251052,14276,jo_lx_derive
F,103,1952,0.21036585365853655,11480,jo_lx_derive
F,104,1952,0.22526199669056812,9065,jo_lx_derive
F,105,1952,0.24063790402961693,7023,jo_lx_derive
F,106,1952,0.2563285205325333,5333,jo_lx_derive
F,107,1952,0.27281896116994453,3966,jo_lx_derive
F,108,1952,0.28918169209431344,2884,jo_lx_derive
F,109,1952,0.306829268292683,2050,jo_lx_derive
F,110,1952,0.3237156931738212,1421,jo_lx_derive
F,111,1952,0.34235171696149846,961,jo_lx_derive
F,112,1952,0.3607594936708861,632,jo_lx_derive
F,113,1952,0.3787128712871287,404,jo_lx_derive
F,114,1952,0.398406374501992,251,jo_lx_derive
F,115,1952,0.41721854304635764,151,jo_lx_derive
F,116,1952,0.44318181818181823,88,jo_lx_derive
F,117,1952,0.44897959183673475,49,jo_lx_derive
F,118,1952,0.4814814814814815,27,jo_lx_derive
F,119,1952,0.5,14,jo_lx_derive
F,120,1952,1.0,7,fermeture_hypothese
F,43,1953,0.0008399999999999519,100000,jo_lx_derive
F,44,1953,0.0008607230073262029,99916,jo_lx_derive
F,45,1953,0.0009616347791244761,99830,jo_lx_derive
F,46,1953,0.0010528004491948684,99734,jo_lx_derive
F,47,1953,0.0011542823876582453,99629,jo_lx_derive
F,48,1953,0.001276202343388877,99514,jo_lx_derive
F,49,1953,0.0015092517130006478,99387,jo_lx_derive
F,50,1953,0.0017130707296673098,99237,jo_lx_derive
F,51,1953,0.0017967638063128843,99067,jo_lx_derive
F,52,1953,0.0019415708521676178,98889,jo_lx_derive
F,53,1953,0.002087196166043581,98697,jo_lx_derive
F,54,1953,0.0021118680894700592,98491,jo_lx_derive
F,55,1953,0.0021672110130948052,98283,jo_lx_derive
F,56,1953,0.002437034771081925,98070,jo_lx_derive
F,57,1953,0.0026474225961096165,97831,jo_lx_derive
F,58,1953,0.0027466896240724292,97572,jo_lx_derive
F,59,1953,0.002908410753925894,97304,jo_lx_derive
F,60,1953,0.0029375083744755948,97021,jo_lx_derive
F,61,1953,0.002977174991730114,96736,jo_lx_derive
F,62,1953,0.0029860650298606517,96448,jo_lx_derive
F,63,1953,0.0030470049916805353,96160,jo_lx_derive
F,64,1953,0.0033170955594730156,95867,jo_lx_derive
F,65,1953,0.003537451987985274,95549,jo_lx_derive
F,66,1953,0.003823087668441638,95211,jo_lx_derive
F,67,1953,0.0041224287536769655,94847,jo_lx_derive
F,68,1953,0.004457101719319012,94456,jo_lx_derive
F,69,1953,0.004796086563513602,94035,jo_lx_derive
F,70,1953,0.005289365703539106,93584,jo_lx_derive
F,71,1953,0.0057579305825608,93089,jo_lx_derive
F,72,1953,0.006180242671766423,92553,jo_lx_derive
F,73,1953,0.006892727845968172,91981,jo_lx_derive
F,74,1953,0.007553614240204953,91347,jo_lx_derive
F,75,1953,0.00837221615539896,90657,jo_lx_derive
F,76,1953,0.009221562214954737,89898,jo_lx_derive
F,77,1953,0.01030661621888651,89069,jo_lx_derive
F,78,1953,0.011366859139431251,88151,jo_lx_derive
F,79,1953,0.012690908673650858,87149,jo_lx_derive
F,80,1953,0.014202201224968958,86043,jo_lx_derive
F,81,1953,0.016021975689982426,84821,jo_lx_derive
F,82,1953,0.018175936354269062,83462,jo_lx_derive
F,83,1953,0.020696808835194314,81945,jo_lx_derive
F,84,1953,0.023726152350808105,80249,jo_lx_derive
F,85,1953,0.02731508073265687,78345,jo_lx_derive
F,86,1953,0.031703956433304925,76205,jo_lx_derive
F,87,1953,0.03692962365664254,73789,jo_lx_derive
F,88,1953,0.04335528537656197,71064,jo_lx_derive
F,89,1953,0.050483209037553545,67983,jo_lx_derive
F,90,1953,0.05877523198711099,64551,jo_lx_derive
F,91,1953,0.06756423128199218,60757,jo_lx_derive
F,92,1953,0.07738473487255526,56652,jo_lx_derive
F,93,1953,0.08670697176092446,52268,jo_lx_derive
F,94,1953,0.0965518686106921,47736,jo_lx_derive
F,95,1953,0.10691678067104138,43127,jo_lx_derive
F,96,1953,0.11782116523003427,38516,jo_lx_derive
F,97,1953,0.12923067867443638,33978,jo_lx_derive
F,98,1953,0.14114306959137457,29587,jo_lx_derive
F,99,1953,0.15355554681043637,25411,jo_lx_derive
F,100,1953,0.16644195453066157,21509,jo_lx_derive
F,101,1953,0.17987617825868707,17929,jo_lx_derive
F,102,1953,0.19368879216539714,14704,jo_lx_derive
F,103,1953,0.207995951417004,11856,jo_lx_derive
F,104,1953,0.2228966986155485,9390,jo_lx_derive
F,105,1953,0.23804303138276006,7297,jo_lx_derive
F,106,1953,0.2537769784172662,5560,jo_lx_derive
F,107,1953,0.26994456495541097,4149,jo_lx_derive
F,108,1953,0.28656322218553976,3029,jo_lx_derive
F,109,1953,0.30356316520129567,2161,jo_lx_derive
F,110,1953,0.32093023255813957,1505,jo_lx_derive
F,111,1953,0.33855185909980434,1022,jo_lx_derive
F,112,1953,0.3579881656804734,676,jo_lx_derive
F,113,1953,0.37557603686635943,434,jo_lx_derive
F,114,1953,0.3948339483394834,271,jo_lx_derive
F,115,1953,0.41463414634146345,164,jo_lx_derive
F,116,1953,0.4375,96,jo_lx_derive
F,117,1953,0.4444444444444444,54,jo_lx_derive
F,118,1953,0.4666666666666667,30,jo_lx_derive
F,119,1953,0.5,16,jo_lx_derive
F,120,1953,1.0,8,fermeture_hypothese
F,42,1954,0.0007000000000000339,100000,jo_lx_derive
F,43,1954,0.0008405884118882767,99930,jo_lx_derive
F,44,1954,0.0008513110189691808,99846,jo_lx_derive
F,45,1954,0.000962299896753227,99761,jo_lx_derive
F,46,1954,0.0010434957106305598,99665,jo_lx_derive
F,47,1954,0.001145026667068394,99561,jo_lx_derive
F,48,1954,0.0012670065462004887,99447,jo_lx_derive
F,49,1954,0.0015102546289303964,99321,jo_lx_derive
F,50,1954,0.001704127214609108,99171,jo_lx_derive
F,51,1954,0.0017878426698451078,99002,jo_lx_derive
F,52,1954,0.0019327093346824809,98825,jo_lx_derive
F,53,1954,0.0020682523267838704,98634,jo_lx_derive
F,54,1954,0.002092857868535969,98430,jo_lx_derive
F,55,1954,0.0021583319758918806,98224,jo_lx_derive
F,56,1954,0.0024078684242745396,98012,jo_lx_derive
F,57,1954,0.0026284568810341913,97776,jo_lx_derive
F,58,1954,0.002717419169597668,97519,jo_lx_derive
F,59,1954,0.0028687766055894848,97254,jo_lx_derive
F,60,1954,0.0029079659706109373,96975,jo_lx_derive
F,61,1954,0.002947472929788142,96693,jo_lx_derive
F,62,1954,0.002945813625425231,96408,jo_lx_derive
F,63,1954,0.003016936457076236,96124,jo_lx_derive
F,64,1954,0.003276498946094275,95834,jo_lx_derive
F,65,1954,0.003475711892797273,95520,jo_lx_derive
F,66,1954,0.0037819893263856263,95188,jo_lx_derive
F,67,1954,0.004059982283713626,94828,jo_lx_derive
F,68,1954,0.004383596455004635,94443,jo_lx_derive
F,69,1954,0.004711312467430284,94029,jo_lx_derive
F,70,1954,0.005203769794627444,93586,jo_lx_derive
F,71,1954,0.005649899569275751,93099,jo_lx_derive
F,72,1954,0.006060082313417481,92573,jo_lx_derive
F,73,1954,0.006749119680041771,92012,jo_lx_derive
F,74,1954,0.007396789618233757,91391,jo_lx_derive
F,75,1954,0.008179463153833444,90715,jo_lx_derive
F,76,1954,0.009013815255687785,89973,jo_lx_derive
F,77,1954,0.010060339606558832,89162,jo_lx_derive
F,78,1954,0.011091599161615617,88265,jo_lx_derive
F,79,1954,0.012384574845908825,87286,jo_lx_derive
F,80,1954,0.013862304970709394,86205,jo_lx_derive
F,81,1954,0.015621691565698148,85010,jo_lx_derive
F,82,1954,0.017721851772185215,83682,jo_lx_derive
F,83,1954,0.020194892881908566,82199,jo_lx_derive
F,84,1954,0.023156483194477162,80539,jo_lx_derive
F,85,1954,0.026679716297633327,78674,jo_lx_derive
F,86,1954,0.031002285341168778,76575,jo_lx_derive
F,87,1954,0.03617201924502367,74201,jo_lx_derive
F,88,1954,0.04247941048981363,71517,jo_lx_derive
F,89,1954,0.04956263964134988,68479,jo_lx_derive
F,90,1954,0.05773987862026586,65085,jo_lx_derive
F,91,1954,0.06644707877443867,61327,jo_lx_derive
F,92,1954,0.07618947809683507,57252,jo_lx_derive
F,93,1954,0.0854036679901683,52890,jo_lx_derive
F,94,1954,0.0951563888946313,48373,jo_lx_derive
F,95,1954,0.10543751427918668,43770,jo_lx_derive
F,96,1954,0.11625590601455749,39155,jo_lx_derive
F,97,1954,0.1275611941161171,34603,jo_lx_derive
F,98,1954,0.13935539434893507,30189,jo_lx_derive
F,99,1954,0.15168193364637061,25982,jo_lx_derive
F,100,1954,0.16451159203302934,22041,jo_lx_derive
F,101,1954,0.17778984523486285,18415,jo_lx_derive
F,102,1954,0.19153292384915133,15141,jo_lx_derive
F,103,1954,0.20570214851727797,12241,jo_lx_derive
F,104,1954,0.22050807363982305,9723,jo_lx_derive
F,105,1954,0.23551919778334873,7579,jo_lx_derive
F,106,1954,0.2512944425267518,5794,jo_lx_derive
F,107,1954,0.2671738128169664,4338,jo_lx_derive
F,108,1954,0.2837370242214533,3179,jo_lx_derive
F,109,1954,0.3003952569169961,2277,jo_lx_derive
F,110,1954,0.3182674199623352,1593,jo_lx_derive
F,111,1954,0.3351749539594844,1086,jo_lx_derive
F,112,1954,0.3545706371191135,722,jo_lx_derive
F,113,1954,0.371244635193133,466,jo_lx_derive
F,114,1954,0.39249146757679176,293,jo_lx_derive
F,115,1954,0.4101123595505618,178,jo_lx_derive
F,116,1954,0.4285714285714286,105,jo_lx_derive
F,117,1954,0.44999999999999996,60,jo_lx_derive
F,118,1954,0.48484848484848486,33,jo_lx_derive
F,119,1954,0.47058823529411764,17,jo_lx_derive
F,120,1954,1.0,9,fermeture_hypothese
F,41,1955,0.0006199999999999539,100000,jo_lx_derive
F,42,1955,0.0007004342692469301,99938,jo_lx_derive
F,43,1955,0.0008310970481034685,99868,jo_lx_derive
F,44,1955,0.000851831437590822,99785,jo_lx_derive
F,45,1955,0.0009528585757271335,99700,jo_lx_derive
F,46,1955,0.0010441242909492443,99605,jo_lx_derive
F,47,1955,0.0011457171284711132,99501,jo_lx_derive
F,48,1955,0.0012577097608339471,99387,jo_lx_derive
F,49,1955,0.0015010779553101816,99262,jo_lx_derive
F,50,1955,0.0016950349600960424,99113,jo_lx_derive
F,51,1955,0.0017787659811006051,98945,jo_lx_derive
F,52,1955,0.0019135558727940705,98769,jo_lx_derive
F,53,1955,0.0020592412254006875,98580,jo_lx_derive
F,54,1955,0.002073655427589749,98377,jo_lx_derive
F,55,1955,0.0021390810100536672,98173,jo_lx_derive
F,56,1955,0.0023886569419065973,97963,jo_lx_derive
F,57,1955,0.0025990238312066927,97729,jo_lx_derive
F,58,1955,0.002687868684278061,97475,jo_lx_derive
F,59,1955,0.0028391264542808603,97213,jo_lx_derive
F,60,1955,0.0028781579788934586,96937,jo_lx_derive
F,61,1955,0.002907157193403509,96658,jo_lx_derive
F,62,1955,0.0029156333980099314,96377,jo_lx_derive
F,63,1955,0.0029761904761904656,96096,jo_lx_derive
F,64,1955,0.003235570399749532,95810,jo_lx_derive
F,65,1955,0.003434554973821946,95500,jo_lx_derive
F,66,1955,0.00371958138948425,95172,jo_lx_derive
F,67,1955,0.00399713134636881,94818,jo_lx_derive
F,68,1955,0.004320249049651115,94439,jo_lx_derive
F,69,1955,0.004626133934553467,94031,jo_lx_derive
F,70,1955,0.005107055857087928,93596,jo_lx_derive
F,71,1955,0.005541356128782815,93118,jo_lx_derive
F,72,1955,0.005950195460141194,92602,jo_lx_derive
F,73,1955,0.006605034165842794,92051,jo_lx_derive
F,74,1955,0.0072394825191649526,91443,jo_lx_derive
F,75,1955,0.007997268150824466,90781,jo_lx_derive
F,76,1955,0.008805729831769527,90055,jo_lx_derive
F,77,1955,0.00981380654701891,89262,jo_lx_derive
F,78,1955,0.010827506618695248,88386,jo_lx_derive
F,79,1955,0.01207837216484231,87429,jo_lx_derive
F,80,1955,0.013522744376136098,86373,jo_lx_derive
F,81,1955,0.015233847778886256,85205,jo_lx_derive
F,82,1955,0.017281037338958583,83907,jo_lx_derive
F,83,1955,0.01969511381689848,82457,jo_lx_derive
F,84,1955,0.022602155060433282,80833,jo_lx_derive
F,85,1955,0.02606131179910387,79006,jo_lx_derive
F,86,1955,0.030319570613539182,76947,jo_lx_derive
F,87,1955,0.03540890449513501,74614,jo_lx_derive
F,88,1955,0.041641193797587905,71972,jo_lx_derive
F,89,1955,0.04862631388184124,68975,jo_lx_derive
F,90,1955,0.05673488669785587,65621,jo_lx_derive
F,91,1955,0.06536560147339165,61898,jo_lx_derive
F,92,1955,0.07496715757450045,57852,jo_lx_derive
F,93,1955,0.08412594599644962,53515,jo_lx_derive
F,94,1955,0.09379144308652809,49013,jo_lx_derive
F,95,1955,0.1039715417867435,44416,jo_lx_derive
F,96,1955,0.11467912960450277,39798,jo_lx_derive
F,97,1955,0.1259011182380655,35234,jo_lx_derive
F,98,1955,0.13763880771478665,30798,jo_lx_derive
F,99,1955,0.14981738770285025,26559,jo_lx_derive
F,100,1955,0.16253321523472097,22580,jo_lx_derive
F,101,1955,0.1757271285034373,18910,jo_lx_derive
F,102,1955,0.1893885930583178,15587,jo_lx_derive
F,103,1955,0.20348239018599135,12635,jo_lx_derive
F,104,1955,0.21810413354531,10064,jo_lx_derive
F,105,1955,0.23306646333714576,7869,jo_lx_derive
F,106,1955,0.24871582435791217,6035,jo_lx_derive
F,107,1955,0.2644464049404499,4534,jo_lx_derive
F,108,1955,0.28095952023988,3335,jo_lx_derive
F,109,1955,0.29774812343619683,2398,jo_lx_derive
F,110,1955,0.31472684085510694,1684,jo_lx_derive
F,111,1955,0.3327556325823223,1154,jo_lx_derive
F,112,1955,0.35064935064935066,770,jo_lx_derive
F,113,1955,0.37,500,jo_lx_derive
F,114,1955,0.38730158730158726,315,jo_lx_derive
F,115,1955,0.40932642487046633,193,jo_lx_derive
F,116,1955,0.42105263157894735,114,jo_lx_derive
F,117,1955,0.4545454545454546,66,jo_lx_derive
F,118,1955,0.4722222222222222,36,jo_lx_derive
F,119,1955,0.4736842105263158,19,jo_lx_derive
F,120,1955,1.0,10,fermeture_hypothese
F,40,1956,0.0005600000000000049,100000,jo_lx_derive
F,41,1956,0.0006203473945409765,99944,jo_lx_derive
F,42,1956,0.0006908151618910674,99882,jo_lx_derive
F,43,1956,0.0008315550078646927,99813,jo_lx_derive
F,44,1956,0.0008422741401784561,99730,jo_lx_derive
F,45,1956,0.0009533749473135122,99646,jo_lx_derive
F,46,1956,0.0010346455585579228,99551,jo_lx_derive
F,47,1956,0.001136272222669099,99448,jo_lx_derive
F,48,1956,0.0012583681481854736,99335,jo_lx_derive
F,49,1956,0.0014917851023081852,99210,jo_lx_derive
F,50,1956,0.0016858129252387277,99062,jo_lx_derive
F,51,1956,0.001769553566914439,98895,jo_lx_derive
F,52,1956,0.0019043760129660026,98720,jo_lx_derive
F,53,1956,0.002039946413347926,98532,jo_lx_derive
F,54,1956,0.0020644557667469643,98331,jo_lx_derive
F,55,1956,0.00210948964617641,98128,jo_lx_derive
F,56,1956,0.002369256849909629,97921,jo_lx_derive
F,57,1956,0.0025693783332821907,97689,jo_lx_derive
F,58,1956,0.0026683634721565985,97438,jo_lx_derive
F,59,1956,0.0027989874251374003,97178,jo_lx_derive
F,60,1956,0.0028378015809135126,96906,jo_lx_derive
F,61,1956,0.002876923554552935,96631,jo_lx_derive
F,62,1956,0.0028748456197523753,96353,jo_lx_derive
F,63,1956,0.002945584745409846,96076,jo_lx_derive
F,64,1956,0.0031839487227668384,95793,jo_lx_derive
F,65,1956,0.0033930965147452863,95488,jo_lx_derive
F,66,1956,0.0036673532007902576,95164,jo_lx_derive
F,67,1956,0.00393397669145179,94815,jo_lx_derive
F,68,1956,0.0042459922492111835,94442,jo_lx_derive
F,69,1956,0.0045512063887027665,94041,jo_lx_derive
F,70,1956,0.00500998792902696,93613,jo_lx_derive
F,71,1956,0.005443184746199425,93144,jo_lx_derive
F,72,1956,0.005829204313611225,92637,jo_lx_derive
F,73,1956,0.006471437723270079,92097,jo_lx_derive
F,74,1956,0.0070818898154118015,91501,jo_lx_derive
F,75,1956,0.007814821745016687,90853,jo_lx_derive
F,76,1956,0.008597450717193755,90143,jo_lx_derive
F,77,1956,0.009578372571837801,89368,jo_lx_derive
F,78,1956,0.010563539407086098,88512,jo_lx_derive
F,79,1956,0.011783915868321615,87577,jo_lx_derive
F,80,1956,0.013183892772546058,86545,jo_lx_derive
F,81,1956,0.014847079762072002,85404,jo_lx_derive
F,82,1956,0.016853665493962167,84136,jo_lx_derive
F,83,1956,0.019209845499165823,82718,jo_lx_derive
F,84,1956,0.022051301014433755,81129,jo_lx_derive
F,85,1956,0.02547264935719684,79340,jo_lx_derive
F,86,1956,0.029630491858404828,77319,jo_lx_derive
F,87,1956,0.03466705763181743,75028,jo_lx_derive
F,88,1956,0.04079970176867742,72427,jo_lx_derive
F,89,1956,0.047731460156609895,69472,jo_lx_derive
F,90,1956,0.05573190640304737,66156,jo_lx_derive
F,91,1956,0.06428788679184871,62469,jo_lx_derive
F,92,1956,0.07378577660684649,58453,jo_lx_derive
F,93,1956,0.08284078315478394,54140,jo_lx_derive
F,94,1956,0.09241768200584033,49655,jo_lx_derive
F,95,1956,0.10253849909022328,45066,jo_lx_derive
F,96,1956,0.11314130300407965,40445,jo_lx_derive
F,97,1956,0.1242577155761242,35869,jo_lx_derive
F,98,1956,0.13590347637845412,31412,jo_lx_derive
F,99,1956,0.14799395792653725,27143,jo_lx_derive
F,100,1956,0.16059846060710892,23126,jo_lx_derive
F,101,1956,0.17370698536987428,19412,jo_lx_derive
F,102,1956,0.18721945137157103,16040,jo_lx_derive
F,103,1956,0.2012732990718724,13037,jo_lx_derive
F,104,1956,0.2156919235570921,10413,jo_lx_derive
F,105,1956,0.23068446185869962,8167,jo_lx_derive
F,106,1956,0.24606079898137834,6283,jo_lx_derive
F,107,1956,0.2617690521427064,4737,jo_lx_derive
F,108,1956,0.27823849013440094,3497,jo_lx_derive
F,109,1956,0.29477020602218695,2524,jo_lx_derive
F,110,1956,0.3117977528089888,1780,jo_lx_derive
F,111,1956,0.3297959183673469,1225,jo_lx_derive
F,112,1956,0.3471376370280146,821,jo_lx_derive
F,113,1956,0.3656716417910447,536,jo_lx_derive
F,114,1956,0.3852941176470588,340,jo_lx_derive
F,115,1956,0.4019138755980861,209,jo_lx_derive
F,116,1956,0.42400000000000004,125,jo_lx_derive
F,117,1956,0.4444444444444444,72,jo_lx_derive
F,118,1956,0.475,40,jo_lx_derive
F,119,1956,0.47619047619047616,21,jo_lx_derive
F,120,1956,1.0,11,fermeture_hypothese
F,39,1957,0.0004999999999999449,100000,jo_lx_derive
F,40,1957,0.0005602801400700352,99950,jo_lx_derive
F,41,1957,0.0006206578973712018,99894,jo_lx_derive
F,42,1957,0.0006911611507331994,99832,jo_lx_derive
F,43,1957,0.0008219480167998006,99763,jo_lx_derive
F,44,1957,0.0008426881752791049,99681,jo_lx_derive
F,45,1957,0.0009438035282187673,99597,jo_lx_derive
F,46,1957,0.001035144669005006,99503,jo_lx_derive
F,47,1957,0.001136820925553339,99400,jo_lx_derive
F,48,1957,0.0012489046904428092,99287,jo_lx_derive
F,49,1957,0.0014824077528916568,99163,jo_lx_derive
F,50,1957,0.0016663973499232432,99016,jo_lx_derive
F,51,1957,0.0017602249850785512,98851,jo_lx_derive
F,52,1957,0.0018849377261165312,98677,jo_lx_derive
F,53,1957,0.0020306423937213047,98491,jo_lx_derive
F,54,1957,0.0020449481641249267,98291,jo_lx_derive
F,55,1957,0.002100112141910526,98090,jo_lx_derive
F,56,1957,0.0023395039025785325,97884,jo_lx_derive
F,57,1957,0.0025395525062720248,97655,jo_lx_derive
F,58,1957,0.0026384140770170372,97407,jo_lx_derive
F,59,1957,0.002768914050437443,97150,jo_lx_derive
F,60,1957,0.0027972461060475906,96881,jo_lx_derive
F,61,1957,0.0028464962219232337,96610,jo_lx_derive
F,62,1957,0.0028442414491098855,96335,jo_lx_derive
F,63,1957,0.002904404492978463,96061,jo_lx_derive
F,64,1957,0.003142552880499472,95782,jo_lx_derive
F,65,1957,0.0033409788334851642,95481,jo_lx_derive
F,66,1957,0.003604379899539767,95162,jo_lx_derive
F,67,1957,0.00388107868676113,94819,jo_lx_derive
F,68,1957,0.004171475156430349,94451,jo_lx_derive
F,69,1957,0.004476009228446598,94057,jo_lx_derive
F,70,1957,0.00492332009056351,93636,jo_lx_derive
F,71,1957,0.005323316340219986,93175,jo_lx_derive
F,72,1957,0.005718663343368013,92679,jo_lx_derive
F,73,1957,0.006337561991991203,92149,jo_lx_derive
F,74,1957,0.00692404302954186,91565,jo_lx_derive
F,75,1957,0.007643157998922234,90931,jo_lx_derive
F,76,1957,0.008400195044106606,90236,jo_lx_derive
F,77,1957,0.009343078745613465,89478,jo_lx_derive
F,78,1957,0.010299857855192829,88642,jo_lx_derive
F,79,1957,0.011489929213828964,87729,jo_lx_derive
F,80,1957,0.012845792829879743,86721,jo_lx_derive
F,81,1957,0.014484796803999722,85607,jo_lx_derive
F,82,1957,0.016428224305712003,84367,jo_lx_derive
F,83,1957,0.018739229462165996,82981,jo_lx_derive
F,84,1957,0.021516468941124467,81426,jo_lx_derive
F,85,1957,0.024876371212691706,79674,jo_lx_derive
F,86,1957,0.028973382072800313,77692,jo_lx_derive
F,87,1957,0.03393380257419709,75441,jo_lx_derive
F,88,1957,0.03998298596341987,72881,jo_lx_derive
F,89,1957,0.04682207326310972,69967,jo_lx_derive
F,90,1957,0.05474501806840504,66691,jo_lx_derive
F,91,1957,0.06322969543147205,63040,jo_lx_derive
F,92,1957,0.07261150811122019,59054,jo_lx_derive
F,93,1957,0.08158346419311246,54766,jo_lx_derive
F,94,1957,0.09107718000715737,50298,jo_lx_derive
F,95,1957,0.10110024717282406,45717,jo_lx_derive
F,96,1957,0.11161941842073242,41095,jo_lx_derive
F,97,1957,0.12263065629451075,36508,jo_lx_derive
F,98,1957,0.13418251069276643,32031,jo_lx_derive
F,99,1957,0.1461796415822305,27733,jo_lx_derive
F,100,1957,0.15870602643692722,23679,jo_lx_derive
F,101,1957,0.17167812860800158,19921,jo_lx_derive
F,102,1957,0.1850796921398703,16501,jo_lx_derive
F,103,1957,0.19907786123298876,13447,jo_lx_derive
F,104,1957,0.2133704735376044,10770,jo_lx_derive
F,105,1957,0.22828139754485366,8472,jo_lx_derive
F,106,1957,0.2434995411440808,6538,jo_lx_derive
F,107,1957,0.2591993530125354,4946,jo_lx_derive
F,108,1957,0.27538209606986896,3664,jo_lx_derive
F,109,1957,0.29190207156308856,2655,jo_lx_derive
F,110,1957,0.3090425531914893,1880,jo_lx_derive
F,111,1957,0.32640492686682065,1299,jo_lx_derive
F,112,1957,0.344,875,jo_lx_derive
F,113,1957,0.3623693379790941,574,jo_lx_derive
F,114,1957,0.3825136612021858,366,jo_lx_derive
F,115,1957,0.3982300884955752,226,jo_lx_derive
F,116,1957,0.4191176470588235,136,jo_lx_derive
F,117,1957,0.44303797468354433,79,jo_lx_derive
F,118,1957,0.4545454545454546,44,jo_lx_derive
F,119,1957,0.5,24,jo_lx_derive
F,120,1957,1.0,12,fermeture_hypothese
F,38,1958,0.00046000000000001595,100000,jo_lx_derive
F,39,1958,0.0005002301058486536,99954,jo_lx_derive
F,40,1958,0.0005605381165919576,99904,jo_lx_derive
F,41,1958,0.0006109286114894807,99848,jo_lx_derive
F,42,1958,0.0006914728371431034,99787,jo_lx_derive
F,43,1958,0.0008223189394090946,99718,jo_lx_derive
F,44,1958,0.0008430687703240292,99636,jo_lx_derive
F,45,1958,0.0009341851494696352,99552,jo_lx_derive
F,46,1958,0.0010255482158477713,99459,jo_lx_derive
F,47,1958,0.0011272482059643263,99357,jo_lx_derive
F,48,1958,0.0012494332208171643,99245,jo_lx_derive
F,49,1958,0.001472947205940267,99121,jo_lx_derive
F,50,1958,0.0016569840868906338,98975,jo_lx_derive
F,51,1958,0.0017508172167066682,98811,jo_lx_derive
F,52,1958,0.0018755449218353926,98638,jo_lx_derive
F,53,1958,0.002011111901110141,98453,jo_lx_derive
F,54,1958,0.0020253422217698658,98255,jo_lx_derive
F,55,1958,0.0020804438280166426,98056,jo_lx_derive
F,56,1958,0.0023198299472673156,97852,jo_lx_derive
F,57,1958,0.002509603072983313,97625,jo_lx_derive
F,58,1958,0.002598069418771831,97380,jo_lx_derive
F,59,1958,0.0027386823437355323,97127,jo_lx_derive
F,60,1958,0.0027668514675669442,96861,jo_lx_derive
F,61,1958,0.0028055863261312597,96593,jo_lx_derive
F,62,1958,0.0028030979423184776,96322,jo_lx_derive
F,63,1958,0.0028734435514096157,96052,jo_lx_derive
F,64,1958,0.0031009856331439822,95776,jo_lx_derive
F,65,1958,0.0032886812807004784,95479,jo_lx_derive
F,66,1958,0.003551725949666351,95165,jo_lx_derive
F,67,1958,0.003817478144410358,94827,jo_lx_derive
F,68,1958,0.004107341343354665,94465,jo_lx_derive
F,69,1958,0.004390020940293615,94077,jo_lx_derive
F,70,1958,0.004825760163990389,93664,jo_lx_derive
F,71,1958,0.005235377419216425,93212,jo_lx_derive
F,72,1958,0.005597256373754411,92724,jo_lx_derive
F,73,1958,0.0062035681362182515,92205,jo_lx_derive
F,74,1958,0.006766121375487044,91633,jo_lx_derive
F,75,1958,0.007460472679727048,91013,jo_lx_derive
F,76,1958,0.008202891491575715,90334,jo_lx_derive
F,77,1958,0.009119015994553115,89593,jo_lx_derive
F,78,1958,0.010047760656033189,88776,jo_lx_derive
F,79,1958,0.011207955941923475,87884,jo_lx_derive
F,80,1958,0.01252028216665324,86899,jo_lx_derive
F,81,1958,0.014124063348521787,85811,jo_lx_derive
F,82,1958,0.016016737786498703,84599,jo_lx_derive
F,83,1958,0.018271587141415635,83244,jo_lx_derive
F,84,1958,0.02099776072831394,81723,jo_lx_derive
F,85,1958,0.024285375029684864,80007,jo_lx_derive
F,86,1958,0.02833572453371591,78064,jo_lx_derive
F,87,1958,0.0332094077941254,75852,jo_lx_derive
F,88,1958,0.03917745080659463,73333,jo_lx_derive
F,89,1958,0.045940959409594084,70460,jo_lx_derive
F,90,1958,0.05377623729973369,67223,jo_lx_derive
F,91,1958,0.062161992202238725,63608,jo_lx_derive
F,92,1958,0.07146209809903781,59654,jo_lx_derive
F,93,1958,0.08033796104060231,55391,jo_lx_derive
F,94,1958,0.08975088828252287,50941,jo_lx_derive
F,95,1958,0.0996786646250728,46369,jo_lx_derive
F,96,1958,0.11009174311926606,41747,jo_lx_derive
F,97,1958,0.1210465397970445,37151,jo_lx_derive
F,98,1958,0.1324799412016905,32654,jo_lx_derive
F,99,1958,0.144380118610562,28328,jo_lx_derive
F,100,1958,0.15677861209670763,24238,jo_lx_derive
F,101,1958,0.16968392210588124,20438,jo_lx_derive
F,102,1958,0.1830288744843842,16970,jo_lx_derive
F,103,1958,0.19684073860357765,13864,jo_lx_derive
F,104,1958,0.21113605747642572,11135,jo_lx_derive
F,105,1958,0.2258652094717668,8784,jo_lx_derive
F,106,1958,0.24088235294117644,6800,jo_lx_derive
F,107,1958,0.2566834560247966,5162,jo_lx_derive
F,108,1958,0.27260880896533746,3837,jo_lx_derive
F,109,1958,0.2891436761017556,2791,jo_lx_derive
F,110,1958,0.30594758064516125,1984,jo_lx_derive
F,111,1958,0.32316630355846043,1377,jo_lx_derive
F,112,1958,0.34120171673819744,932,jo_lx_derive
F,113,1958,0.3599348534201955,614,jo_lx_derive
F,114,1958,0.3765903307888041,393,jo_lx_derive
F,115,1958,0.39591836734693875,245,jo_lx_derive
F,116,1958,0.41891891891891897,148,jo_lx_derive
F,117,1958,0.43023255813953487,86,jo_lx_derive
F,118,1958,0.4693877551020408,49,jo_lx_derive
F,119,1958,0.46153846153846156,26,jo_lx_derive
F,120,1958,1.0,14,fermeture_hypothese
F,37,1959,0.00041999999999997595,100000,jo_lx_derive
F,38,1959,0.00046019328117807845,99958,jo_lx_derive
F,39,1959,0.0005004403875410457,99912,jo_lx_derive
F,40,1959,0.0005507600488674491,99862,jo_lx_derive
F,41,1959,0.0006211989139038865,99807,jo_lx_derive
F,42,1959,0.0006817384330041198,99745,jo_lx_derive
F,43,1959,0.0008226571827001372,99677,jo_lx_derive
F,44,1959,0.0008333751694362679,99595,jo_lx_derive
F,45,1959,0.000934560656001282,99512,jo_lx_derive
F,46,1959,0.0010259608324364455,99419,jo_lx_derive
F,47,1959,0.001117633436370391,99317,jo_lx_derive
F,48,1959,0.001239844364252174,99206,jo_lx_derive
F,49,1959,0.0014634195573408615,99083,jo_lx_derive
F,50,1959,0.0016576037518445386,98938,jo_lx_derive
F,51,1959,0.0017312248162472121,98774,jo_lx_derive
F,52,1959,0.0018559273044430613,98603,jo_lx_derive
F,53,1959,0.0019914651493598834,98420,jo_lx_derive
F,54,1959,0.002015800618993313,98224,jo_lx_derive
F,55,1959,0.0020606777793646947,98026,jo_lx_derive
F,56,1959,0.0022898266274125056,97824,jo_lx_derive
F,57,1959,0.0024795081967212695,97600,jo_lx_derive
F,58,1959,0.002578113765689505,97358,jo_lx_derive
F,59,1959,0.0026980547231404417,97107,jo_lx_derive
F,60,1959,0.0027260054726625516,96845,jo_lx_derive
F,61,1959,0.0027645189012331928,96581,jo_lx_derive
F,62,1959,0.0027721826525738402,96314,jo_lx_derive
F,63,1959,0.002831946859350065,96047,jo_lx_derive
F,64,1959,0.0030592534586270093,95775,jo_lx_derive
F,65,1959,0.0032466852391026535,95482,jo_lx_derive
F,66,1959,0.003498928256209788,95172,jo_lx_derive
F,67,1959,0.0037537300055884293,94839,jo_lx_derive
F,68,1959,0.004032471449890496,94483,jo_lx_derive
F,69,1959,0.004314467280185363,94102,jo_lx_derive
F,70,1959,0.0047387295081967595,93696,jo_lx_derive
F,71,1959,0.005125895423154447,93252,jo_lx_derive
F,72,1959,0.005486450945307975,92774,jo_lx_derive
F,73,1959,0.006058635452229955,92265,jo_lx_derive
F,74,1959,0.006629882450439495,91706,jo_lx_derive
F,75,1959,0.007288853761882819,91098,jo_lx_derive
F,76,1959,0.008005838512064045,90434,jo_lx_derive
F,77,1959,0.008895329394716267,89710,jo_lx_derive
F,78,1959,0.00979620298722328,88912,jo_lx_derive
F,79,1959,0.010926727320225815,88041,jo_lx_derive
F,80,1959,0.012207306009485608,87079,jo_lx_derive
F,81,1959,0.013764880952380931,86016,jo_lx_derive
F,82,1959,0.015607317993210135,84832,jo_lx_derive
F,83,1959,0.017818652105187516,83508,jo_lx_derive
F,84,1959,0.02048280907095834,82020,jo_lx_derive
F,85,1959,0.02372417226786161,80340,jo_lx_derive
F,86,1959,0.027692072315577465,78434,jo_lx_derive
F,87,1959,0.03250635965487403,76262,jo_lx_derive
F,88,1959,0.03838282531206372,73783,jo_lx_derive
F,89,1959,0.0450733604882243,70951,jo_lx_derive
F,90,1959,0.05282422918542351,67753,jo_lx_derive
F,91,1959,0.06113067597469379,64174,jo_lx_derive
F,92,1959,0.07030588703921925,60251,jo_lx_derive
F,93,1959,0.07912166384004282,56015,jo_lx_derive
F,94,1959,0.08842060368726135,51583,jo_lx_derive
F,95,1959,0.09827314873888815,47022,jo_lx_derive
F,96,1959,0.10860592910544564,42401,jo_lx_derive
F,97,1959,0.11945708540586308,37796,jo_lx_derive
F,98,1959,0.13076530152339172,33281,jo_lx_derive
F,99,1959,0.14262504753016003,28929,jo_lx_derive
F,100,1959,0.1549409345643672,24803,jo_lx_derive
F,101,1959,0.16770038167938928,20960,jo_lx_derive
F,102,1959,0.18091143594153047,17445,jo_lx_derive
F,103,1959,0.19469522009937712,14289,jo_lx_derive
F,104,1959,0.20882940818632134,11507,jo_lx_derive
F,105,1959,0.22341827768014055,9104,jo_lx_derive
F,106,1959,0.2386138613861386,7070,jo_lx_derive
F,107,1959,0.2539476128552851,5383,jo_lx_derive
F,108,1959,0.2699203187250996,4016,jo_lx_derive
F,109,1959,0.28649386084583905,2932,jo_lx_derive
F,110,1959,0.3030592734225621,2092,jo_lx_derive
F,111,1959,0.32030178326474623,1458,jo_lx_derive
F,112,1959,0.3380423814328961,991,jo_lx_derive
F,113,1959,0.35518292682926833,656,jo_lx_derive
F,114,1959,0.375886524822695,423,jo_lx_derive
F,115,1959,0.3939393939393939,264,jo_lx_derive
F,116,1959,0.4125,160,jo_lx_derive
F,117,1959,0.43617021276595747,94,jo_lx_derive
F,118,1959,0.4528301886792453,53,jo_lx_derive
F,119,1959,0.48275862068965514,29,jo_lx_derive
F,120,1959,1.0,15,fermeture_hypothese
F,36,1960,0.00039000000000000146,100000,jo_lx_derive
F,37,1960,0.0004301677654284797,99961,jo_lx_derive
F,38,1960,0.0004503693028282685,99918,jo_lx_derive
F,39,1960,0.0005006358074755024,99873,jo_lx_derive
F,40,1960,0.0005509752261503298,99823,jo_lx_derive
F,41,1960,0.0006114184908988518,99768,jo_lx_derive
F,42,1960,0.0006819982548867953,99707,jo_lx_derive
F,43,1960,0.0008229709250393569,99639,jo_lx_derive
F,44,1960,0.0008236487640246315,99557,jo_lx_derive
F,45,1960,0.0009349082684091403,99475,jo_lx_derive
F,46,1960,0.0010162806141956748,99382,jo_lx_derive
F,47,1960,0.0011180386982403423,99281,jo_lx_derive
F,48,1960,0.0012302107492184744,99170,jo_lx_derive
F,49,1960,0.001453840562151698,99048,jo_lx_derive
F,50,1960,0.0016379519534093223,98904,jo_lx_derive
F,51,1960,0.001721658463470499,98742,jo_lx_derive
F,52,1960,0.001846366108022579,98572,jo_lx_derive
F,53,1960,0.0019717450960463623,98390,jo_lx_derive
F,54,1960,0.001996007984031989,98196,jo_lx_derive
F,55,1960,0.0020408163265306367,98000,jo_lx_derive
F,56,1960,0.0022699386503067798,97800,jo_lx_derive
F,57,1960,0.0024493225932075147,97578,jo_lx_derive
F,58,1960,0.0025375235003441965,97339,jo_lx_derive
F,59,1960,0.0026675730235240502,97092,jo_lx_derive
F,60,1960,0.0026953621182861376,96833,jo_lx_derive
F,61,1960,0.002733711634842373,96572,jo_lx_derive
F,62,1960,0.002730821946255735,96308,jo_lx_derive
F,63,1960,0.0027903586860326124,96045,jo_lx_derive
F,64,1960,0.0030174258955699695,95777,jo_lx_derive
F,65,1960,0.0031941186327077986,95488,jo_lx_derive
F,66,1960,0.0034459935072439496,95183,jo_lx_derive
F,67,1960,0.0036898423910178835,94855,jo_lx_derive
F,68,1960,0.003968044018834993,94505,jo_lx_derive
F,69,1960,0.004238818655051491,94130,jo_lx_derive
F,70,1960,0.0046409405639542545,93731,jo_lx_derive
F,71,1960,0.0050162922311781655,93296,jo_lx_derive
F,72,1960,0.005375533244279751,92828,jo_lx_derive
F,73,1960,0.005935296602367579,92329,jo_lx_derive
F,74,1960,0.006471927741035777,91781,jo_lx_derive
F,75,1960,0.0071282090648886465,91187,jo_lx_derive
F,76,1960,0.007808962081800819,90537,jo_lx_derive
F,77,1960,0.008671935878882375,89830,jo_lx_derive
F,78,1960,0.0095563216583755,89051,jo_lx_derive
F,79,1960,0.010646258503401396,88200,jo_lx_derive
F,80,1960,0.011906808310700123,87261,jo_lx_derive
F,81,1960,0.013407251049616153,86222,jo_lx_derive
F,82,1960,0.015223473538193866,85066,jo_lx_derive
F,83,1960,0.01738071647706252,83771,jo_lx_derive
F,84,1960,0.019984207009657973,82315,jo_lx_derive
F,85,1960,0.023156067931077273,80670,jo_lx_derive
F,86,1960,0.02706784091774317,78802,jo_lx_derive
F,87,1960,0.03181207528466523,76669,jo_lx_derive
F,88,1960,0.03761282500336793,74230,jo_lx_derive
F,89,1960,0.04422016293849207,71438,jo_lx_derive
F,90,1960,0.05187539360564741,68279,jo_lx_derive
F,91,1960,0.06010473145187456,64737,jo_lx_derive
F,92,1960,0.06919107254379908,60846,jo_lx_derive
F,93,1960,0.07788332509358009,56636,jo_lx_derive
F,94,1960,0.08714217328865481,52225,jo_lx_derive
F,95,1960,0.09686621638629023,47674,jo_lx_derive
F,96,1960,0.1071395392047566,43056,jo_lx_derive
F,97,1960,0.11786280987435949,38443,jo_lx_derive
F,98,1960,0.1291283321538098,33912,jo_lx_derive
F,99,1960,0.14085937764534584,29533,jo_lx_derive
F,100,1960,0.1530761045205533,25373,jo_lx_derive
F,101,1960,0.1657126902135977,21489,jo_lx_derive
F,102,1960,0.17893797411869705,17928,jo_lx_derive
F,103,1960,0.19245923913043483,14720,jo_lx_derive
F,104,1960,0.20661226550012624,11887,jo_lx_derive
F,105,1960,0.22107941893754635,9431,jo_lx_derive
F,106,1960,0.23604682820582634,7346,jo_lx_derive
F,107,1960,0.25142551674982183,5612,jo_lx_derive
F,108,1960,0.2673173054034753,4201,jo_lx_derive
F,109,1960,0.283625730994152,3078,jo_lx_derive
F,110,1960,0.30022675736961446,2205,jo_lx_derive
F,111,1960,0.31756318859364874,1543,jo_lx_derive
F,112,1960,0.33428300094966756,1053,jo_lx_derive
F,113,1960,0.3537803138373752,701,jo_lx_derive
F,114,1960,0.3708609271523179,453,jo_lx_derive
F,115,1960,0.3894736842105263,285,jo_lx_derive
F,116,1960,0.40804597701149425,174,jo_lx_derive
F,117,1960,0.4271844660194175,103,jo_lx_derive
F,118,1960,0.4576271186440678,59,jo_lx_derive
F,119,1960,0.46875,32,jo_lx_derive
F,120,1960,1.0,17,fermeture_hypothese
F,35,1961,0.00036999999999998145,100000,jo_lx_derive
F,36,1961,0.0003901443534107818,99963,jo_lx_derive
F,37,1961,0.00042031944277654,99924,jo_lx_derive
F,38,1961,0.0004605434412606746,99882,jo_lx_derive
F,39,1961,0.0004908049200689213,99836,jo_lx_derive
F,40,1961,0.0005511740006213239,99787,jo_lx_derive
F,41,1961,0.0006116391930373055,99732,jo_lx_derive
F,42,1961,0.0006822445846835778,99671,jo_lx_derive
F,43,1961,0.0008132285172133269,99603,jo_lx_derive
F,44,1961,0.0008239384256747417,99522,jo_lx_derive
F,45,1961,0.000925181013676557,99440,jo_lx_derive
F,46,1961,0.0010166284172806739,99348,jo_lx_derive
F,47,1961,0.0011083458442068261,99247,jo_lx_derive
F,48,1961,0.0012205332015291503,99137,jo_lx_derive
F,49,1961,0.0014543104144785213,99016,jo_lx_derive
F,50,1961,0.0016283679909377957,98872,jo_lx_derive
F,51,1961,0.0017019379805695012,98711,jo_lx_derive
F,52,1961,0.001826613762519913,98543,jo_lx_derive
F,53,1961,0.001962119902809034,98363,jo_lx_derive
F,54,1961,0.001965977386166884,98170,jo_lx_derive
F,55,1961,0.002020882452004047,97977,jo_lx_derive
F,56,1961,0.0022499718753515863,97779,jo_lx_derive
F,57,1961,0.0024190489857419673,97559,jo_lx_derive
F,58,1961,0.002507115481438116,97323,jo_lx_derive
F,59,1961,0.0026267266865130923,97079,jo_lx_derive
F,60,1961,0.0026646286044782475,96824,jo_lx_derive
F,61,1961,0.0026924590435557505,96566,jo_lx_derive
F,62,1961,0.0026997279504911154,96306,jo_lx_derive
F,63,1961,0.002748682922766199,96046,jo_lx_derive
F,64,1961,0.0029755068802070905,95782,jo_lx_derive
F,65,1961,0.003151931474287162,95497,jo_lx_derive
F,66,1961,0.0033824950628177364,95196,jo_lx_derive
F,67,1961,0.0036258616691612344,94874,jo_lx_derive
F,68,1961,0.0039035226912091936,94530,jo_lx_derive
F,69,1961,0.004152462272065893,94161,jo_lx_derive
F,70,1961,0.004553695211688136,93770,jo_lx_derive
F,71,1961,0.004917347846115971,93343,jo_lx_derive
F,72,1961,0.005264631152835819,92884,jo_lx_derive
F,73,1961,0.005812002814005068,92395,jo_lx_derive
F,74,1961,0.006324979860219071,91858,jo_lx_derive
F,75,1961,0.006945889983237863,91277,jo_lx_derive
F,76,1961,0.007634345729951586,90643,jo_lx_derive
F,77,1961,0.008460161643561448,89951,jo_lx_derive
F,78,1961,0.009317188025563361,89190,jo_lx_derive
F,79,1961,0.010366799081021782,88359,jo_lx_derive
F,80,1961,0.011607561497203878,87443,jo_lx_derive
F,81,1961,0.013074466608043678,86428,jo_lx_derive
F,82,1961,0.014830359445707986,85298,jo_lx_derive
F,83,1961,0.016945723703783,84033,jo_lx_derive
F,84,1961,0.019489401881151003,82609,jo_lx_derive
F,85,1961,0.022617563179792355,80999,jo_lx_derive
F,86,1961,0.02646304647138331,79167,jo_lx_derive
F,87,1961,0.031126738634004614,77072,jo_lx_derive
F,88,1961,0.03684062512554742,74673,jo_lx_derive
F,89,1961,0.04338032868941355,71922,jo_lx_derive
F,90,1961,0.05094328653236824,68802,jo_lx_derive
F,91,1961,0.059099192918510846,65297,jo_lx_derive
F,92,1961,0.0680686220254566,61438,jo_lx_derive
F,93,1961,0.07669065250803409,57256,jo_lx_derive
F,94,1961,0.08584129386172323,52865,jo_lx_derive
F,95,1961,0.09551596416082109,48327,jo_lx_derive
F,96,1961,0.10564846377342085,43711,jo_lx_derive
F,97,1961,0.11633796331824109,39093,jo_lx_derive
F,98,1961,0.12745694022289766,34545,jo_lx_derive
F,99,1961,0.13914139738570763,30142,jo_lx_derive
F,100,1961,0.151225527979035,25948,jo_lx_derive
F,101,1961,0.1637758808572466,22024,jo_lx_derive
F,102,1961,0.17690177553347453,18417,jo_lx_derive
F,103,1961,0.19038195131604985,15159,jo_lx_derive
F,104,1961,0.20435101442190173,12273,jo_lx_derive
F,105,1961,0.21874039938556067,9765,jo_lx_derive
F,106,1961,0.23358238301219036,7629,jo_lx_derive
F,107,1961,0.24901658970412177,5847,jo_lx_derive
F,108,1961,0.2646322022318378,4391,jo_lx_derive
F,109,1961,0.28089191700216787,3229,jo_lx_derive
F,110,1961,0.29715762273901813,2322,jo_lx_derive
F,111,1961,0.31433823529411764,1632,jo_lx_derive
F,112,1961,0.3324396782841823,1119,jo_lx_derive
F,113,1961,0.3493975903614458,747,jo_lx_derive
F,114,1961,0.36831275720164613,486,jo_lx_derive
F,115,1961,0.3876221498371335,307,jo_lx_derive
F,116,1961,0.4042553191489362,188,jo_lx_derive
F,117,1961,0.4285714285714286,112,jo_lx_derive
F,118,1961,0.4375,64,jo_lx_derive
F,119,1961,0.4722222222222222,36,jo_lx_derive
F,120,1961,1.0,19,fermeture_hypothese
F,34,1962,0.00034999999999996145,100000,jo_lx_derive
F,35,1962,0.00036012604411539417,99965,jo_lx_derive
F,36,1962,0.00039027709673866706,99929,jo_lx_derive
F,37,1962,0.00042046250875960034,99890,jo_lx_derive
F,38,1962,0.00046070026440192535,99848,jo_lx_derive
F,39,1962,0.0004909721248070875,99802,jo_lx_derive
F,40,1962,0.0005513618638035567,99753,jo_lx_derive
F,41,1962,0.0006018174888162697,99698,jo_lx_derive
F,42,1962,0.0006824705433670086,99638,jo_lx_derive
F,43,1962,0.0008034548558802923,99570,jo_lx_derive
F,44,1962,0.0008242034375314233,99490,jo_lx_derive
F,45,1962,0.0009254788347013987,99408,jo_lx_derive
F,46,1962,0.001006887107817489,99316,jo_lx_derive
F,47,1962,0.0011086921464279476,99216,jo_lx_derive
F,48,1962,0.0012108247734748945,99106,jo_lx_derive
F,49,1962,0.0014446487382053785,98986,jo_lx_derive
F,50,1962,0.0016086116366358372,98843,jo_lx_derive
F,51,1962,0.0016922702768432663,98684,jo_lx_derive
F,52,1962,0.0018169452987809587,98517,jo_lx_derive
F,53,1962,0.0019321116963940677,98338,jo_lx_derive
F,54,1962,0.001956229367893414,98148,jo_lx_derive
F,55,1962,0.0020008983625301457,97956,jo_lx_derive
F,56,1962,0.0022197217675941072,97760,jo_lx_derive
F,57,1962,0.0023989420050644084,97543,jo_lx_derive
F,58,1962,0.0024663700171618785,97309,jo_lx_derive
F,59,1962,0.002596091440109638,97069,jo_lx_derive
F,60,1962,0.0026235062024231315,96817,jo_lx_derive
F,61,1962,0.002651118958607368,96563,jo_lx_derive
F,62,1962,0.002668549534301734,96307,jo_lx_derive
F,63,1962,0.002717334721499265,96050,jo_lx_derive
F,64,1962,0.0029230913779243473,95789,jo_lx_derive
F,65,1962,0.0030991843700594046,95509,jo_lx_derive
F,66,1962,0.0033398800583953614,95213,jo_lx_derive
F,67,1962,0.0035618314979714016,94895,jo_lx_derive
F,68,1962,0.003828378649914921,94557,jo_lx_derive
F,69,1962,0.004076649503689134,94195,jo_lx_derive
F,70,1962,0.004466427178049459,93811,jo_lx_derive
F,71,1962,0.004818399862943301,93392,jo_lx_derive
F,72,1962,0.005153751802199236,92942,jo_lx_derive
F,73,1962,0.0056779468544174705,92463,jo_lx_derive
F,74,1962,0.006178076529835375,91938,jo_lx_derive
F,75,1962,0.006796541534420442,91370,jo_lx_derive
F,76,1962,0.00743809849144339,90749,jo_lx_derive
F,77,1962,0.00824877323089901,90074,jo_lx_derive
F,78,1962,0.009089789658685121,89331,jo_lx_derive
F,79,1962,0.010110823664975843,88519,jo_lx_derive
F,80,1962,0.01129827444535747,87624,jo_lx_derive
F,81,1962,0.012743264769028317,86634,jo_lx_derive
F,82,1962,0.01445106980007016,85530,jo_lx_derive
F,83,1962,0.016525494103969418,84294,jo_lx_derive
F,84,1962,0.019022689714237484,82901,jo_lx_derive
F,85,1962,0.022072205007131918,81324,jo_lx_derive
F,86,1962,0.0258647788856895,79529,jo_lx_derive
F,87,1962,0.030462618752581605,77472,jo_lx_derive
F,88,1962,0.036092768132921504,75112,jo_lx_derive
F,89,1962,0.04255466084722592,72401,jo_lx_derive
F,90,1962,0.050014425851125255,69320,jo_lx_derive
F,91,1962,0.05809909950951364,65853,jo_lx_derive
F,92,1962,0.06697083528140968,62027,jo_lx_derive
F,93,1962,0.07551016881792894,57873,jo_lx_derive
F,94,1962,0.08457469674597684,53503,jo_lx_derive
F,95,1962,0.09414430969006493,48978,jo_lx_derive
F,96,1962,0.10422160614871412,44367,jo_lx_derive
F,97,1962,0.11478750975014473,39743,jo_lx_derive
F,98,1962,0.12583496773826786,35181,jo_lx_derive
F,99,1962,0.13741301944462514,30754,jo_lx_derive
F,100,1962,0.1493893244873341,26528,jo_lx_derive
F,101,1962,0.1618878794593397,22565,jo_lx_derive
F,102,1962,0.1748625211505922,18912,jo_lx_derive
F,103,1962,0.18827298942646586,15605,jo_lx_derive
F,104,1962,0.2020999447382964,12667,jo_lx_derive
F,105,1962,0.21648362521025033,10107,jo_lx_derive
F,106,1962,0.23121606263417094,7919,jo_lx_derive
F,107,1962,0.24638633377135344,6088,jo_lx_derive
F,108,1962,0.2619877942458587,4588,jo_lx_derive
F,109,1962,0.2782043709391613,3386,jo_lx_derive
F,110,1962,0.29459901800327337,2444,jo_lx_derive
F,111,1962,0.3114849187935035,1724,jo_lx_derive
F,112,1962,0.32855939342881213,1187,jo_lx_derive
F,113,1962,0.3462986198243413,797,jo_lx_derive
F,114,1962,0.3646833013435701,521,jo_lx_derive
F,115,1962,0.38368580060422963,331,jo_lx_derive
F,116,1962,0.4019607843137255,204,jo_lx_derive
F,117,1962,0.4180327868852459,122,jo_lx_derive
F,118,1962,0.45070422535211263,71,jo_lx_derive
F,119,1962,0.46153846153846156,39,jo_lx_derive
F,120,1962,1.0,21,fermeture_hypothese
F,33,1963,0.0003300000000000525,100000,jo_lx_derive
F,34,1963,0.0003401122370382259,99967,jo_lx_derive
F,35,1963,0.00037024806620433726,99933,jo_lx_derive
F,36,1963,0.0003904060222631456,99896,jo_lx_derive
F,37,1963,0.00042060146008793264,99857,jo_lx_derive
F,38,1963,0.0004508340429795199,99815,jo_lx_derive
F,39,1963,0.0004911295980756236,99770,jo_lx_derive
F,40,1963,0.0005415108151742842,99721,jo_lx_derive
F,41,1963,0.0006020046755697006,99667,jo_lx_derive
F,42,1963,0.0006826829439697812,99607,jo_lx_derive
F,43,1963,0.0008037050804207135,99539,jo_lx_derive
F,44,1963,0.000824460330387411,99459,jo_lx_derive
F,45,1963,0.0009157048411604363,99377,jo_lx_derive
F,46,1963,0.0010071913462119664,99286,jo_lx_derive
F,47,1963,0.001098945415683672,99186,jo_lx_derive
F,48,1963,0.0012010860240014853,99077,jo_lx_derive
F,49,1963,0.0014349522019442285,98958,jo_lx_derive
F,50,1963,0.0015989313471502786,98816,jo_lx_derive
F,51,1963,0.0016825802266415835,98658,jo_lx_derive
F,52,1963,0.0017971002721033358,98492,jo_lx_derive
F,53,1963,0.0019122209225448383,98315,jo_lx_derive
F,54,1963,0.00193626626718435,98127,jo_lx_derive
F,55,1963,0.0019808652501097646,97937,jo_lx_derive
F,56,1963,0.002199646010455969,97743,jo_lx_derive
F,57,1963,0.0023582971044212586,97528,jo_lx_derive
F,58,1963,0.0024358157413307824,97298,jo_lx_derive
F,59,1963,0.0025550942190992743,97061,jo_lx_derive
F,60,1963,0.002592627023230376,96813,jo_lx_derive
F,61,1963,0.002620078291667549,96562,jo_lx_derive
F,62,1963,0.0026269611355117517,96309,jo_lx_derive
F,63,1963,0.0026755226118098108,96056,jo_lx_derive
F,64,1963,0.0028810321610872602,95799,jo_lx_derive
F,65,1963,0.0030568554170199436,95523,jo_lx_derive
F,66,1963,0.00327624408018401,95231,jo_lx_derive
F,67,1963,0.003497719107870889,94919,jo_lx_derive
F,68,1963,0.003763730745239835,94587,jo_lx_derive
F,69,1963,0.004000806528637102,94231,jo_lx_derive
F,70,1963,0.0043791420717284035,93854,jo_lx_derive
F,71,1963,0.004719454640797038,93443,jo_lx_derive
F,72,1963,0.005053654760112658,93002,jo_lx_derive
F,73,1963,0.00554402801193099,92532,jo_lx_derive
F,74,1963,0.006042230408937255,92019,jo_lx_derive
F,75,1963,0.006625630036189545,91463,jo_lx_derive
F,76,1963,0.007264162365035132,90857,jo_lx_derive
F,77,1963,0.008037961351264444,90197,jo_lx_derive
F,78,1963,0.00885193133047213,89472,jo_lx_derive
F,79,1963,0.009855660802886801,88680,jo_lx_derive
F,80,1963,0.011012914834977128,87806,jo_lx_derive
F,81,1963,0.012413777219912658,86839,jo_lx_derive
F,82,1963,0.01409731696225558,85761,jo_lx_derive
F,83,1963,0.016096603273725085,84552,jo_lx_derive
F,84,1963,0.018559699967544585,83191,jo_lx_derive
F,85,1963,0.021556211495829647,81647,jo_lx_derive
F,86,1963,0.02527319839272968,79887,jo_lx_derive
F,87,1963,0.02980685262238658,77868,jo_lx_derive
F,88,1963,0.03535547407574091,75547,jo_lx_derive
F,89,1963,0.04174213732916188,72876,jo_lx_derive
F,90,1963,0.04911647621502424,69834,jo_lx_derive
F,91,1963,0.05712005300885492,66404,jo_lx_derive
F,92,1963,0.06588299180655155,62611,jo_lx_derive
F,93,1963,0.07434257771090513,58486,jo_lx_derive
F,94,1963,0.08330562636225947,54138,jo_lx_derive
F,95,1963,0.09281051019585718,49628,jo_lx_derive
F,96,1963,0.10279418950735197,45022,jo_lx_derive
F,97,1963,0.11325939495964743,40394,jo_lx_derive
F,98,1963,0.12423574080795108,35819,jo_lx_derive
F,99,1963,0.13567534827377348,31369,jo_lx_derive
F,100,1963,0.14760447018035627,27113,jo_lx_derive
F,101,1963,0.16001038466531092,23111,jo_lx_derive
F,102,1963,0.17287384742183076,19413,jo_lx_derive
F,103,1963,0.18614934296568475,16057,jo_lx_derive
F,104,1963,0.1999540863177227,13068,jo_lx_derive
F,105,1963,0.21415590626494496,10455,jo_lx_derive
F,106,1963,0.2288218111002921,8216,jo_lx_derive
F,107,1963,0.2440025252525253,6336,jo_lx_derive
F,108,1963,0.2594989561586639,4790,jo_lx_derive
F,109,1963,0.27544403721454747,3547,jo_lx_derive
F,110,1963,0.29182879377431903,2570,jo_lx_derive
F,111,1963,0.30824175824175826,1820,jo_lx_derive
F,112,1963,0.3256552819698173,1259,jo_lx_derive
F,113,1963,0.34393404004711425,849,jo_lx_derive
F,114,1963,0.3608617594254937,557,jo_lx_derive
F,115,1963,0.3792134831460674,356,jo_lx_derive
F,116,1963,0.3981900452488688,221,jo_lx_derive
F,117,1963,0.42105263157894735,133,jo_lx_derive
F,118,1963,0.4415584415584416,77,jo_lx_derive
F,119,1963,0.4418604651162791,43,jo_lx_derive
F,120,1963,1.0,24,fermeture_hypothese
F,32,1964,0.00031000000000003247,100000,jo_lx_derive
F,33,1964,0.00033010233172281467,99969,jo_lx_derive
F,34,1964,0.0003402177393532213,99936,jo_lx_derive
F,35,1964,0.0003703629556965904,99902,jo_lx_derive
F,36,1964,0.00039052721173582494,99865,jo_lx_derive
F,37,1964,0.00041071464347963715,99826,jo_lx_derive
F,38,1964,0.0004509695846068862,99785,jo_lx_derive
F,39,1964,0.000491277321034711,99740,jo_lx_derive
F,40,1964,0.0005416737719553533,99691,jo_lx_derive
F,41,1964,0.0006021859349438774,99637,jo_lx_derive
F,42,1964,0.0006728461391687368,99577,jo_lx_derive
F,43,1964,0.0008039393025826014,99510,jo_lx_derive
F,44,1964,0.0008247007945287876,99430,jo_lx_derive
F,45,1964,0.0009159721383419361,99348,jo_lx_derive
F,46,1964,0.0009873359057799291,99257,jo_lx_derive
F,47,1964,0.0010992446474853423,99159,jo_lx_derive
F,48,1964,0.0012014134275618593,99050,jo_lx_derive
F,49,1964,0.0014151277152762987,98931,jo_lx_derive
F,50,1964,0.0015892135923313289,98791,jo_lx_derive
F,51,1964,0.0016627126548655058,98634,jo_lx_derive
F,52,1964,0.001777191022646507,98470,jo_lx_derive
F,53,1964,0.001902436543059105,98295,jo_lx_derive
F,54,1964,0.0019162555551025529,98108,jo_lx_derive
F,55,1964,0.0019607843137254832,97920,jo_lx_derive
F,56,1964,0.0021692861820563625,97728,jo_lx_derive
F,57,1964,0.0023278231264612925,97516,jo_lx_derive
F,58,1964,0.002405205110546982,97289,jo_lx_derive
F,59,1964,0.0025243418680129803,97055,jo_lx_derive
F,60,1964,0.0025513893192852244,96810,jo_lx_derive
F,61,1964,0.0025786274245829244,96563,jo_lx_derive
F,62,1964,0.0025956766409868104,96314,jo_lx_derive
F,63,1964,0.002633660892738199,96064,jo_lx_derive
F,64,1964,0.0028389224619302933,95811,jo_lx_derive
F,65,1964,0.0030040088340886895,95539,jo_lx_derive
F,66,1964,0.0032230294377021407,95252,jo_lx_derive
F,67,1964,0.0034440992153351724,94945,jo_lx_derive
F,68,1964,0.003688515927201985,94618,jo_lx_derive
F,69,1964,0.003935546149847813,94269,jo_lx_derive
F,70,1964,0.004291891201090525,93898,jo_lx_derive
F,71,1964,0.004620567944809917,93495,jo_lx_derive
F,72,1964,0.004932142742013479,93063,jo_lx_derive
F,73,1964,0.0054317308107640905,92604,jo_lx_derive
F,74,1964,0.005895701458181746,92101,jo_lx_derive
F,75,1964,0.006476768824133283,91558,jo_lx_derive
F,76,1964,0.0070796460176991705,90965,jo_lx_derive
F,77,1964,0.007838708605972022,90321,jo_lx_derive
F,78,1964,0.008625980605492467,89613,jo_lx_derive
F,79,1964,0.009601530841963135,88840,jo_lx_derive
F,80,1964,0.01074022298748678,87987,jo_lx_derive
F,81,1964,0.012097608051285569,87042,jo_lx_derive
F,82,1964,0.01372268545976807,85989,jo_lx_derive
F,83,1964,0.015705880272140926,84809,jo_lx_derive
F,84,1964,0.018088814883141513,83477,jo_lx_derive
F,85,1964,0.021045054717142242,81967,jo_lx_derive
F,86,1964,0.024700281648014744,80242,jo_lx_derive
F,87,1964,0.02917199079989774,78260,jo_lx_derive
F,88,1964,0.03462890085157355,75977,jo_lx_derive
F,89,1964,0.04094292803970223,73346,jo_lx_derive
F,90,1964,0.04822086064000686,70343,jo_lx_derive
F,91,1964,0.056160475571686796,66951,jo_lx_derive
F,92,1964,0.06480353214856549,63191,jo_lx_derive
F,93,1964,0.07318600243671314,59096,jo_lx_derive
F,94,1964,0.08208723594602985,54771,jo_lx_derive
F,95,1964,0.09147687717553454,50275,jo_lx_derive
F,96,1964,0.10136614414572209,45676,jo_lx_derive
F,97,1964,0.11175266773863468,41046,jo_lx_derive
F,98,1964,0.12265832853342107,36459,jo_lx_derive
F,99,1964,0.13399193422327815,31987,jo_lx_derive
F,100,1964,0.1458431103570268,27701,jo_lx_derive
F,101,1964,0.15810827944719164,23661,jo_lx_derive
F,102,1964,0.17088353413654622,19920,jo_lx_derive
F,103,1964,0.18412448534754178,16516,jo_lx_derive
F,104,1964,0.1977736549165121,13475,jo_lx_derive
F,105,1964,0.21193339500462538,10810,jo_lx_derive
F,106,1964,0.22643502758539735,8519,jo_lx_derive
F,107,1964,0.24157814871016692,6590,jo_lx_derive
F,108,1964,0.25690276110444177,4998,jo_lx_derive
F,109,1964,0.2727517501346257,3714,jo_lx_derive
F,110,1964,0.28915216586449466,2701,jo_lx_derive
F,111,1964,0.3057291666666667,1920,jo_lx_derive
F,112,1964,0.32258064516129037,1333,jo_lx_derive
F,113,1964,0.3410852713178295,903,jo_lx_derive
F,114,1964,0.3579831932773109,595,jo_lx_derive
F,115,1964,0.37696335078534027,382,jo_lx_derive
F,116,1964,0.39495798319327735,238,jo_lx_derive
F,117,1964,0.41666666666666663,144,jo_lx_derive
F,118,1964,0.4285714285714286,84,jo_lx_derive
F,119,1964,0.45833333333333337,48,jo_lx_derive
F,120,1964,1.0,26,fermeture_hypothese
F,31,1965,0.00029999999999996696,100000,jo_lx_derive
F,32,1965,0.0003100930279084091,99970,jo_lx_derive
F,33,1965,0.0003302014228679928,99939,jo_lx_derive
F,34,1965,0.00034031990070670926,99906,jo_lx_derive
F,35,1965,0.0003604613905799914,99872,jo_lx_derive
F,36,1965,0.00039064065066707343,99836,jo_lx_derive
F,37,1965,0.00041083399300578805,99797,jo_lx_derive
F,38,1965,0.00045110068567300043,99756,jo_lx_derive
F,39,1965,0.0004914202043906357,99711,jo_lx_derive
F,40,1965,0.0005418313900985572,99662,jo_lx_derive
F,41,1965,0.0006023612561240066,99608,jo_lx_derive
F,42,1965,0.000673042150520331,99548,jo_lx_derive
F,43,1965,0.0007941214905359262,99481,jo_lx_derive
F,44,1965,0.0008148729401823429,99402,jo_lx_derive
F,45,1965,0.0009061527773582823,99321,jo_lx_derive
F,46,1965,0.0009976720984369303,99231,jo_lx_derive
F,47,1965,0.0010793689222451386,99132,jo_lx_derive
F,48,1965,0.001201716738197467,99025,jo_lx_derive
F,49,1965,0.0014053748003154398,98906,jo_lx_derive
F,50,1965,0.0015794749258355445,98767,jo_lx_derive
F,51,1965,0.001642818752471853,98611,jo_lx_derive
F,52,1965,0.0017674125689443043,98449,jo_lx_derive
F,53,1965,0.0018824726532689073,98275,jo_lx_derive
F,54,1965,0.0018860230400652434,98090,jo_lx_derive
F,55,1965,0.0019406567591032653,97905,jo_lx_derive
F,56,1965,0.002149107097170311,97715,jo_lx_derive
F,57,1965,0.002297318086251998,97505,jo_lx_derive
F,58,1965,0.00237456440620476,97281,jo_lx_derive
F,59,1965,0.0024832560535805737,97050,jo_lx_derive
F,60,1965,0.0025100972017064738,96809,jo_lx_derive
F,61,1965,0.002547480479671904,96566,jo_lx_derive
F,62,1965,0.0025539867109634073,96320,jo_lx_derive
F,63,1965,0.002602160834356826,96074,jo_lx_derive
F,64,1965,0.002796794122558066,95824,jo_lx_derive
F,65,1965,0.002951149064422953,95556,jo_lx_derive
F,66,1965,0.0031698049835212627,95274,jo_lx_derive
F,67,1965,0.0033799435623130814,94972,jo_lx_derive
F,68,1965,0.0036238391564801242,94651,jo_lx_derive
F,69,1965,0.003859693769351469,94308,jo_lx_derive
F,70,1965,0.004204632547049281,93944,jo_lx_derive
F,71,1965,0.004521694513035968,93549,jo_lx_derive
F,72,1965,0.00483216287610333,93126,jo_lx_derive
F,73,1965,0.005308817816910505,92676,jo_lx_derive
F,74,1965,0.005760218693048658,92184,jo_lx_derive
F,75,1965,0.006317305489181968,91653,jo_lx_derive
F,76,1965,0.006906471660408031,91074,jo_lx_derive
F,77,1965,0.007640002211288577,90445,jo_lx_derive
F,78,1965,0.0084118813646189,89754,jo_lx_derive
F,79,1965,0.009359655726468796,88999,jo_lx_derive
F,80,1965,0.010457545992786366,88166,jo_lx_derive
F,81,1965,0.011783045252395596,87244,jo_lx_derive
F,82,1965,0.013373387770251433,86216,jo_lx_derive
F,83,1965,0.015306302387642079,85063,jo_lx_derive
F,84,1965,0.017657382313964742,83761,jo_lx_derive
F,85,1965,0.020539121557570317,82282,jo_lx_derive
F,86,1965,0.02414631725233274,80592,jo_lx_derive
F,87,1965,0.028532919665335776,78646,jo_lx_derive
F,88,1965,0.033925813460380594,76402,jo_lx_derive
F,89,1965,0.040143611976696914,73810,jo_lx_derive
F,90,1965,0.047355569043149304,70847,jo_lx_derive
F,91,1965,0.055191726426835785,67492,jo_lx_derive
F,92,1965,0.06374770649395456,63767,jo_lx_derive
F,93,1965,0.07205788750795616,59702,jo_lx_derive
F,94,1965,0.08084837545126355,55400,jo_lx_derive
F,95,1965,0.09015926631448712,50921,jo_lx_derive
F,96,1965,0.09997841571336064,46330,jo_lx_derive
F,97,1965,0.11029305961916636,41698,jo_lx_derive
F,98,1965,0.12105447586188312,37099,jo_lx_derive
F,99,1965,0.13232948969578018,32608,jo_lx_derive
F,100,1965,0.14406390273212455,28293,jo_lx_derive
F,101,1965,0.15629516455382586,24217,jo_lx_derive
F,102,1965,0.1689506656225529,20432,jo_lx_derive
F,103,1965,0.18203769140164905,16980,jo_lx_derive
F,104,1965,0.1956944344445244,13889,jo_lx_derive
F,105,1965,0.20964998657237488,11171,jo_lx_derive
F,106,1965,0.2241476950957073,8829,jo_lx_derive
F,107,1965,0.238978102189781,6850,jo_lx_derive
F,108,1965,0.25436408977556113,5213,jo_lx_derive
F,109,1965,0.27013120658605605,3887,jo_lx_derive
F,110,1965,0.286217835741981,2837,jo_lx_derive
F,111,1965,0.30320987654320986,2025,jo_lx_derive
F,112,1965,0.3196314670446492,1411,jo_lx_derive
F,113,1965,0.3375,960,jo_lx_derive
F,114,1965,0.35534591194968557,636,jo_lx_derive
F,115,1965,0.37317073170731707,410,jo_lx_derive
F,116,1965,0.3929961089494164,257,jo_lx_derive
F,117,1965,0.41025641025641024,156,jo_lx_derive
F,118,1965,0.4347826086956522,92,jo_lx_derive
F,119,1965,0.4423076923076923,52,jo_lx_derive
F,120,1965,1.0,29,fermeture_hypothese
F,30,1966,0.00029000000000001247,100000,jo_lx_derive
F,31,1966,0.0003000870252373167,99971,jo_lx_derive
F,32,1966,0.0003101830079746959,99941,jo_lx_derive
F,33,1966,0.0003202882594335321,99910,jo_lx_derive
F,34,1966,0.0003504275215763242,99878,jo_lx_derive
F,35,1966,0.0003605660887593398,99843,jo_lx_derive
F,36,1966,0.00038073481819911326,99807,jo_lx_derive
F,37,1966,0.00042097244635108666,99769,jo_lx_derive
F,38,1966,0.0004412044882529109,99727,jo_lx_derive
F,39,1966,0.0004915582396195495,99683,jo_lx_derive
F,40,1966,0.0005419836601963102,99634,jo_lx_derive
F,41,1966,0.0005924884514962869,99580,jo_lx_derive
F,42,1966,0.000673224746535861,99521,jo_lx_derive
F,43,1966,0.0007943370804592842,99454,jo_lx_derive
F,44,1966,0.0008050314465408714,99375,jo_lx_derive
F,45,1966,0.000906390049851491,99295,jo_lx_derive
F,46,1966,0.0009878534348066736,99205,jo_lx_derive
F,47,1966,0.0010796411958792218,99107,jo_lx_derive
F,48,1966,0.0011818181818181728,99000,jo_lx_derive
F,49,1966,0.0014057016878533668,98883,jo_lx_derive
F,50,1966,0.0015595884306894847,98744,jo_lx_derive
F,51,1966,0.0016330256618318773,98590,jo_lx_derive
F,52,1966,0.0017474524784362178,98429,jo_lx_derive
F,53,1966,0.0018624627253019943,98257,jo_lx_derive
F,54,1966,0.0018761343475335313,98074,jo_lx_derive
F,55,1966,0.0019103074879966986,97890,jo_lx_derive
F,56,1966,0.002118665752330995,97703,jo_lx_derive
F,57,1966,0.002266759661934903,97496,jo_lx_derive
F,58,1966,0.002343870470316145,97275,jo_lx_derive
F,59,1966,0.002442115675909573,97047,jo_lx_derive
F,60,1966,0.0024790827393864623,96810,jo_lx_derive
F,61,1966,0.0025059542300921445,96570,jo_lx_derive
F,62,1966,0.002522631010713372,96328,jo_lx_derive
F,63,1966,0.002560233126918887,96085,jo_lx_derive
F,64,1966,0.0027546197268335515,95839,jo_lx_derive
F,65,1966,0.00290871043682972,95575,jo_lx_derive
F,66,1966,0.003116572399970652,95297,jo_lx_derive
F,67,1966,0.0033263157894737327,95000,jo_lx_derive
F,68,1966,0.003548646022559221,94684,jo_lx_derive
F,69,1966,0.0037838639928774453,94348,jo_lx_derive
F,70,1966,0.004117415497228438,93991,jo_lx_derive
F,71,1966,0.004433571214905396,93604,jo_lx_derive
F,72,1966,0.004721587311807163,93189,jo_lx_derive
F,73,1966,0.0051860397416684245,92749,jo_lx_derive
F,74,1966,0.0056249187150474445,92268,jo_lx_derive
F,75,1966,0.006169004566807246,91749,jo_lx_derive
F,76,1966,0.006733711327769454,91183,jo_lx_derive
F,77,1966,0.007452881228676489,90569,jo_lx_derive
F,78,1966,0.008187420739982687,89894,jo_lx_derive
F,79,1966,0.009118643307386876,89158,jo_lx_derive
F,80,1966,0.010187333748372884,88345,jo_lx_derive
F,81,1966,0.011481502658814091,87445,jo_lx_derive
F,82,1966,0.01303779456507903,86441,jo_lx_derive
F,83,1966,0.014921349368216208,85314,jo_lx_derive
F,84,1966,0.0172177865565617,84041,jo_lx_derive
F,85,1966,0.020049882558055065,82594,jo_lx_derive
F,86,1966,0.023598309817391083,80938,jo_lx_derive
F,87,1966,0.02791415700764288,79028,jo_lx_derive
F,88,1966,0.03321965062091592,76822,jo_lx_derive
F,89,1966,0.0393698667025717,74270,jo_lx_derive
F,90,1966,0.046505760659322215,71346,jo_lx_derive
F,91,1966,0.054242370788498806,68028,jo_lx_derive
F,92,1966,0.06271565793154898,64338,jo_lx_derive
F,93,1966,0.07092516126892523,60303,jo_lx_derive
F,94,1966,0.07964159497376222,56026,jo_lx_derive
F,95,1966,0.08887983864711813,51564,jo_lx_derive
F,96,1966,0.09859304825354931,46981,jo_lx_derive
F,97,1966,0.1088101253866679,42349,jo_lx_derive
F,98,1966,0.11949868842902944,37741,jo_lx_derive
F,99,1966,0.1306912220516987,33231,jo_lx_derive
F,100,1966,0.1423428413181944,28888,jo_lx_derive
F,101,1966,0.15442363577655793,24776,jo_lx_derive
F,102,1966,0.1670167064439141,20950,jo_lx_derive
F,103,1966,0.1800469887112487,17451,jo_lx_derive
F,104,1966,0.19358445733454466,14309,jo_lx_derive
F,105,1966,0.20747031805182425,11539,jo_lx_derive
F,106,1966,0.22176052487698195,9145,jo_lx_derive
F,107,1966,0.23661655191794295,7117,jo_lx_derive
F,108,1966,0.25197864899687095,5433,jo_lx_derive
F,109,1966,0.2674704724409449,4064,jo_lx_derive
F,110,1966,0.2835068861269735,2977,jo_lx_derive
F,111,1966,0.30004688232536336,2133,jo_lx_derive
F,112,1966,0.3174815807099799,1493,jo_lx_derive
F,113,1966,0.33464180569185475,1019,jo_lx_derive
F,114,1966,0.3510324483775811,678,jo_lx_derive
F,115,1966,0.3704545454545455,440,jo_lx_derive
F,116,1966,0.3898916967509025,277,jo_lx_derive
F,117,1966,0.40828402366863903,169,jo_lx_derive
F,118,1966,0.43000000000000005,100,jo_lx_derive
F,119,1966,0.4385964912280702,57,jo_lx_derive
F,120,1966,1.0,32,fermeture_hypothese
F,29,1967,0.00027999999999994696,100000,jo_lx_derive
F,30,1967,0.0002900812227423222,99972,jo_lx_derive
F,31,1967,0.00030017109752555893,99943,jo_lx_derive
F,32,1967,0.000310269934843288,99913,jo_lx_derive
F,33,1967,0.0003203780460944161,99882,jo_lx_derive
F,34,1967,0.0003405107661492712,99850,jo_lx_derive
F,35,1967,0.0003606636210627956,99816,jo_lx_derive
F,36,1967,0.0003908598917619077,99780,jo_lx_derive
F,37,1967,0.00041106465746287846,99741,jo_lx_derive
F,38,1967,0.00044132397191576356,99700,jo_lx_derive
F,39,1967,0.0004916914184796006,99656,jo_lx_derive
F,40,1967,0.0005320911180941579,99607,jo_lx_derive
F,41,1967,0.0005926431886212891,99554,jo_lx_derive
F,42,1967,0.0006734006734007147,99495,jo_lx_derive
F,43,1967,0.0007844872671681768,99428,jo_lx_derive
F,44,1967,0.0008052340211374132,99350,jo_lx_derive
F,45,1967,0.0009066183136899886,99270,jo_lx_derive
F,46,1967,0.0009780197620488096,99180,jo_lx_derive
F,47,1967,0.0010698101591595233,99083,jo_lx_derive
F,48,1967,0.0011820928094405936,98977,jo_lx_derive
F,49,1967,0.001385798098320845,98860,jo_lx_derive
F,50,1967,0.001549790828884845,98723,jo_lx_derive
F,51,1967,0.0016232119306076598,98570,jo_lx_derive
F,52,1967,0.001727466720861659,98410,jo_lx_derive
F,53,1967,0.001842426710097711,98240,jo_lx_derive
F,54,1967,0.0018560254540633814,98059,jo_lx_derive
F,55,1967,0.0018901274048039873,97877,jo_lx_derive
F,56,1967,0.0020881955533718077,97692,jo_lx_derive
F,57,1967,0.002236172657147595,97488,jo_lx_derive
F,58,1967,0.0023131489667934657,97270,jo_lx_derive
F,59,1967,0.0024112525117213623,97045,jo_lx_derive
F,60,1967,0.0024377395130719126,96811,jo_lx_derive
F,61,1967,0.002474760548796251,96575,jo_lx_derive
F,62,1967,0.002480900182693868,96336,jo_lx_derive
F,63,1967,0.002518288812345837,96097,jo_lx_derive
F,64,1967,0.0027124302331646977,95855,jo_lx_derive
F,65,1967,0.0028662586955384706,95595,jo_lx_derive
F,66,1967,0.0030633333683028896,95321,jo_lx_derive
F,67,1967,0.003262162076839714,95029,jo_lx_derive
F,68,1967,0.0034839894846863118,94719,jo_lx_derive
F,69,1967,0.003708059201813718,94389,jo_lx_derive
F,70,1967,0.0040302427716160105,94039,jo_lx_derive
F,71,1967,0.004334828101644206,93660,jo_lx_derive
F,72,1967,0.004632509061273549,93254,jo_lx_derive
F,73,1967,0.005063454784426158,92822,jo_lx_derive
F,74,1967,0.005489864864864913,92352,jo_lx_derive
F,75,1967,0.006021013664325725,91845,jo_lx_derive
F,76,1967,0.006572317399114902,91292,jo_lx_derive
F,77,1967,0.007255325717814176,90692,jo_lx_derive
F,78,1967,0.007985872003909655,90034,jo_lx_derive
F,79,1967,0.008878687790404793,89315,jo_lx_derive
F,80,1967,0.009929734981134586,88522,jo_lx_derive
F,81,1967,0.011181725865157532,87643,jo_lx_derive
F,82,1967,0.012704383647000439,86663,jo_lx_derive
F,83,1967,0.014539164582408115,85562,jo_lx_derive
F,84,1967,0.01679356720984848,84318,jo_lx_derive
F,85,1967,0.019577332271839,82902,jo_lx_derive
F,86,1967,0.023056386028371456,81279,jo_lx_derive
F,87,1967,0.02730306655752157,79405,jo_lx_derive
F,88,1967,0.0325491668500848,77237,jo_lx_derive
F,89,1967,0.038609263546699135,74723,jo_lx_derive
F,90,1967,0.045644366491272015,71838,jo_lx_derive
F,91,1967,0.05332633206435333,68559,jo_lx_derive
F,92,1967,0.06167665593269955,64903,jo_lx_derive
F,93,1967,0.06980295566502459,60900,jo_lx_derive
F,94,1967,0.07846563928754258,56649,jo_lx_derive
F,95,1967,0.08759865144433376,52204,jo_lx_derive
F,96,1967,0.09722659612437279,47631,jo_lx_derive
F,97,1967,0.10734883720930233,43000,jo_lx_derive
F,98,1967,0.11799187161317215,38384,jo_lx_derive
F,99,1967,0.12905036183724705,33855,jo_lx_derive
F,100,1967,0.1406091026249746,29486,jo_lx_derive
F,101,1967,0.15264404104183105,25340,jo_lx_derive
F,102,1967,0.16509873323397917,21472,jo_lx_derive
F,103,1967,0.1780554470909801,17927,jo_lx_derive
F,104,1967,0.1914489311163895,14735,jo_lx_derive
F,105,1967,0.2053046835655531,11914,jo_lx_derive
F,106,1967,0.21958174904942962,9468,jo_lx_derive
F,107,1967,0.23426715387738528,7389,jo_lx_derive
F,108,1967,0.24938140685754684,5658,jo_lx_derive
F,109,1967,0.2648928655521544,4247,jo_lx_derive
F,110,1967,0.28090967328635486,3122,jo_lx_derive
F,111,1967,0.29755011135857456,2245,jo_lx_derive
F,112,1967,0.31388712745719716,1577,jo_lx_derive
F,113,1967,0.3317929759704251,1082,jo_lx_derive
F,114,1967,0.34854771784232363,723,jo_lx_derive
F,115,1967,0.36730360934182593,471,jo_lx_derive
F,116,1967,0.38590604026845643,298,jo_lx_derive
F,117,1967,0.40437158469945356,183,jo_lx_derive
F,118,1967,0.42201834862385323,109,jo_lx_derive
F,119,1967,0.4444444444444444,63,jo_lx_derive
F,120,1967,1.0,35,fermeture_hypothese
F,28,1968,0.00026999999999999247,100000,jo_lx_derive
F,29,1968,0.0002800756204175414,99973,jo_lx_derive
F,30,1968,0.00029015958777323103,99945,jo_lx_derive
F,31,1968,0.00030025221185792095,99916,jo_lx_derive
F,32,1968,0.0003103538033357722,99886,jo_lx_derive
F,33,1968,0.00032046467377699894,99855,jo_lx_derive
F,34,1968,0.000340602867074713,99823,jo_lx_derive
F,35,1968,0.0003607612061449217,99789,jo_lx_derive
F,36,1968,0.0003809409240824735,99753,jo_lx_derive
F,37,1968,0.0004111718397432629,99715,jo_lx_derive
F,38,1968,0.00044143909143812277,99674,jo_lx_derive
F,39,1968,0.0004918197330121554,99630,jo_lx_derive
F,40,1968,0.0005322300438839189,99581,jo_lx_derive
F,41,1968,0.0005927980065910665,99528,jo_lx_derive
F,42,1968,0.0006635233087696202,99469,jo_lx_derive
F,43,1968,0.0007846845668642022,99403,jo_lx_derive
F,44,1968,0.000805436697709494,99325,jo_lx_derive
F,45,1968,0.0008967706181671753,99245,jo_lx_derive
F,46,1968,0.0009681713663318714,99156,jo_lx_derive
F,47,1968,0.001070058550373565,99060,jo_lx_derive
F,48,1968,0.0011722618590456202,98954,jo_lx_derive
F,49,1968,0.0013759889920880175,98838,jo_lx_derive
F,50,1968,0.0015399890579724795,98702,jo_lx_derive
F,51,1968,0.0016032470826990997,98550,jo_lx_derive
F,52,1968,0.0017074558907228532,98392,jo_lx_derive
F,53,1968,0.0018223652060596063,98224,jo_lx_derive
F,54,1968,0.0018358916823907334,98045,jo_lx_derive
F,55,1968,0.0018699228529096557,97865,jo_lx_derive
F,56,1968,0.002067934726971199,97682,jo_lx_derive
F,57,1968,0.002205580631924442,97480,jo_lx_derive
F,58,1968,0.0022721431141726756,97265,jo_lx_derive
F,59,1968,0.00237005894233544,97044,jo_lx_derive
F,60,1968,0.002406676720309031,96814,jo_lx_derive
F,61,1968,0.0024331907932202412,96581,jo_lx_derive
F,62,1968,0.002449504909389111,96346,jo_lx_derive
F,63,1968,0.0024867339506815522,96110,jo_lx_derive
F,64,1968,0.002670254821583118,95871,jo_lx_derive
F,65,1968,0.0028133661036447988,95615,jo_lx_derive
F,66,1968,0.003010089568518892,95346,jo_lx_derive
F,67,1968,0.003198013865073235,95059,jo_lx_derive
F,68,1968,0.0034193446256134408,94755,jo_lx_derive
F,69,1968,0.003642871514650925,94431,jo_lx_derive
F,70,1968,0.0039431589911465,94087,jo_lx_derive
F,71,1968,0.004246873532801176,93716,jo_lx_derive
F,72,1968,0.0045221714996035445,93318,jo_lx_derive
F,73,1968,0.004951774026868749,92896,jo_lx_derive
F,74,1968,0.0053658747674066865,92436,jo_lx_derive
F,75,1968,0.005862519034152691,91940,jo_lx_derive
F,76,1968,0.00641130841019244,91401,jo_lx_derive
F,77,1968,0.007069316742828846,90815,jo_lx_derive
F,78,1968,0.007785035431892018,90173,jo_lx_derive
F,79,1968,0.008650847760726887,89471,jo_lx_derive
F,80,1968,0.009662108075808695,88697,jo_lx_derive
F,81,1968,0.010894808743169393,87840,jo_lx_derive
F,82,1968,0.012384471070289949,86883,jo_lx_derive
F,83,1968,0.014171338002727074,85807,jo_lx_derive
F,84,1968,0.016384721778912703,84591,jo_lx_derive
F,85,1968,0.0191094285199207,83205,jo_lx_derive
F,86,1968,0.022520370030018944,81615,jo_lx_derive
F,87,1968,0.026711959587349732,79777,jo_lx_derive
F,88,1968,0.03187543466501819,77646,jo_lx_derive
F,89,1968,0.03786034507988456,75171,jo_lx_derive
F,90,1968,0.044811614241272,72325,jo_lx_derive
F,91,1968,0.052414451971512954,69084,jo_lx_derive
F,92,1968,0.06066022027710305,65463,jo_lx_derive
F,93,1968,0.0687081246340987,61492,jo_lx_derive
F,94,1968,0.07728709378874399,57267,jo_lx_derive
F,95,1968,0.08633447512348369,52841,jo_lx_derive
F,96,1968,0.09588019635866529,48279,jo_lx_derive
F,97,1968,0.10593356242840779,43650,jo_lx_derive
F,98,1968,0.11643519704812177,39026,jo_lx_derive
F,99,1968,0.1274578040716896,34482,jo_lx_derive
F,100,1968,0.1389304350716256,30087,jo_lx_derive
F,101,1968,0.15084726135793414,25907,jo_lx_derive
F,102,1968,0.16323469248602207,21999,jo_lx_derive
F,103,1968,0.17606475445458492,18408,jo_lx_derive
F,104,1968,0.1893584756378981,15167,jo_lx_derive
F,105,1968,0.20317202114680766,12295,jo_lx_derive
F,106,1968,0.2173114218638359,9797,jo_lx_derive
F,107,1968,0.23187271778821072,7668,jo_lx_derive
F,108,1968,0.24702886247877764,5890,jo_lx_derive
F,109,1968,0.2624577226606539,4435,jo_lx_derive
F,110,1968,0.27820238459186797,3271,jo_lx_derive
F,111,1968,0.2947903430749682,2361,jo_lx_derive
F,112,1968,0.3111111111111111,1665,jo_lx_derive
F,113,1968,0.32868352223190933,1147,jo_lx_derive
F,114,1968,0.34545454545454546,770,jo_lx_derive
F,115,1968,0.3650793650793651,504,jo_lx_derive
F,116,1968,0.38125,320,jo_lx_derive
F,117,1968,0.4040404040404041,198,jo_lx_derive
F,118,1968,0.4152542372881356,118,jo_lx_derive
F,119,1968,0.4492753623188406,69,jo_lx_derive
F,120,1968,1.0,38,fermeture_hypothese
F,27,1969,0.00026999999999999247,100000,jo_lx_derive
F,28,1969,0.00027007291968828007,99973,jo_lx_derive
F,29,1969,0.00028015128169212034,99946,jo_lx_derive
F,30,1969,0.00028022978842645596,99918,jo_lx_derive
F,31,1969,0.00030033036339971453,99890,jo_lx_derive
F,32,1969,0.00031043460845181503,99860,jo_lx_derive
F,33,1969,0.00032054813731485776,99829,jo_lx_derive
F,34,1969,0.0003406916039560004,99797,jo_lx_derive
F,35,1969,0.0003608552268876686,99763,jo_lx_derive
F,36,1969,0.00038104023985485735,99727,jo_lx_derive
F,37,1969,0.0004112790779323694,99689,jo_lx_derive
F,38,1969,0.0004415542710340947,99648,jo_lx_derive
F,39,1969,0.0004819083570940519,99604,jo_lx_derive
F,40,1969,0.000532363694804916,99556,jo_lx_derive
F,41,1969,0.0005929469463232806,99503,jo_lx_derive
F,42,1969,0.0006536342061863598,99444,jo_lx_derive
F,43,1969,0.0007848740679620159,99379,jo_lx_derive
F,44,1969,0.0008056313632289758,99301,jo_lx_derive
F,45,1969,0.0008869090212757502,99221,jo_lx_derive
F,46,1969,0.0009683959932615949,99133,jo_lx_derive
F,47,1969,0.001060209820572089,99037,jo_lx_derive
F,48,1969,0.0011624145877976444,98932,jo_lx_derive
F,49,1969,0.0013661616928261067,98817,jo_lx_derive
F,50,1969,0.001520034048762664,98682,jo_lx_derive
F,51,1969,0.0015933909795802226,98532,jo_lx_derive
F,52,1969,0.0016874205844981116,98375,jo_lx_derive
F,53,1969,0.0018022788135506618,98209,jo_lx_derive
F,54,1969,0.0018157336379958089,98032,jo_lx_derive
F,55,1969,0.0018496944427411899,97854,jo_lx_derive
F,56,1969,0.0020374105433436096,97673,jo_lx_derive
F,57,1969,0.002174938958081074,97474,jo_lx_derive
F,58,1969,0.0022413686743023575,97262,jo_lx_derive
F,59,1969,0.0023391451300440735,97044,jo_lx_derive
F,60,1969,0.002365287088011425,96817,jo_lx_derive
F,61,1969,0.0024019546941649317,96588,jo_lx_derive
F,62,1969,0.002407737971688362,96356,jo_lx_derive
F,63,1969,0.002444758853147988,96124,jo_lx_derive
F,64,1969,0.0026280386697118407,95889,jo_lx_derive
F,65,1969,0.0027708941100201834,95637,jo_lx_derive
F,66,1969,0.00295684267919305,95372,jo_lx_derive
F,67,1969,0.0031443895257124987,95090,jo_lx_derive
F,68,1969,0.003354748868563462,94791,jo_lx_derive
F,69,1969,0.003556571718903778,94473,jo_lx_derive
F,70,1969,0.003877327724486679,94137,jo_lx_derive
F,71,1969,0.004148359851554817,93772,jo_lx_derive
F,72,1969,0.0044226465202446,93383,jo_lx_derive
F,73,1969,0.004829514897278675,92970,jo_lx_derive
F,74,1969,0.0052420531554998595,92521,jo_lx_derive
F,75,1969,0.0057260202529445525,92036,jo_lx_derive
F,76,1969,0.006250751292222634,91509,jo_lx_derive
F,77,1969,0.0068838866467993975,90937,jo_lx_derive
F,78,1969,0.007584901064100702,90311,jo_lx_derive
F,79,1969,0.00843505232856534,89626,jo_lx_derive
F,80,1969,0.00940699898728481,88870,jo_lx_derive
F,81,1969,0.010620896471817742,88034,jo_lx_derive
F,82,1969,0.012055247477008924,87099,jo_lx_derive
F,83,1969,0.013817708514915927,86049,jo_lx_derive
F,84,1969,0.015967475842564194,84860,jo_lx_derive
F,85,1969,0.018657565415244548,83505,jo_lx_derive
F,86,1969,0.022002025699537464,81947,jo_lx_derive
F,87,1969,0.026140447195048933,80144,jo_lx_derive
F,88,1969,0.031211162218606314,78049,jo_lx_derive
F,89,1969,0.03712324600267147,75613,jo_lx_derive
F,90,1969,0.04399362689888198,72806,jo_lx_derive
F,91,1969,0.05150640058618161,69603,jo_lx_derive
F,92,1969,0.059665545760247185,66018,jo_lx_derive
F,93,1969,0.06763962048357741,62079,jo_lx_derive
F,94,1969,0.07610573600552872,57880,jo_lx_derive
F,95,1969,0.08508648901355775,53475,jo_lx_derive
F,96,1969,0.09457332652018391,48925,jo_lx_derive
F,97,1969,0.10449681701205471,44298,jo_lx_derive
F,98,1969,0.11495122135672686,39669,jo_lx_derive
F,99,1969,0.1258651627787747,35109,jo_lx_derive
F,100,1969,0.13724340175953076,30690,jo_lx_derive
F,101,1969,0.14906715008686455,26478,jo_lx_derive
F,102,1969,0.16137765744973587,22531,jo_lx_derive
F,103,1969,0.1741201376025403,18895,jo_lx_derive
F,104,1969,0.187375841076578,15605,jo_lx_derive
F,105,1969,0.20093052598375527,12681,jo_lx_derive
F,106,1969,0.215138655876838,10133,jo_lx_derive
F,107,1969,0.2295988934993084,7953,jo_lx_derive
F,108,1969,0.24449159458136116,6127,jo_lx_derive
F,109,1969,0.2598833441348023,4629,jo_lx_derive
F,110,1969,0.27583187390542907,3426,jo_lx_derive
F,111,1969,0.29181781539701734,2481,jo_lx_derive
F,112,1969,0.30848036425725667,1757,jo_lx_derive
F,113,1969,0.32592592592592595,1215,jo_lx_derive
F,114,1969,0.3431013431013431,819,jo_lx_derive
F,115,1969,0.3605947955390335,538,jo_lx_derive
F,116,1969,0.3808139534883721,344,jo_lx_derive
F,117,1969,0.3943661971830986,213,jo_lx_derive
F,118,1969,0.41860465116279066,129,jo_lx_derive
F,119,1969,0.43999999999999995,75,jo_lx_derive
F,120,1969,1.0,42,fermeture_hypothese
F,26,1970,0.000260000000000038,100000,jo_lx_derive
F,27,1970,0.00027007021825675714,99974,jo_lx_derive
F,28,1970,0.00027014317588325287,99947,jo_lx_derive
F,29,1970,0.0002802241793434801,99920,jo_lx_derive
F,30,1970,0.00028030272694512526,99892,jo_lx_derive
F,31,1970,0.00030040855563562285,99864,jo_lx_derive
F,32,1970,0.00030049882805460726,99834,jo_lx_derive
F,33,1970,0.0003206284317261998,99804,jo_lx_derive
F,34,1970,0.00034077697149503816,99772,jo_lx_derive
F,35,1970,0.0003609456776755282,99738,jo_lx_derive
F,36,1970,0.0003811357846382757,99702,jo_lx_derive
F,37,1970,0.00041138224434100756,99664,jo_lx_derive
F,38,1970,0.0004416650773415576,99623,jo_lx_derive
F,39,1970,0.00048202934353624993,99579,jo_lx_derive
F,40,1970,0.0005324974128663174,99531,jo_lx_derive
F,41,1970,0.0005830434870021106,99478,jo_lx_derive
F,42,1970,0.0006537919935626357,99420,jo_lx_derive
F,43,1970,0.0007850636606109296,99355,jo_lx_derive
F,44,1970,0.0007957532963325242,99277,jo_lx_derive
F,45,1970,0.0008871146595696988,99198,jo_lx_derive
F,46,1970,0.0009585309252345686,99110,jo_lx_derive
F,47,1970,0.001050345907185779,99015,jo_lx_derive
F,48,1970,0.0011525512834770213,98911,jo_lx_derive
F,49,1970,0.0013563164873426903,98797,jo_lx_derive
F,50,1970,0.001510191257107496,98663,jo_lx_derive
F,51,1970,0.0015733804332379586,98514,jo_lx_derive
F,52,1970,0.0016775282383920675,98359,jo_lx_derive
F,53,1970,0.0017821862842943847,98194,jo_lx_derive
F,54,1970,0.0017853681429110813,98019,jo_lx_derive
F,55,1970,0.0018396631372388228,97844,jo_lx_derive
F,56,1970,0.002006880733944949,97664,jo_lx_derive
F,57,1970,0.002144293511716633,97468,jo_lx_derive
F,58,1970,0.002200310511109471,97259,jo_lx_derive
F,59,1970,0.0023082075325879803,97045,jo_lx_derive
F,60,1970,0.002334204356492897,96821,jo_lx_derive
F,61,1970,0.002360370619597263,96595,jo_lx_derive
F,62,1970,0.002365955150622101,96367,jo_lx_derive
F,63,1970,0.002413172593848545,96139,jo_lx_derive
F,64,1970,0.0025858383642487492,95907,jo_lx_derive
F,65,1970,0.0027179878526850665,95659,jo_lx_derive
F,66,1970,0.00290359437729959,95399,jo_lx_derive
F,67,1970,0.0030907676457602173,95122,jo_lx_derive
F,68,1970,0.0032901674610874565,94828,jo_lx_derive
F,69,1970,0.003491472343306934,94516,jo_lx_derive
F,70,1970,0.003790372242159168,94186,jo_lx_derive
F,71,1970,0.0040605782860310136,93829,jo_lx_derive
F,72,1970,0.004323259994863493,93448,jo_lx_derive
F,73,1970,0.004718197841881211,93044,jo_lx_derive
F,74,1970,0.00511851411910802,92605,jo_lx_derive
F,75,1970,0.00557901249308046,92131,jo_lx_derive
F,76,1970,0.006101487715162057,91617,jo_lx_derive
F,77,1970,0.006710009005249429,91058,jo_lx_derive
F,78,1970,0.007385540703395366,90447,jo_lx_derive
F,79,1970,0.008209046659018226,89779,jo_lx_derive
F,80,1970,0.009175445295478535,89042,jo_lx_derive
F,81,1970,0.010337206007367539,88225,jo_lx_derive
F,82,1970,0.011750827482734483,87313,jo_lx_derive
F,83,1970,0.013466686754667556,86287,jo_lx_derive
F,84,1970,0.015577092511013246,85125,jo_lx_derive
F,85,1970,0.01819830785570231,83799,jo_lx_derive
F,86,1970,0.021501324841383673,82274,jo_lx_derive
F,87,1970,0.025576051176945502,80505,jo_lx_derive
F,88,1970,0.03055605129643324,78446,jo_lx_derive
F,89,1970,0.036410735183894594,76049,jo_lx_derive
F,90,1970,0.04319050218340614,73280,jo_lx_derive
F,91,1970,0.050616843756685403,70115,jo_lx_derive
F,92,1970,0.05866358200883337,66566,jo_lx_derive
F,93,1970,0.06658048866120869,62661,jo_lx_derive
F,94,1970,0.07497136213647015,58489,jo_lx_derive
F,95,1970,0.08385701611710783,54104,jo_lx_derive
F,96,1970,0.09324752355397747,49567,jo_lx_derive
F,97,1970,0.10310379352541998,44945,jo_lx_derive
F,98,1970,0.11346778794869883,40311,jo_lx_derive
F,99,1970,0.12429694714161799,35737,jo_lx_derive
F,100,1970,0.1355807637002716,31295,jo_lx_derive
F,101,1970,0.14730888658879193,27052,jo_lx_derive
F,102,1970,0.15953526683140418,23067,jo_lx_derive
F,103,1970,0.1722288131221953,19387,jo_lx_derive
F,104,1970,0.1853190428713859,16048,jo_lx_derive
F,105,1970,0.19886798225485702,13074,jo_lx_derive
F,106,1970,0.21281267901470302,10474,jo_lx_derive
F,107,1970,0.22728926622195267,8245,jo_lx_derive
F,108,1970,0.24219117877884166,6371,jo_lx_derive
F,109,1970,0.2574565037282519,4828,jo_lx_derive
F,110,1970,0.2730822873082287,3585,jo_lx_derive
F,111,1970,0.2893323100537222,2606,jo_lx_derive
F,112,1970,0.3056155507559395,1852,jo_lx_derive
F,113,1970,0.32270606531881807,1286,jo_lx_derive
F,114,1970,0.34098737083811714,871,jo_lx_derive
F,115,1970,0.3571428571428571,574,jo_lx_derive
F,116,1970,0.3766937669376694,369,jo_lx_derive
F,117,1970,0.3956521739130435,230,jo_lx_derive
F,118,1970,0.41007194244604317,139,jo_lx_derive
F,119,1970,0.4390243902439024,82,jo_lx_derive
F,120,1970,1.0,46,fermeture_hypothese
F,25,1971,0.000260000000000038,100000,jo_lx_derive
F,26,1971,0.00026006761758057273,99974,jo_lx_derive
F,27,1971,0.0002601352703405224,99948,jo_lx_derive
F,28,1971,0.00027021076439626146,99922,jo_lx_derive
F,29,1971,0.0002802943090244314,99895,jo_lx_derive
F,30,1971,0.0002803728959516194,99867,jo_lx_derive
F,31,1971,0.0003004837788840309,99839,jo_lx_derive
F,32,1971,0.0003105932330751404,99809,jo_lx_derive
F,33,1971,0.00031068973120329524,99778,jo_lx_derive
F,34,1971,0.0003408623818260681,99747,jo_lx_derive
F,35,1971,0.000361036173818885,99713,jo_lx_derive
F,36,1971,0.00038123137734880075,99677,jo_lx_derive
F,37,1971,0.00040144923172658054,99639,jo_lx_derive
F,38,1971,0.00044177150372992635,99599,jo_lx_derive
F,39,1971,0.0004821455476872183,99555,jo_lx_derive
F,40,1971,0.0005326258454179111,99507,jo_lx_derive
F,41,1971,0.000583184185653618,99454,jo_lx_derive
F,42,1971,0.0006539498571370705,99396,jo_lx_derive
F,43,1971,0.0007751859943019301,99331,jo_lx_derive
F,44,1971,0.0007858625345074088,99254,jo_lx_derive
F,45,1971,0.0008873114463177068,99176,jo_lx_derive
F,46,1971,0.0009587437429355861,99088,jo_lx_derive
F,47,1971,0.0010404776095279678,98993,jo_lx_derive
F,48,1971,0.001142683790069765,98890,jo_lx_derive
F,49,1971,0.0013464672950180834,98777,jo_lx_derive
F,50,1971,0.0014902072097644492,98644,jo_lx_derive
F,51,1971,0.0015634993959207089,98497,jo_lx_derive
F,52,1971,0.001657464181487267,98343,jo_lx_derive
F,53,1971,0.0017620696679567782,98180,jo_lx_derive
F,54,1971,0.0017651800381605076,98007,jo_lx_derive
F,55,1971,0.0018194083856327703,97834,jo_lx_derive
F,56,1971,0.001976325059392159,97656,jo_lx_derive
F,57,1971,0.0021136226055015195,97463,jo_lx_derive
F,58,1971,0.0021695096496909816,97257,jo_lx_derive
F,59,1971,0.0022669661809863184,97046,jo_lx_derive
F,60,1971,0.0023031004069155037,96826,jo_lx_derive
F,61,1971,0.0023187685682639625,96603,jo_lx_derive
F,62,1971,0.0023345334564583986,96379,jo_lx_derive
F,63,1971,0.0023815961894461113,96154,jo_lx_derive
F,64,1971,0.002533229085222799,95925,jo_lx_derive
F,65,1971,0.0026755293576639083,95682,jo_lx_derive
F,66,1971,0.002850376207742089,95426,jo_lx_derive
F,67,1971,0.003037181831557212,95154,jo_lx_derive
F,68,1971,0.0032256364307173824,94865,jo_lx_derive
F,69,1971,0.00342643217462113,94559,jo_lx_derive
F,70,1971,0.0037035071894730986,94235,jo_lx_derive
F,71,1971,0.003972903308267495,93886,jo_lx_derive
F,72,1971,0.00422401163474595,93513,jo_lx_derive
F,73,1971,0.004617796773985661,93118,jo_lx_derive
F,74,1971,0.004995252891420665,92688,jo_lx_derive
F,75,1971,0.0054432095418812665,92225,jo_lx_derive
F,76,1971,0.0059418030374061015,91723,jo_lx_derive
F,77,1971,0.0065366645462721085,91178,jo_lx_derive
F,78,1971,0.007197898037137662,90582,jo_lx_derive
F,79,1971,0.007995107305682203,89930,jo_lx_derive
F,80,1971,0.008933875867325747,89211,jo_lx_derive
F,81,1971,0.010066279096070718,88414,jo_lx_derive
F,82,1971,0.011448288469448342,87524,jo_lx_derive
F,83,1971,0.01311805090034901,86522,jo_lx_derive
F,84,1971,0.015201377258833304,85387,jo_lx_derive
F,85,1971,0.017766889842904532,84089,jo_lx_derive
F,86,1971,0.021006114171560064,82595,jo_lx_derive
F,87,1971,0.025006183527083836,80860,jo_lx_derive
F,88,1971,0.029934803013775046,78838,jo_lx_derive
F,89,1971,0.035696540181490155,76478,jo_lx_derive
F,90,1971,0.04238759017193683,73748,jo_lx_derive
F,91,1971,0.04974370592733146,70622,jo_lx_derive
F,92,1971,0.05769717921590245,67109,jo_lx_derive
F,93,1971,0.06553125543589988,63237,jo_lx_derive
F,94,1971,0.07383277207114214,59093,jo_lx_derive
F,95,1971,0.08264206102685911,54730,jo_lx_derive
F,96,1971,0.0919592885454219,50207,jo_lx_derive
F,97,1971,0.1017328361482781,45590,jo_lx_derive
F,98,1971,0.11198476264895485,40952,jo_lx_derive
F,99,1971,0.12275202111862726,36366,jo_lx_derive
F,100,1971,0.13394144567738697,31902,jo_lx_derive
F,101,1971,0.14557168192840853,27629,jo_lx_derive
F,102,1971,0.15774981996865334,23607,jo_lx_derive
F,103,1971,0.17029623296283258,19883,jo_lx_derive
F,104,1971,0.18330605564648117,16497,jo_lx_derive
F,105,1971,0.1967638981667038,13473,jo_lx_derive
F,106,1971,0.21068194418776565,10822,jo_lx_derive
F,107,1971,0.22512292203231088,8542,jo_lx_derive
F,108,1971,0.239764314851186,6619,jo_lx_derive
F,109,1971,0.2549682034976153,5032,jo_lx_derive
F,110,1971,0.27073886369698585,3749,jo_lx_derive
F,111,1971,0.28639356254572057,2734,jo_lx_derive
F,112,1971,0.30343413634033833,1951,jo_lx_derive
F,113,1971,0.3200883002207505,1359,jo_lx_derive
F,114,1971,0.33658008658008653,924,jo_lx_derive
F,115,1971,0.3556280587275693,613,jo_lx_derive
F,116,1971,0.3721518987341772,395,jo_lx_derive
F,117,1971,0.3911290322580645,248,jo_lx_derive
F,118,1971,0.4105960264900662,151,jo_lx_derive
F,119,1971,0.4269662921348315,89,jo_lx_derive
F,120,1971,1.0,51,fermeture_hypothese
F,24,1972,0.00024999999999997247,100000,jo_lx_derive
F,25,1972,0.0002600650162540852,99975,jo_lx_derive
F,26,1972,0.000260132667660562,99949,jo_lx_derive
F,27,1972,0.000260200354272766,99923,jo_lx_derive
F,28,1972,0.0002702783867383207,99897,jo_lx_derive
F,29,1972,0.00028036447381596385,99870,jo_lx_derive
F,30,1972,0.00028044310009811557,99842,jo_lx_derive
F,31,1972,0.0003005590398140745,99814,jo_lx_derive
F,32,1972,0.00030064940270990714,99784,jo_lx_derive
F,33,1972,0.0003207891412875252,99754,jo_lx_derive
F,34,1972,0.00034094783498128667,99722,jo_lx_derive
F,35,1972,0.00035109541770328434,99688,jo_lx_derive
F,36,1972,0.0003813231914744364,99653,jo_lx_derive
F,37,1972,0.0004015459519148834,99615,jo_lx_derive
F,38,1972,0.00044187798142103496,99575,jo_lx_derive
F,39,1972,0.00048226180787891426,99531,jo_lx_derive
F,40,1972,0.0005227023712593981,99483,jo_lx_derive
F,41,1972,0.000583319085597056,99431,jo_lx_derive
F,42,1972,0.0006541012146156211,99373,jo_lx_derive
F,43,1972,0.0007753655294638895,99308,jo_lx_derive
F,44,1972,0.0007860446836169821,99231,jo_lx_derive
F,45,1972,0.0008673464242130446,99153,jo_lx_derive
F,46,1972,0.0009589469752793178,99067,jo_lx_derive
F,47,1972,0.0010305945115790527,98972,jo_lx_derive
F,48,1972,0.0011429149388085813,98870,jo_lx_derive
F,49,1972,0.0013264882489342211,98757,jo_lx_derive
F,50,1972,0.0014803398698112202,98626,jo_lx_derive
F,51,1972,0.0015536149471974126,98480,jo_lx_derive
F,52,1972,0.0016373935948417184,98327,jo_lx_derive
F,53,1972,0.0017317604873378079,98166,jo_lx_derive
F,54,1972,0.0017551736805584417,97996,jo_lx_derive
F,55,1972,0.0017889270526659784,97824,jo_lx_derive
F,56,1972,0.001955985212342193,97649,jo_lx_derive
F,57,1972,0.0020726877218905093,97458,jo_lx_derive
F,58,1972,0.0021489676729455898,97256,jo_lx_derive
F,59,1972,0.002225725679310009,97047,jo_lx_derive
F,60,1972,0.002261672398302217,96831,jo_lx_derive
F,61,1972,0.0022875005175340135,96612,jo_lx_derive
F,62,1972,0.002303119585853497,96391,jo_lx_derive
F,63,1972,0.002339631274111187,96169,jo_lx_derive
F,64,1972,0.0025014591845242684,95944,jo_lx_derive
F,65,1972,0.002622669898854846,95704,jo_lx_derive
F,66,1972,0.0027971881449508906,95453,jo_lx_derive
F,67,1972,0.0029731263000861707,95186,jo_lx_derive
F,68,1972,0.003171659483894085,94903,jo_lx_derive
F,69,1972,0.003350880531067024,94602,jo_lx_derive
F,70,1972,0.0036273002068197835,94285,jo_lx_derive
F,71,1972,0.00388533472424768,93943,jo_lx_derive
F,72,1972,0.004135587424394571,93578,jo_lx_derive
F,73,1972,0.004506872981296484,93191,jo_lx_derive
F,74,1972,0.00487221222149159,92771,jo_lx_derive
F,75,1972,0.005307683142148467,92319,jo_lx_derive
F,76,1972,0.00579337681995884,91829,jo_lx_derive
F,77,1972,0.006374798733802867,91297,jo_lx_derive
F,78,1972,0.007010968417571539,90715,jo_lx_derive
F,79,1972,0.0077820579713362426,90079,jo_lx_derive
F,80,1972,0.008704602922419369,89378,jo_lx_derive
F,81,1972,0.009808126410835172,88600,jo_lx_derive
F,82,1972,0.011147712895099748,87731,jo_lx_derive
F,83,1972,0.012783419593558776,86753,jo_lx_derive
F,84,1972,0.014817150063051732,85644,jo_lx_derive
F,85,1972,0.017351111111111095,84375,jo_lx_derive
F,86,1972,0.020515974961102912,82911,jo_lx_derive
F,87,1972,0.024467430119443412,81210,jo_lx_derive
F,88,1972,0.02930967017154107,79223,jo_lx_derive
F,89,1972,0.03499304300334194,76901,jo_lx_derive
F,90,1972,0.041611642635763335,74210,jo_lx_derive
F,91,1972,0.04887376620454997,71122,jo_lx_derive
F,92,1972,0.056751323064187065,67646,jo_lx_derive
F,93,1972,0.06449135674769224,63807,jo_lx_derive
F,94,1972,0.07272331300676804,59692,jo_lx_derive
F,95,1972,0.08144387635273076,55351,jo_lx_derive
F,96,1972,0.09067128218240461,50843,jo_lx_derive
F,97,1972,0.10036121385157792,46233,jo_lx_derive
F,98,1972,0.11054744788786575,41593,jo_lx_derive
F,99,1972,0.12120556832004326,36995,jo_lx_derive
F,100,1972,0.13232444403432686,32511,jo_lx_derive
F,101,1972,0.14389024779325743,28209,jo_lx_derive
F,102,1972,0.15594202898550724,24150,jo_lx_derive
F,103,1972,0.16841640502354793,20384,jo_lx_derive
F,104,1972,0.18134623326057464,16951,jo_lx_derive
F,105,1972,0.1947106723355192,13877,jo_lx_derive
F,106,1972,0.2085906040268456,11175,jo_lx_derive
F,107,1972,0.22274988692899145,8844,jo_lx_derive
F,108,1972,0.23741635146930462,6874,jo_lx_derive
F,109,1972,0.25257535291873334,5242,jo_lx_derive
F,110,1972,0.26824910668708524,3918,jo_lx_derive
F,111,1972,0.28392047436344614,2867,jo_lx_derive
F,112,1972,0.3005358012664393,2053,jo_lx_derive
F,113,1972,0.3168523676880223,1436,jo_lx_derive
F,114,1972,0.33435270132517836,981,jo_lx_derive
F,115,1972,0.35222052067381315,653,jo_lx_derive
F,116,1972,0.37115839243498816,423,jo_lx_derive
F,117,1972,0.3872180451127819,266,jo_lx_derive
F,118,1972,0.4049079754601227,163,jo_lx_derive
F,119,1972,0.4329896907216495,97,jo_lx_derive
F,120,1972,1.0,55,fermeture_hypothese
F,23,1973,0.00024999999999997247,100000,jo_lx_derive
F,24,1973,0.0002500625156288683,99975,jo_lx_derive
F,25,1973,0.00026013006503256,99950,jo_lx_derive
F,26,1973,0.0002601977502901809,99924,jo_lx_derive
F,27,1973,0.00026026547078017437,99898,jo_lx_derive
F,28,1973,0.0002703460429349658,99872,jo_lx_derive
F,29,1973,0.00028043467374427866,99845,jo_lx_derive
F,30,1973,0.0002805133394111481,99817,jo_lx_derive
F,31,1973,0.00029061319383905104,99789,jo_lx_derive
F,32,1973,0.00031074578989576107,99760,jo_lx_derive
F,33,1973,0.00032086955649812676,99729,jo_lx_derive
F,34,1973,0.00033100293890486743,99697,jo_lx_derive
F,35,1973,0.0003511799646813696,99664,jo_lx_derive
F,36,1973,0.00038141504983491004,99629,jo_lx_derive
F,37,1973,0.0004016427187195637,99591,jo_lx_derive
F,38,1973,0.00044198451045196485,99551,jo_lx_derive
F,39,1973,0.000472328579898873,99507,jo_lx_derive
F,40,1973,0.000532877538709009,99460,jo_lx_derive
F,41,1973,0.0005734002635628954,99407,jo_lx_derive
F,42,1973,0.0006542526421741135,99350,jo_lx_derive
F,43,1973,0.0007654731329002074,99285,jo_lx_derive
F,44,1973,0.0007761392615589502,99209,jo_lx_derive
F,45,1973,0.0008776177218254855,99132,jo_lx_derive
F,46,1973,0.0009389671361502705,99045,jo_lx_derive
F,47,1973,0.001030802813485332,98952,jo_lx_derive
F,48,1973,0.0011330298431967423,98850,jo_lx_derive
F,49,1973,0.0013166156900078496,98738,jo_lx_derive
F,50,1973,0.0014704689274703808,98608,jo_lx_derive
F,51,1973,0.0015335709860556657,98463,jo_lx_derive
F,52,1973,0.0016173000244120717,98312,jo_lx_derive
F,53,1973,0.0017116135013702793,98153,jo_lx_derive
F,54,1973,0.0017349594325661855,97985,jo_lx_derive
F,55,1973,0.0017686448908653674,97815,jo_lx_derive
F,56,1973,0.001925400954507328,97642,jo_lx_derive
F,57,1973,0.002052250292445712,97454,jo_lx_derive
F,58,1973,0.0021078824521356676,97254,jo_lx_derive
F,59,1973,0.0021947675916289544,97049,jo_lx_derive
F,60,1973,0.002220248667850755,96836,jo_lx_derive
F,61,1973,0.002256238291882706,96621,jo_lx_derive
F,62,1973,0.002261340414717372,96403,jo_lx_derive
F,63,1973,0.002308052191090093,96185,jo_lx_derive
F,64,1973,0.0024488604983170514,95963,jo_lx_derive
F,65,1973,0.002590673575129543,95728,jo_lx_derive
F,66,1973,0.0027440301633849806,95480,jo_lx_derive
F,67,1973,0.002919616038984274,95218,jo_lx_derive
F,68,1973,0.003096692647988175,94940,jo_lx_derive
F,69,1973,0.0032859286182195246,94646,jo_lx_derive
F,70,1973,0.0035511740075263587,94335,jo_lx_derive
F,71,1973,0.003797872340425501,94000,jo_lx_derive
F,72,1973,0.004047285969052683,93643,jo_lx_derive
F,73,1973,0.004396122834105287,93264,jo_lx_derive
F,74,1973,0.004760161113145367,92854,jo_lx_derive
F,75,1973,0.005172488421417154,92412,jo_lx_derive
F,76,1973,0.005645354275893522,91934,jo_lx_derive
F,77,1973,0.006213422304873428,91415,jo_lx_derive
F,78,1973,0.0068246612436293486,90847,jo_lx_derive
F,79,1973,0.007591962494596927,90227,jo_lx_derive
F,80,1973,0.008465301199437114,89542,jo_lx_derive
F,81,1973,0.009551270499189024,88784,jo_lx_derive
F,82,1973,0.010860171033478916,87936,jo_lx_derive
F,83,1973,0.012473988572216932,86981,jo_lx_derive
F,84,1973,0.014447704200428402,85896,jo_lx_derive
F,85,1973,0.01692752938397024,84655,jo_lx_derive
F,86,1973,0.020042777150272806,83222,jo_lx_derive
F,87,1973,0.02393506143168944,81554,jo_lx_derive
F,88,1973,0.02869274641340669,79602,jo_lx_derive
F,89,1973,0.0343128378902714,77318,jo_lx_derive
F,90,1973,0.04084912609656466,74665,jo_lx_derive
F,91,1973,0.04802066606157929,71615,jo_lx_derive
F,92,1973,0.05581142924196203,68176,jo_lx_derive
F,93,1973,0.06346025384101539,64371,jo_lx_derive
F,94,1973,0.0716252529608864,60286,jo_lx_derive
F,95,1973,0.0802601486563751,55968,jo_lx_derive
F,96,1973,0.08942031237858417,51476,jo_lx_derive
F,97,1973,0.09901222452157954,46873,jo_lx_derive
F,98,1973,0.10913525288880466,42232,jo_lx_derive
F,99,1973,0.11968742524519571,37623,jo_lx_derive
F,100,1973,0.13070652173913044,33120,jo_lx_derive
F,101,1973,0.14219721440728006,28791,jo_lx_derive
F,102,1973,0.15418876786654245,24697,jo_lx_derive
F,103,1973,0.16654698645219967,20889,jo_lx_derive
F,104,1973,0.17937966685812756,17410,jo_lx_derive
F,105,1973,0.19269265766081056,14287,jo_lx_derive
F,106,1973,0.20643315415293917,11534,jo_lx_derive
F,107,1973,0.22058341527368075,9153,jo_lx_derive
F,108,1973,0.2352116624614522,7134,jo_lx_derive
F,109,1973,0.25018328445747806,5456,jo_lx_derive
F,110,1973,0.2657052065509655,4091,jo_lx_derive
F,111,1973,0.2812916111850865,3004,jo_lx_derive
F,112,1973,0.2978230662343677,2159,jo_lx_derive
F,113,1973,0.3146437994722955,1516,jo_lx_derive
F,114,1973,0.3310875842155919,1039,jo_lx_derive
F,115,1973,0.3496402877697842,695,jo_lx_derive
F,116,1973,0.3672566371681416,452,jo_lx_derive
F,117,1973,0.3846153846153846,286,jo_lx_derive
F,118,1973,0.40340909090909094,176,jo_lx_derive
F,119,1973,0.4285714285714286,105,jo_lx_derive
F,120,1973,1.0,60,fermeture_hypothese
F,22,1974,0.00024999999999997247,100000,jo_lx_derive
F,23,1974,0.0002500625156288683,99975,jo_lx_derive
F,24,1974,0.0002501250625313034,99950,jo_lx_derive
F,25,1974,0.00026019514635977625,99925,jo_lx_derive
F,26,1974,0.0002602628654941874,99899,jo_lx_derive
F,27,1974,0.00026033061988728345,99873,jo_lx_derive
F,28,1974,0.0002704137330115097,99847,jo_lx_derive
F,29,1974,0.0002704868763774293,99820,jo_lx_derive
F,30,1974,0.00028058080226067705,99793,jo_lx_derive
F,31,1974,0.0003007066606525166,99765,jo_lx_derive
F,32,1974,0.0003007971123477615,99735,jo_lx_derive
F,33,1974,0.00032094679303951157,99705,jo_lx_derive
F,34,1974,0.0003310826402335154,99673,jo_lx_derive
F,35,1974,0.0003512645523886526,99640,jo_lx_derive
F,36,1974,0.0003815069524621961,99605,jo_lx_derive
F,37,1974,0.00040173953217426117,99567,jo_lx_derive
F,38,1974,0.00043204356606751926,99527,jo_lx_derive
F,39,1974,0.0004824896465763784,99484,jo_lx_derive
F,40,1974,0.0005229494348123476,99436,jo_lx_derive
F,41,1974,0.0005735329630524033,99384,jo_lx_derive
F,42,1974,0.0006443363838634086,99327,jo_lx_derive
F,43,1974,0.0007656427873427019,99263,jo_lx_derive
F,44,1974,0.000776311411777808,99187,jo_lx_derive
F,45,1974,0.0008677227323176107,99110,jo_lx_derive
F,46,1974,0.000939166262724167,99024,jo_lx_derive
F,47,1974,0.0010209135660207425,98931,jo_lx_derive
F,48,1974,0.001123140746736806,98830,jo_lx_derive
F,49,1974,0.0013067393308279218,98719,jo_lx_derive
F,50,1974,0.0014504513642357164,98590,jo_lx_derive
F,51,1974,0.0015135047284325909,98447,jo_lx_derive
F,52,1974,0.001607357219882366,98298,jo_lx_derive
F,53,1974,0.0016914611779090816,98140,jo_lx_derive
F,54,1974,0.0017147406454773861,97974,jo_lx_derive
F,55,1974,0.0017483589963805946,97806,jo_lx_derive
F,56,1974,0.0018948123111589554,97635,jo_lx_derive
F,57,1974,0.0020215495125704974,97450,jo_lx_derive
F,58,1974,0.0020770567488920255,97253,jo_lx_derive
F,59,1974,0.0021535069190425915,97051,jo_lx_derive
F,60,1974,0.0021891328142747968,96842,jo_lx_derive
F,61,1974,0.0022249818896823426,96630,jo_lx_derive
F,62,1974,0.0022195716434164625,96415,jo_lx_derive
F,63,1974,0.002266088710096592,96201,jo_lx_derive
F,64,1974,0.0024170946938519844,95983,jo_lx_derive
F,65,1974,0.0025378325030548377,95751,jo_lx_derive
F,66,1974,0.0027013443899986944,95508,jo_lx_derive
F,67,1974,0.0028556430446193826,95250,jo_lx_derive
F,68,1974,0.0030428099138748443,94978,jo_lx_derive
F,69,1974,0.0032210710853425306,94689,jo_lx_derive
F,70,1974,0.0034751652822512247,94384,jo_lx_derive
F,71,1974,0.0037105554137960572,94056,jo_lx_derive
F,72,1974,0.003959149263128681,93707,jo_lx_derive
F,73,1974,0.004296305819833757,93336,jo_lx_derive
F,74,1974,0.004637649970409385,92935,jo_lx_derive
F,75,1974,0.005048430338147503,92504,jo_lx_derive
F,76,1974,0.0054977889327118,92037,jo_lx_derive
F,77,1974,0.006052594203056927,91531,jo_lx_derive
F,78,1974,0.006650032425777996,90977,jo_lx_derive
F,79,1974,0.007380604612047925,90372,jo_lx_derive
F,80,1974,0.008260409118778234,89705,jo_lx_derive
F,81,1974,0.009295894968751384,88964,jo_lx_derive
F,82,1974,0.010585792572926245,88137,jo_lx_derive
F,83,1974,0.012143938351451777,87204,jo_lx_derive
F,84,1974,0.014092518428231449,86145,jo_lx_derive
F,85,1974,0.016519292131259466,84931,jo_lx_derive
F,86,1974,0.019586246528110363,83528,jo_lx_derive
F,87,1974,0.02340887998827723,81892,jo_lx_derive
F,88,1974,0.028096280087527403,79975,jo_lx_derive
F,89,1974,0.03364296006587075,77728,jo_lx_derive
F,90,1974,0.04008627001983678,75113,jo_lx_derive
F,91,1974,0.04719702643477297,72102,jo_lx_derive
F,92,1974,0.05487707244646933,68699,jo_lx_derive
F,93,1974,0.06245283309461103,64929,jo_lx_derive
F,94,1974,0.07052271905903995,60874,jo_lx_derive
F,95,1974,0.07910782771601776,56581,jo_lx_derive
F,96,1974,0.08816812206122249,52105,jo_lx_derive
F,97,1974,0.09770368967186549,47511,jo_lx_derive
F,98,1974,0.10770020294385219,42869,jo_lx_derive
F,99,1974,0.11818989856739515,38252,jo_lx_derive
F,100,1974,0.12913936734754383,33731,jo_lx_derive
F,101,1974,0.14056170212765962,29375,jo_lx_derive
F,102,1974,0.15238057514061631,25246,jo_lx_derive
F,103,1974,0.16472732370671528,21399,jo_lx_derive
F,104,1974,0.17746447353698114,17874,jo_lx_derive
F,105,1974,0.19072235070058496,14702,jo_lx_derive
F,106,1974,0.20432005379055307,11898,jo_lx_derive
F,107,1974,0.21833738248653212,9467,jo_lx_derive
F,108,1974,0.23297297297297292,7400,jo_lx_derive
F,109,1974,0.24770965468639883,5676,jo_lx_derive
F,110,1974,0.26323185011709604,4270,jo_lx_derive
F,111,1974,0.27908455181182457,3146,jo_lx_derive
F,112,1974,0.294973544973545,2268,jo_lx_derive
F,113,1974,0.3120700437773608,1599,jo_lx_derive
F,114,1974,0.32818181818181813,1100,jo_lx_derive
F,115,1974,0.34641407307171856,739,jo_lx_derive
F,116,1974,0.36438923395445133,483,jo_lx_derive
F,117,1974,0.38110749185667747,307,jo_lx_derive
F,118,1974,0.4,190,jo_lx_derive
F,119,1974,0.42105263157894735,114,jo_lx_derive
F,120,1974,1.0,66,fermeture_hypothese
F,21,1975,0.00024999999999997247,100000,jo_lx_derive
F,22,1975,0.0002500625156288683,99975,jo_lx_derive
F,23,1975,0.0002501250625313034,99950,jo_lx_derive
F,24,1975,0.0002501876407305925,99925,jo_lx_derive
F,25,1975,0.00025025025025027237,99900,jo_lx_derive
F,26,1975,0.00026032540675846594,99875,jo_lx_derive
F,27,1975,0.0002603931937225079,99849,jo_lx_derive
F,28,1975,0.0002704787473828407,99823,jo_lx_derive
F,29,1975,0.00028057236763001647,99796,jo_lx_derive
F,30,1975,0.00028065111057651304,99768,jo_lx_derive
F,31,1975,0.00029075596551031424,99740,jo_lx_derive
F,32,1975,0.0003008695128922101,99711,jo_lx_derive
F,33,1975,0.00032102406677303463,99681,jo_lx_derive
F,34,1975,0.0003311623799536756,99649,jo_lx_derive
F,35,1975,0.00035134918085444333,99616,jo_lx_derive
F,36,1975,0.0003715568230887589,99581,jo_lx_derive
F,37,1975,0.00040183235554125396,99544,jo_lx_derive
F,38,1975,0.00044219327866212854,99504,jo_lx_derive
F,39,1975,0.0004725517796099199,99460,jo_lx_derive
F,40,1975,0.0005230704233852856,99413,jo_lx_derive
F,41,1975,0.0005736657239762133,99361,jo_lx_derive
F,42,1975,0.0006344155321034162,99304,jo_lx_derive
F,43,1975,0.0007658125170040275,99241,jo_lx_derive
F,44,1975,0.0007764836383804541,99165,jo_lx_derive
F,45,1975,0.0008578233489423548,99088,jo_lx_derive
F,46,1975,0.0009292647697544121,99003,jo_lx_derive
F,47,1975,0.0010211199967647966,98911,jo_lx_derive
F,48,1975,0.0011132476469992714,98810,jo_lx_derive
F,49,1975,0.0012968591691996378,98700,jo_lx_derive
F,50,1975,0.0014304264902812447,98572,jo_lx_derive
F,51,1975,0.001503591348254063,98431,jo_lx_derive
F,52,1975,0.0015770784367591384,98283,jo_lx_derive
F,53,1975,0.001681477254198649,98128,jo_lx_derive
F,54,1975,0.0016843093821136135,97963,jo_lx_derive
F,55,1975,0.001728051698398736,97798,jo_lx_derive
F,56,1975,0.0018744430445871707,97629,jo_lx_derive
F,57,1975,0.001990846212261199,97446,jo_lx_derive
F,58,1975,0.002035947846830921,97252,jo_lx_derive
F,59,1975,0.002132833268077561,97054,jo_lx_derive
F,60,1975,0.0021477175338420196,96847,jo_lx_derive
F,61,1975,0.0021833835201109375,96639,jo_lx_derive
F,62,1975,0.0021881611150288416,96428,jo_lx_derive
F,63,1975,0.0022345323591465016,96217,jo_lx_derive
F,64,1975,0.0023749505218640943,96002,jo_lx_derive
F,65,1975,0.0024954580575103913,95774,jo_lx_derive
F,66,1975,0.002648244099021313,95535,jo_lx_derive
F,67,1975,0.002802208182028032,95282,jo_lx_derive
F,68,1975,0.0029784770825659335,95015,jo_lx_derive
F,69,1975,0.003156272431702023,94732,jo_lx_derive
F,70,1975,0.0033992354367646804,94433,jo_lx_derive
F,71,1975,0.003633968038082247,94112,jo_lx_derive
F,72,1975,0.0038605097579182956,93770,jo_lx_derive
F,73,1975,0.004196642685851293,93408,jo_lx_derive
F,74,1975,0.004526103036036844,93016,jo_lx_derive
F,75,1975,0.004924671958529081,92595,jo_lx_derive
F,76,1975,0.005361464743485422,92139,jo_lx_derive
F,77,1975,0.005892301816793011,91645,jo_lx_derive
F,78,1975,0.0064760441249107625,91105,jo_lx_derive
F,79,1975,0.007192178092028989,90515,jo_lx_derive
F,80,1975,0.008034363037478842,89864,jo_lx_derive
F,81,1975,0.009064189719772964,89142,jo_lx_derive
F,82,1975,0.010301809042950638,88334,jo_lx_derive
F,83,1975,0.011838854319180081,87424,jo_lx_derive
F,84,1975,0.013740175253793896,86389,jo_lx_derive
F,85,1975,0.01612638200981198,85202,jo_lx_derive
F,86,1975,0.019134418094192918,83828,jo_lx_derive
F,87,1975,0.0228886942985016,82224,jo_lx_derive
F,88,1975,0.02750740584003386,80342,jo_lx_derive
F,89,1975,0.03298264475502999,78132,jo_lx_derive
F,90,1975,0.03934881874131424,75555,jo_lx_derive
F,91,1975,0.04637513433082585,72582,jo_lx_derive
F,92,1975,0.05394706426259821,69216,jo_lx_derive
F,93,1975,0.06146727344919212,65482,jo_lx_derive
F,94,1975,0.06946320191353306,61457,jo_lx_derive
F,95,1975,0.07795341680072743,57188,jo_lx_derive
F,96,1975,0.086933434477527,52730,jo_lx_derive
F,97,1975,0.09639430066879906,48146,jo_lx_derive
F,98,1975,0.1063096195839559,43505,jo_lx_derive
F,99,1975,0.11671810699588481,38880,jo_lx_derive
F,100,1975,0.12756973967736296,34342,jo_lx_derive
F,101,1975,0.13891392143119385,29961,jo_lx_derive
F,102,1975,0.15066475444784677,25799,jo_lx_derive
F,103,1975,0.16292442497261772,21912,jo_lx_derive
F,104,1975,0.17555337476829136,18342,jo_lx_derive
F,105,1975,0.18873164925274433,15122,jo_lx_derive
F,106,1975,0.20223345288555594,12268,jo_lx_derive
F,107,1975,0.21620517012363338,9787,jo_lx_derive
F,108,1975,0.2307391474384044,7671,jo_lx_derive
F,109,1975,0.2453821386205728,5901,jo_lx_derive
F,110,1975,0.2607231080170671,4453,jo_lx_derive
F,111,1975,0.27642770352369384,3292,jo_lx_derive
F,112,1975,0.2926112510495382,2382,jo_lx_derive
F,113,1975,0.30919881305637986,1685,jo_lx_derive
F,114,1975,0.3256013745704467,1164,jo_lx_derive
F,115,1975,0.3439490445859873,785,jo_lx_derive
F,116,1975,0.36116504854368936,515,jo_lx_derive
F,117,1975,0.3799392097264438,329,jo_lx_derive
F,118,1975,0.3970588235294118,204,jo_lx_derive
F,119,1975,0.41463414634146345,123,jo_lx_derive
F,120,1975,1.0,72,fermeture_hypothese
F,20,1976,0.00024999999999997247,100000,jo_lx_derive
F,21,1976,0.0002500625156288683,99975,jo_lx_derive
F,22,1976,0.00024012006003004682,99950,jo_lx_derive
F,23,1976,0.0002501851370013686,99926,jo_lx_derive
F,24,1976,0.00026025765507853293,99901,jo_lx_derive
F,25,1976,0.00025031289111387967,99875,jo_lx_derive
F,26,1976,0.00026039058587878916,99850,jo_lx_derive
F,27,1976,0.00026045840679600474,99824,jo_lx_derive
F,28,1976,0.00026052626305139714,99798,jo_lx_derive
F,29,1976,0.00028063985887827325,99772,jo_lx_derive
F,30,1976,0.00028071863971768085,99744,jo_lx_derive
F,31,1976,0.0002908259456857465,99716,jo_lx_derive
F,32,1976,0.00030094194829821674,99687,jo_lx_derive
F,33,1976,0.00031106695967164644,99657,jo_lx_derive
F,34,1976,0.0003412763736374558,99626,jo_lx_derive
F,35,1976,0.0003514338501084957,99592,jo_lx_derive
F,36,1976,0.0003716463935232728,99557,jo_lx_derive
F,37,1976,0.000401929260450129,99520,jo_lx_derive
F,38,1976,0.0004322476879774495,99480,jo_lx_derive
F,39,1976,0.00047266108189103484,99437,jo_lx_derive
F,40,1976,0.0005131300935707905,99390,jo_lx_derive
F,41,1976,0.000573792770211079,99339,jo_lx_derive
F,42,1976,0.0006446284321427465,99282,jo_lx_derive
F,43,1976,0.0007559112257856659,99218,jo_lx_derive
F,44,1976,0.0007665695006202622,99143,jo_lx_derive
F,45,1976,0.0008580051884078399,99067,jo_lx_derive
F,46,1976,0.000919359075387427,98982,jo_lx_derive
F,47,1976,0.001011214367333757,98891,jo_lx_derive
F,48,1976,0.0011033393730197627,98791,jo_lx_derive
F,49,1976,0.0012869621612857651,98682,jo_lx_derive
F,50,1976,0.001420526609507422,98555,jo_lx_derive
F,51,1976,0.00148351369201849,98415,jo_lx_derive
F,52,1976,0.0015671269678128041,98269,jo_lx_derive
F,53,1976,0.0016511236813943064,98115,jo_lx_derive
F,54,1976,0.0016742723551090855,97953,jo_lx_derive
F,55,1976,0.0016975324422991989,97789,jo_lx_derive
F,56,1976,0.0018540712741874632,97623,jo_lx_derive
F,57,1976,0.0019498778760698166,97442,jo_lx_derive
F,58,1976,0.0020153827170649175,97252,jo_lx_derive
F,59,1976,0.002091575997362316,97056,jo_lx_derive
F,60,1976,0.002116609707494832,96853,jo_lx_derive
F,61,1976,0.0021521397235327866,96648,jo_lx_derive
F,62,1976,0.0021464122770634697,96440,jo_lx_derive
F,63,1976,0.0021925950557500906,96233,jo_lx_derive
F,64,1976,0.002343213013684342,96022,jo_lx_derive
F,65,1976,0.0024426652191613663,95797,jo_lx_derive
F,66,1976,0.002605610958216098,95563,jo_lx_derive
F,67,1976,0.0027488091990683916,95314,jo_lx_derive
F,68,1976,0.0029247148929006928,95052,jo_lx_derive
F,69,1976,0.0030810137801506876,94774,jo_lx_derive
F,70,1976,0.0033339683749286086,94482,jo_lx_derive
F,71,1976,0.003546890099504041,94167,jo_lx_derive
F,72,1976,0.003772659938401257,93833,jo_lx_derive
F,73,1976,0.004097176906043054,93479,jo_lx_derive
F,74,1976,0.004414797628254696,93096,jo_lx_derive
F,75,1976,0.00480120839402276,92685,jo_lx_derive
F,76,1976,0.005225498699045983,92240,jo_lx_derive
F,77,1976,0.005743368425641382,91758,jo_lx_derive
F,78,1976,0.006302682202321552,91231,jo_lx_derive
F,79,1976,0.0070045005294741,90656,jo_lx_derive
F,80,1976,0.007820397462814266,90021,jo_lx_derive
F,81,1976,0.008822508592989053,89317,jo_lx_derive
F,82,1976,0.010041907171661313,88529,jo_lx_derive
F,83,1976,0.011535828388863578,87640,jo_lx_derive
F,84,1976,0.01340197855221692,86629,jo_lx_derive
F,85,1976,0.015736883979969085,85468,jo_lx_derive
F,86,1976,0.018686922720302368,84123,jo_lx_derive
F,87,1976,0.022386161282116457,82551,jo_lx_derive
F,88,1976,0.026938279865680315,80703,jo_lx_derive
F,89,1976,0.032332004737103515,78529,jo_lx_derive
F,90,1976,0.03862350309251217,75990,jo_lx_derive
F,91,1976,0.045554719047293135,73055,jo_lx_derive
F,92,1976,0.05306409281913749,69727,jo_lx_derive
F,93,1976,0.060475260120859686,66027,jo_lx_derive
F,94,1976,0.06841409549601829,62034,jo_lx_derive
F,95,1976,0.07681259733517909,57790,jo_lx_derive
F,96,1976,0.08571535678806397,53351,jo_lx_derive
F,97,1976,0.09510435032186637,48778,jo_lx_derive
F,98,1976,0.10494120845510768,44139,jo_lx_derive
F,99,1976,0.1152453995494469,39507,jo_lx_derive
F,100,1976,0.1260513818161012,34954,jo_lx_derive
F,101,1976,0.13729213041770327,30548,jo_lx_derive
F,102,1976,0.1489716931016164,26354,jo_lx_derive
F,103,1976,0.16109327626181558,22428,jo_lx_derive
F,104,1976,0.17369120382673398,18815,jo_lx_derive
F,105,1976,0.18672412684119122,15547,jo_lx_derive
F,106,1976,0.2002530844669408,12644,jo_lx_derive
F,107,1976,0.21410205696202533,10112,jo_lx_derive
F,108,1976,0.22838807097017744,7947,jo_lx_derive
F,109,1976,0.24315068493150682,6132,jo_lx_derive
F,110,1976,0.25834949364361126,4641,jo_lx_derive
F,111,1976,0.2739686228936665,3442,jo_lx_derive
F,112,1976,0.2901160464185675,2499,jo_lx_derive
F,113,1976,0.3066516347237881,1774,jo_lx_derive
F,114,1976,0.3227642276422764,1230,jo_lx_derive
F,115,1976,0.34093637454981995,833,jo_lx_derive
F,116,1976,0.35883424408014575,549,jo_lx_derive
F,117,1976,0.375,352,jo_lx_derive
F,118,1976,0.3954545454545455,220,jo_lx_derive
F,119,1976,0.4135338345864662,133,jo_lx_derive
F,120,1976,1.0,78,fermeture_hypothese
F,19,1977,0.00024000000000001798,100000,jo_lx_derive
F,20,1977,0.00024005761382728252,99976,jo_lx_derive
F,21,1977,0.00025012005762770073,99952,jo_lx_derive
F,22,1977,0.0002501826333223267,99927,jo_lx_derive
F,23,1977,0.00025024524033556705,99902,jo_lx_derive
F,24,1977,0.00025030787869073645,99877,jo_lx_derive
F,25,1977,0.0002503705484117047,99852,jo_lx_derive
F,26,1977,0.0002604505795025247,99827,jo_lx_derive
F,27,1977,0.00026051843167906874,99801,jo_lx_derive
F,28,1977,0.0002605863192182145,99775,jo_lx_derive
F,29,1977,0.00028070456846684966,99749,jo_lx_derive
F,30,1977,0.0002807833856459663,99721,jo_lx_derive
F,31,1977,0.0002908930416378741,99693,jo_lx_derive
F,32,1977,0.0003010113982983009,99664,jo_lx_derive
F,33,1977,0.000311138767890462,99634,jo_lx_derive
F,34,1977,0.0003313153218276188,99603,jo_lx_derive
F,35,1977,0.00035151149944767646,99570,jo_lx_derive
F,36,1977,0.0003717285377002888,99535,jo_lx_derive
F,37,1977,0.0004020181310177007,99498,jo_lx_derive
F,38,1977,0.0004323433006897526,99458,jo_lx_derive
F,39,1977,0.0004727656792234969,99415,jo_lx_derive
F,40,1977,0.0005132437001851287,99368,jo_lx_derive
F,41,1977,0.0005638511030336968,99317,jo_lx_derive
F,42,1977,0.0006346903617735489,99261,jo_lx_derive
F,43,1977,0.0007560636303151069,99198,jo_lx_derive
F,44,1977,0.0007667241709794492,99123,jo_lx_derive
F,45,1977,0.0008480822235907848,99047,jo_lx_derive
F,46,1977,0.0009195355840061481,98963,jo_lx_derive
F,47,1977,0.0010012946031232595,98872,jo_lx_derive
F,48,1977,0.0011035404412137462,98773,jo_lx_derive
F,49,1977,0.0012669261331387238,98664,jo_lx_derive
F,50,1977,0.0014106089974528224,98539,jo_lx_derive
F,51,1977,0.0014634146341463428,98400,jo_lx_derive
F,52,1977,0.0015469793193291226,98256,jo_lx_derive
F,53,1977,0.0016309222865530382,98104,jo_lx_derive
F,54,1977,0.0016540063709874486,97944,jo_lx_derive
F,55,1977,0.0016772003027142324,97782,jo_lx_derive
F,56,1977,0.0018234342027084738,97618,jo_lx_derive
F,57,1977,0.0019293924466338153,97440,jo_lx_derive
F,58,1977,0.001974252457533021,97252,jo_lx_derive
F,59,1977,0.0020605810838656424,97060,jo_lx_derive
F,60,1977,0.002085484204005783,96860,jo_lx_derive
F,61,1977,0.002110534047880197,96658,jo_lx_derive
F,62,1977,0.0021149978227963384,96454,jo_lx_derive
F,63,1977,0.002161038961038919,96250,jo_lx_derive
F,64,1977,0.0022906645009475035,96042,jo_lx_derive
F,65,1977,0.0024107198764375948,95822,jo_lx_derive
F,66,1977,0.002552541557259591,95591,jo_lx_derive
F,67,1977,0.0026954177897574594,95347,jo_lx_derive
F,68,1977,0.002860447996634763,95090,jo_lx_derive
F,69,1977,0.003026851441709333,94818,jo_lx_derive
F,70,1977,0.003247611894510838,94531,jo_lx_derive
F,71,1977,0.0034704533876719346,94224,jo_lx_derive
F,72,1977,0.0036955387286068397,93897,jo_lx_derive
F,73,1977,0.003997862105825756,93550,jo_lx_derive
F,74,1977,0.004303683351936094,93176,jo_lx_derive
F,75,1977,0.00467798437078959,92775,jo_lx_derive
F,76,1977,0.005100659512026096,92341,jo_lx_derive
F,77,1977,0.005583977359312042,91870,jo_lx_derive
F,78,1977,0.006151690620313732,91357,jo_lx_derive
F,79,1977,0.006817556032821193,90795,jo_lx_derive
F,80,1977,0.007618435060326445,90176,jo_lx_derive
F,81,1977,0.0085932349227279,89489,jo_lx_derive
F,82,1977,0.009772317403065833,88720,jo_lx_derive
F,83,1977,0.011246058757242161,87853,jo_lx_derive
F,84,1977,0.01306625223047253,86865,jo_lx_derive
F,85,1977,0.015350519071503532,85730,jo_lx_derive
F,86,1977,0.01826711209041154,84414,jo_lx_derive
F,87,1977,0.021889178492132455,82872,jo_lx_derive
F,88,1977,0.026376175084507403,81058,jo_lx_derive
F,89,1977,0.031690319310694326,78920,jo_lx_derive
F,90,1977,0.037909420432091445,76419,jo_lx_derive
F,91,1977,0.04476211202089175,73522,jo_lx_derive
F,92,1977,0.052156455126653456,70231,jo_lx_derive
F,93,1977,0.0595180867684173,66568,jo_lx_derive
F,94,1977,0.06737373414688685,62606,jo_lx_derive
F,95,1977,0.07570048640131533,58388,jo_lx_derive
F,96,1977,0.08453157426623181,53968,jo_lx_derive
F,97,1977,0.09381451645549121,49406,jo_lx_derive
F,98,1977,0.10357150834245377,44771,jo_lx_derive
F,99,1977,0.11381870733044297,40134,jo_lx_derive
F,100,1977,0.12452904459315073,35566,jo_lx_derive
F,101,1977,0.13569065741722064,31137,jo_lx_derive
F,102,1977,0.14725772889417366,26912,jo_lx_derive
F,103,1977,0.15935334872979212,22949,jo_lx_derive
F,104,1977,0.1718847190545304,19292,jo_lx_derive
F,105,1977,0.1847771657486229,15976,jo_lx_derive
F,106,1977,0.19817260442260443,13024,jo_lx_derive
F,107,1977,0.21200804366561332,10443,jo_lx_derive
F,108,1977,0.22627293717341113,8229,jo_lx_derive
F,109,1977,0.24092979425160987,6367,jo_lx_derive
F,110,1977,0.25594868611628385,4833,jo_lx_derive
F,111,1977,0.2716907675194661,3596,jo_lx_derive
F,112,1977,0.28751431844215347,2619,jo_lx_derive
F,113,1977,0.3038585209003215,1866,jo_lx_derive
F,114,1977,0.3202463433410315,1299,jo_lx_derive
F,115,1977,0.3374858437146093,883,jo_lx_derive
F,116,1977,0.3555555555555555,585,jo_lx_derive
F,117,1977,0.3740053050397878,377,jo_lx_derive
F,118,1977,0.38983050847457623,236,jo_lx_derive
F,119,1977,0.4097222222222222,144,jo_lx_derive
F,120,1977,1.0,85,fermeture_hypothese
F,18,1978,0.00021000000000004349,100000,jo_lx_derive
F,19,1978,0.00023004831014517002,99979,jo_lx_derive
F,20,1978,0.0002501100484213481,99956,jo_lx_derive
F,21,1978,0.0002501726191072029,99931,jo_lx_derive
F,22,1978,0.00024022581226357254,99906,jo_lx_derive
F,23,1978,0.0002502953485112869,99882,jo_lx_derive
F,24,1978,0.00025035801195705254,99857,jo_lx_derive
F,25,1978,0.0002504207067873798,99832,jo_lx_derive
F,26,1978,0.00026050277034672664,99807,jo_lx_derive
F,27,1978,0.0002605706497228466,99781,jo_lx_derive
F,28,1978,0.0002606385644829956,99755,jo_lx_derive
F,29,1978,0.00028076086193584704,99729,jo_lx_derive
F,30,1978,0.0002808397107351146,99701,jo_lx_derive
F,31,1978,0.0002809186038345013,99673,jo_lx_derive
F,32,1978,0.0003010687942194279,99645,jo_lx_derive
F,33,1978,0.00032123676153195113,99615,jo_lx_derive
F,34,1978,0.0003313818623660314,99583,jo_lx_derive
F,35,1978,0.00034153691612259784,99550,jo_lx_derive
F,36,1978,0.00037179950962662467,99516,jo_lx_derive
F,37,1978,0.00040209491450460266,99479,jo_lx_derive
F,38,1978,0.00043242590935144154,99439,jo_lx_derive
F,39,1978,0.0004627952835124516,99396,jo_lx_derive
F,40,1978,0.0005133366884750856,99350,jo_lx_derive
F,41,1978,0.0005740239075922027,99299,jo_lx_derive
F,42,1978,0.0006348118740049369,99242,jo_lx_derive
F,43,1978,0.0007461256919307768,99179,jo_lx_derive
F,44,1978,0.0007567731194187965,99105,jo_lx_derive
F,45,1978,0.0008482278097545759,99030,jo_lx_derive
F,46,1978,0.0009095870474804535,98946,jo_lx_derive
F,47,1978,0.0010014566642388978,98856,jo_lx_derive
F,48,1978,0.001083467501037938,98757,jo_lx_derive
F,49,1978,0.0012569690826153002,98650,jo_lx_derive
F,50,1978,0.001400645514889498,98526,jo_lx_derive
F,51,1978,0.0014432654388746302,98388,jo_lx_derive
F,52,1978,0.0015267797162225039,98246,jo_lx_derive
F,53,1978,0.001620861197194623,98096,jo_lx_derive
F,54,1978,0.001623492653440528,97937,jo_lx_derive
F,55,1978,0.0016568144163309206,97778,jo_lx_derive
F,56,1978,0.0017927388952631018,97616,jo_lx_derive
F,57,1978,0.0018985847846388904,97441,jo_lx_derive
F,58,1978,0.001953606975405142,97256,jo_lx_derive
F,59,1978,0.0020192446376692263,97066,jo_lx_derive
F,60,1978,0.0020542995767522942,96870,jo_lx_derive
F,61,1978,0.0020688727746687174,96671,jo_lx_derive
F,62,1978,0.0020938935016741045,96471,jo_lx_derive
F,63,1978,0.0021190622110960344,96269,jo_lx_derive
F,64,1978,0.002248477593296161,96065,jo_lx_derive
F,65,1978,0.0023683084852215153,95849,jo_lx_derive
F,66,1978,0.0024994248185563617,95622,jo_lx_derive
F,67,1978,0.0026524642756046157,95383,jo_lx_derive
F,68,1978,0.002796173657100831,95130,jo_lx_derive
F,69,1978,0.002962135267330024,94864,jo_lx_derive
F,70,1978,0.0031823900700971297,94583,jo_lx_derive
F,71,1978,0.003394073099849404,94282,jo_lx_derive
F,72,1978,0.003607841467827444,93962,jo_lx_derive
F,73,1978,0.003898614656654864,93623,jo_lx_derive
F,74,1978,0.004203392738424627,93258,jo_lx_derive
F,75,1978,0.004565718346865366,92866,jo_lx_derive
F,76,1978,0.0049544579303779646,92442,jo_lx_derive
F,77,1978,0.005446599408592823,91984,jo_lx_derive
F,78,1978,0.0059901839686061775,91483,jo_lx_derive
F,79,1978,0.0066311101336119505,90935,jo_lx_derive
F,80,1978,0.007428153921091085,90332,jo_lx_derive
F,81,1978,0.00836484090072609,89661,jo_lx_derive
F,82,1978,0.009526380312897209,88911,jo_lx_derive
F,83,1978,0.010957939680232509,88064,jo_lx_derive
F,84,1978,0.012732637573336092,87099,jo_lx_derive
F,85,1978,0.014990115129666193,85990,jo_lx_derive
F,86,1978,0.01782741644136432,84701,jo_lx_derive
F,87,1978,0.021420586361505456,83191,jo_lx_derive
F,88,1978,0.02582024100529423,81409,jo_lx_derive
F,89,1978,0.031069136394013097,79307,jo_lx_derive
F,90,1978,0.037192717619041415,76843,jo_lx_derive
F,91,1978,0.04398188822058524,73985,jo_lx_derive
F,92,1978,0.051292926722370624,70731,jo_lx_derive
F,93,1978,0.05856668107238128,67103,jo_lx_derive
F,94,1978,0.06634163329270415,63173,jo_lx_derive
F,95,1978,0.07459903021260728,58982,jo_lx_derive
F,96,1978,0.08334249386244552,54582,jo_lx_derive
F,97,1978,0.09255891111866166,50033,jo_lx_derive
F,98,1978,0.10224219197392181,45402,jo_lx_derive
F,99,1978,0.11241413150147206,40760,jo_lx_derive
F,100,1978,0.12300292995743267,36178,jo_lx_derive
F,101,1978,0.13410867372667679,31728,jo_lx_derive
F,102,1978,0.14559749572307357,27473,jo_lx_derive
F,103,1978,0.15762791292122869,23473,jo_lx_derive
F,104,1978,0.17002983866889188,19773,jo_lx_derive
F,105,1978,0.1828651514228261,16411,jo_lx_derive
F,106,1978,0.19619686800894853,13410,jo_lx_derive
F,107,1978,0.20994526393914092,10779,jo_lx_derive
F,108,1978,0.22404884922498824,8516,jo_lx_derive
F,109,1978,0.2386501210653753,6608,jo_lx_derive
F,110,1978,0.25382627708209105,5031,jo_lx_derive
F,111,1978,0.2690463505594033,3754,jo_lx_derive
F,112,1978,0.28498542274052474,2744,jo_lx_derive
F,113,1978,0.3012232415902141,1962,jo_lx_derive
F,114,1978,0.3180160466812546,1371,jo_lx_derive
F,115,1978,0.33475935828877,935,jo_lx_derive
F,116,1978,0.35209003215434087,622,jo_lx_derive
F,117,1978,0.3722084367245657,403,jo_lx_derive
F,118,1978,0.38735177865612647,253,jo_lx_derive
F,119,1978,0.40645161290322585,155,jo_lx_derive
F,120,1978,1.0,92,fermeture_hypothese
F,17,1979,0.00017999999999995797,100000,jo_lx_derive
F,18,1979,0.00021003780680517448,99982,jo_lx_derive
F,19,1979,0.000230089734996608,99961,jo_lx_derive
F,20,1979,0.00025015509615966547,99938,jo_lx_derive
F,21,1979,0.00024020898181420502,99913,jo_lx_derive
F,22,1979,0.00025027780836728297,99889,jo_lx_derive
F,23,1979,0.0002503404630297412,99864,jo_lx_derive
F,24,1979,0.00025040314906998873,99839,jo_lx_derive
F,25,1979,0.00025046586651167324,99814,jo_lx_derive
F,26,1979,0.0002505286153784425,99789,jo_lx_derive
F,27,1979,0.0002606150515216399,99764,jo_lx_derive
F,28,1979,0.0002707092582566739,99738,jo_lx_derive
F,29,1979,0.0002707825616030668,99711,jo_lx_derive
F,30,1979,0.0002708559046586956,99684,jo_lx_derive
F,31,1979,0.0002909981235638126,99657,jo_lx_derive
F,32,1979,0.00030112016702132927,99628,jo_lx_derive
F,33,1979,0.0003112512299443537,99598,jo_lx_derive
F,34,1979,0.00033143511404376547,99567,jo_lx_derive
F,35,1979,0.0003516386360439272,99534,jo_lx_derive
F,36,1979,0.0003718630337993245,99499,jo_lx_derive
F,37,1979,0.0003921095493756299,99462,jo_lx_derive
F,38,1979,0.0004324954990293506,99423,jo_lx_derive
F,39,1979,0.0004628697927148151,99380,jo_lx_derive
F,40,1979,0.0005134193730242931,99334,jo_lx_derive
F,41,1979,0.0005640441968917109,99283,jo_lx_derive
F,42,1979,0.0006349078375845751,99227,jo_lx_derive
F,43,1979,0.0007361542495259998,99164,jo_lx_derive
F,44,1979,0.0007568800395596487,99091,jo_lx_derive
F,45,1979,0.0008382483639007843,99016,jo_lx_derive
F,46,1979,0.0009097065690921724,98933,jo_lx_derive
F,47,1979,0.0009914713232095362,98843,jo_lx_derive
F,48,1979,0.0010734720745354531,98745,jo_lx_derive
F,49,1979,0.0012571092569876319,98639,jo_lx_derive
F,50,1979,0.0013703496929401426,98515,jo_lx_derive
F,51,1979,0.0014332181337670669,98380,jo_lx_derive
F,52,1979,0.0015167092498905577,98239,jo_lx_derive
F,53,1979,0.001590376185136133,98090,jo_lx_derive
F,54,1979,0.0016031204688872203,97934,jo_lx_derive
F,55,1979,0.0016363766529960966,97777,jo_lx_derive
F,56,1979,0.0017722322956043035,97617,jo_lx_derive
F,57,1979,0.001867739419564085,97444,jo_lx_derive
F,58,1979,0.0019123604285332663,97262,jo_lx_derive
F,59,1979,0.001988133009188653,97076,jo_lx_derive
F,60,1979,0.002023058740955541,96883,jo_lx_derive
F,61,1979,0.0020375024563799027,96687,jo_lx_derive
F,62,1979,0.002052026116696082,96490,jo_lx_derive
F,63,1979,0.002087400822498253,96292,jo_lx_derive
F,64,1979,0.0022166488016567287,96091,jo_lx_derive
F,65,1979,0.0023154425415632396,95878,jo_lx_derive
F,66,1979,0.0024567199130216544,95656,jo_lx_derive
F,67,1979,0.002599008603976105,95421,jo_lx_derive
F,68,1979,0.0027423744129112526,95173,jo_lx_derive
F,69,1979,0.0028974207687120224,94912,jo_lx_derive
F,70,1979,0.003117174043978599,94637,jo_lx_derive
F,71,1979,0.0033177163935468323,94342,jo_lx_derive
F,72,1979,0.003520190579502036,94029,jo_lx_derive
F,73,1979,0.0037994407564728716,93698,jo_lx_derive
F,74,1979,0.004103190418032643,93342,jo_lx_derive
F,75,1979,0.004453576307834606,92959,jo_lx_derive
F,76,1979,0.004830082662488522,92545,jo_lx_derive
F,77,1979,0.005309561553996867,92098,jo_lx_derive
F,78,1979,0.005818205634817497,91609,jo_lx_derive
F,79,1979,0.006467126356010322,91076,jo_lx_derive
F,80,1979,0.0072275575497032785,90487,jo_lx_derive
F,81,1979,0.008148453241013875,89833,jo_lx_derive
F,82,1979,0.00928160177775783,89101,jo_lx_derive
F,83,1979,0.010671318848131994,88274,jo_lx_derive
F,84,1979,0.01242385379929467,87332,jo_lx_derive
F,85,1979,0.014620798404582191,86247,jo_lx_derive
F,86,1979,0.017426399642293977,84986,jo_lx_derive
F,87,1979,0.02093287827076218,83505,jo_lx_derive
F,88,1979,0.025282238829702708,81757,jo_lx_derive
F,89,1979,0.030455515121094234,79690,jo_lx_derive
F,90,1979,0.036511654996570164,77263,jo_lx_derive
F,91,1979,0.043201418554042026,74442,jo_lx_derive
F,92,1979,0.05043102237946817,71226,jo_lx_derive
F,93,1979,0.05763373451222753,67634,jo_lx_derive
F,94,1979,0.06533199447721849,63736,jo_lx_derive
F,95,1979,0.07350768817565301,59572,jo_lx_derive
F,96,1979,0.08218433497001432,55193,jo_lx_derive
F,97,1979,0.09130031387567361,50657,jo_lx_derive
F,98,1979,0.10092978797358354,46032,jo_lx_derive
F,99,1979,0.11100372106509448,41386,jo_lx_derive
F,100,1979,0.1215481626440531,36792,jo_lx_derive
F,101,1979,0.1325185643564356,32320,jo_lx_derive
F,102,1979,0.1439883011734494,28037,jo_lx_derive
F,103,1979,0.15587499999999999,24000,jo_lx_derive
F,104,1979,0.1682215311713312,20259,jo_lx_derive
F,105,1979,0.18099816034656702,16851,jo_lx_derive
F,106,1979,0.19418882689660166,13801,jo_lx_derive
F,107,1979,0.20789497347360852,11121,jo_lx_derive
F,108,1979,0.22193211488250653,8809,jo_lx_derive
F,109,1979,0.23650423110592356,6854,jo_lx_derive
F,110,1979,0.25128989107586475,5233,jo_lx_derive
F,111,1979,0.2667177131189382,3918,jo_lx_derive
F,112,1979,0.28263139575356766,2873,jo_lx_derive
F,113,1979,0.2988840368753033,2061,jo_lx_derive
F,114,1979,0.31487889273356406,1445,jo_lx_derive
F,115,1979,0.33232323232323235,990,jo_lx_derive
F,116,1979,0.3494704992435703,661,jo_lx_derive
F,117,1979,0.3674418604651163,430,jo_lx_derive
F,118,1979,0.38602941176470584,272,jo_lx_derive
F,119,1979,0.40718562874251496,167,jo_lx_derive
F,120,1979,1.0,99,fermeture_hypothese
F,16,1980,0.00014999999999998348,100000,jo_lx_derive
F,17,1980,0.00018002700405062022,99985,jo_lx_derive
F,18,1980,0.00020006602178723742,99967,jo_lx_derive
F,19,1980,0.00024012726745170632,99947,jo_lx_derive
F,20,1980,0.00024018494240563015,99923,jo_lx_derive
F,21,1980,0.0002502527552827871,99899,jo_lx_derive
F,22,1980,0.0002503153974007244,99874,jo_lx_derive
F,23,1980,0.00024036294805152014,99849,jo_lx_derive
F,24,1980,0.0002504382669672456,99825,jo_lx_derive
F,25,1980,0.00025050100200396663,99800,jo_lx_derive
F,26,1980,0.0002605863192182145,99775,jo_lx_derive
F,27,1980,0.0002606542421478286,99749,jo_lx_derive
F,28,1980,0.00026072220049533357,99723,jo_lx_derive
F,29,1980,0.0002708205863767299,99697,jo_lx_derive
F,30,1980,0.00028092705929572137,99670,jo_lx_derive
F,31,1980,0.00028100600148528443,99642,jo_lx_derive
F,32,1980,0.00030116248720057914,99614,jo_lx_derive
F,33,1980,0.0003112949871465487,99584,jo_lx_derive
F,34,1980,0.00033148172330321746,99553,jo_lx_derive
F,35,1980,0.00035168810289387675,99520,jo_lx_derive
F,36,1980,0.0003618635975272122,99485,jo_lx_derive
F,37,1980,0.0004022162113244132,99449,jo_lx_derive
F,38,1980,0.0004224969570160164,99409,jo_lx_derive
F,39,1980,0.00046293034910982467,99367,jo_lx_derive
F,40,1980,0.0005134865738363192,99321,jo_lx_derive
F,41,1980,0.0005641180618515262,99270,jo_lx_derive
F,42,1980,0.0006249118068014647,99214,jo_lx_derive
F,43,1980,0.0007362433435533777,99152,jo_lx_derive
F,44,1980,0.0007569717094439987,99079,jo_lx_derive
F,45,1980,0.0008282493636621036,99004,jo_lx_derive
F,46,1980,0.0009098077273003158,98922,jo_lx_derive
F,47,1980,0.0009713453132588201,98832,jo_lx_derive
F,48,1980,0.0010735699238373364,98736,jo_lx_derive
F,49,1980,0.001236946162425201,98630,jo_lx_derive
F,50,1980,0.001360295610508766,98508,jo_lx_derive
F,51,1980,0.001423140260637945,98374,jo_lx_derive
F,52,1980,0.0014862471242136355,98234,jo_lx_derive
F,53,1980,0.0015700187586656922,98088,jo_lx_derive
F,54,1980,0.0015929095104866287,97934,jo_lx_derive
F,55,1980,0.0016159054183967347,97778,jo_lx_derive
F,56,1980,0.001741446424912918,97620,jo_lx_derive
F,57,1980,0.001836839404822932,97450,jo_lx_derive
F,58,1980,0.0018813418182191954,97271,jo_lx_derive
F,59,1980,0.0019569874752801697,97088,jo_lx_derive
F,60,1980,0.001981465045718167,96898,jo_lx_derive
F,61,1980,0.0020164209045974157,96706,jo_lx_derive
F,62,1980,0.002010133559905092,96511,jo_lx_derive
F,63,1980,0.0020557118681021613,96317,jo_lx_derive
F,64,1980,0.0021743879982105696,96119,jo_lx_derive
F,65,1980,0.00227296423730583,95910,jo_lx_derive
F,66,1980,0.0024139949003051386,95692,jo_lx_derive
F,67,1980,0.0025455421585778293,95461,jo_lx_derive
F,68,1980,0.0026885672876977296,95218,jo_lx_derive
F,69,1980,0.0028327120321812727,94962,jo_lx_derive
F,70,1980,0.0030519679384959364,94693,jo_lx_derive
F,71,1980,0.0032307953052836957,94404,jo_lx_derive
F,72,1980,0.003443182180469462,94099,jo_lx_derive
F,73,1980,0.003711010397227432,93775,jo_lx_derive
F,74,1980,0.0040031254348315,93427,jo_lx_derive
F,75,1980,0.004341611769636655,93053,jo_lx_derive
F,76,1980,0.0047059331455276965,92649,jo_lx_derive
F,77,1980,0.00517280643727025,92213,jo_lx_derive
F,78,1980,0.005668439870934017,91736,jo_lx_derive
F,79,1980,0.006292755656902349,91216,jo_lx_derive
F,80,1980,0.00703867964078464,90642,jo_lx_derive
F,81,1980,0.007932980756410801,90004,jo_lx_derive
F,82,1980,0.009037966177623424,89290,jo_lx_derive
F,83,1980,0.010397477481550177,88483,jo_lx_derive
F,84,1980,0.012116990052876253,87563,jo_lx_derive
F,85,1980,0.014265566114078254,86502,jo_lx_derive
F,86,1980,0.017016934840737408,85268,jo_lx_derive
F,87,1980,0.020473173699846137,83817,jo_lx_derive
F,88,1980,0.02476218316463863,82101,jo_lx_derive
F,89,1980,0.02984962781635614,80068,jo_lx_derive
F,90,1980,0.03582738999459312,77678,jo_lx_derive
F,91,1980,0.04244609119433873,74895,jo_lx_derive
F,92,1980,0.049570528194545105,71716,jo_lx_derive
F,93,1980,0.05671865142823607,68161,jo_lx_derive
F,94,1980,0.0643284858853721,64295,jo_lx_derive
F,95,1980,0.07244136371947674,60159,jo_lx_derive
F,96,1980,0.08103797422985248,55801,jo_lx_derive
F,97,1980,0.09007585951364105,51279,jo_lx_derive
F,98,1980,0.09963566223746245,46660,jo_lx_derive
F,99,1980,0.10961414867534691,42011,jo_lx_derive
F,100,1980,0.12006095278832274,37406,jo_lx_derive
F,101,1980,0.13100410147349228,32915,jo_lx_derive
F,102,1980,0.14236268922840256,28603,jo_lx_derive
F,103,1980,0.1541722718193307,24531,jo_lx_derive
F,104,1980,0.16641765868234615,20749,jo_lx_derive
F,105,1980,0.1791743755781684,17296,jo_lx_derive
F,106,1980,0.19222370923434529,14197,jo_lx_derive
F,107,1980,0.20587722357865368,11468,jo_lx_derive
F,108,1980,0.21983089930822441,9107,jo_lx_derive
F,109,1980,0.23434201266713584,7105,jo_lx_derive
F,110,1980,0.24908088235294112,5440,jo_lx_derive
F,111,1980,0.26438188494492043,4085,jo_lx_derive
F,112,1980,0.28019966722129785,3005,jo_lx_derive
F,113,1980,0.29634766527970413,2163,jo_lx_derive
F,114,1980,0.3127463863337714,1522,jo_lx_derive
F,115,1980,0.32982791586998084,1046,jo_lx_derive
F,116,1980,0.34664764621968613,701,jo_lx_derive
F,117,1980,0.3646288209606987,458,jo_lx_derive
F,118,1980,0.38144329896907214,291,jo_lx_derive
F,119,1980,0.40555555555555556,180,jo_lx_derive
F,120,1980,1.0,107,fermeture_hypothese
F,15,1981,0.00012999999999996348,100000,jo_lx_derive
F,16,1981,0.0001500195025353479,99987,jo_lx_derive
F,17,1981,0.0001800504141159509,99972,jo_lx_derive
F,18,1981,0.00020009204233950584,99954,jo_lx_derive
F,19,1981,0.00024015850461300836,99934,jo_lx_derive
F,20,1981,0.0002402161945751491,99910,jo_lx_derive
F,21,1981,0.00025028532527082703,99886,jo_lx_derive
F,22,1981,0.0002403340643494234,99861,jo_lx_derive
F,23,1981,0.00025040816530941257,99837,jo_lx_derive
F,24,1981,0.00025047088526430894,99812,jo_lx_derive
F,25,1981,0.0002505336366460664,99787,jo_lx_derive
F,26,1981,0.0002505964194783328,99762,jo_lx_derive
F,27,1981,0.0002606856031363014,99737,jo_lx_derive
F,28,1981,0.000260753577839945,99711,jo_lx_derive
F,29,1981,0.0002708531875407205,99685,jo_lx_derive
F,30,1981,0.00028096088623086324,99658,jo_lx_derive
F,31,1981,0.0002810398474355491,99630,jo_lx_derive
F,32,1981,0.0003011987711090125,99602,jo_lx_derive
F,33,1981,0.0003113325031133263,99572,jo_lx_derive
F,34,1981,0.00033152168453198794,99541,jo_lx_derive
F,35,1981,0.00034168107086862687,99508,jo_lx_derive
F,36,1981,0.00037195649114341034,99474,jo_lx_derive
F,37,1981,0.0003922081317819792,99437,jo_lx_derive
F,38,1981,0.0004225437131532006,99398,jo_lx_derive
F,39,1981,0.00046298160151370116,99356,jo_lx_derive
F,40,1981,0.0005135434498036995,99310,jo_lx_derive
F,41,1981,0.0005541059249035696,99259,jo_lx_derive
F,42,1981,0.0006249747994032662,99204,jo_lx_derive
F,43,1981,0.0007363176050513287,99142,jo_lx_derive
F,44,1981,0.0007469541430720206,99069,jo_lx_derive
F,45,1981,0.0008283246628617569,98995,jo_lx_derive
F,46,1981,0.0008997806152881704,98913,jo_lx_derive
F,47,1981,0.000971423945600236,98824,jo_lx_derive
F,48,1981,0.00105339923831127,98728,jo_lx_derive
F,49,1981,0.0012268818948734106,98624,jo_lx_derive
F,50,1981,0.001350212683877694,98503,jo_lx_derive
F,51,1981,0.0014028667276608786,98370,jo_lx_derive
F,52,1981,0.0014760974020685547,98232,jo_lx_derive
F,53,1981,0.0015496447031716487,98087,jo_lx_derive
F,54,1981,0.0015622606831061647,97935,jo_lx_derive
F,55,1981,0.0015953856538013511,97782,jo_lx_derive
F,56,1981,0.0017208530514412068,97626,jo_lx_derive
F,57,1981,0.0018059061339243954,97458,jo_lx_derive
F,58,1981,0.0018502909068481843,97282,jo_lx_derive
F,59,1981,0.0019258099730180556,97102,jo_lx_derive
F,60,1981,0.0019501625135427414,96915,jo_lx_derive
F,61,1981,0.0019746500423877267,96726,jo_lx_derive
F,62,1981,0.0019889159372248333,96535,jo_lx_derive
F,63,1981,0.002013638769811976,96343,jo_lx_derive
F,64,1981,0.002132107458215904,96149,jo_lx_derive
F,65,1981,0.0022408905194697404,95944,jo_lx_derive
F,66,1981,0.002360831096115068,95729,jo_lx_derive
F,67,1981,0.0024920683119902254,95503,jo_lx_derive
F,68,1981,0.0026347556815199402,95265,jo_lx_derive
F,69,1981,0.0027785378996779686,95014,jo_lx_derive
F,70,1981,0.0029762532981529866,94750,jo_lx_derive
F,71,1981,0.003165092941525227,94468,jo_lx_derive
F,72,1981,0.0033556690630675012,94169,jo_lx_derive
F,73,1981,0.0036333415021363447,93853,jo_lx_derive
F,74,1981,0.003903242364616255,93512,jo_lx_derive
F,75,1981,0.004219137492350811,93147,jo_lx_derive
F,76,1981,0.0045927938417750225,92754,jo_lx_derive
F,77,1981,0.005025561043237148,92328,jo_lx_derive
F,78,1981,0.005529913785596086,91864,jo_lx_derive
F,79,1981,0.00612986558080475,91356,jo_lx_derive
F,80,1981,0.006850522049429486,90796,jo_lx_derive
F,81,1981,0.007718411071927611,90174,jo_lx_derive
F,82,1981,0.00880663403294668,89478,jo_lx_derive
F,83,1981,0.010136430262712826,88690,jo_lx_derive
F,84,1981,0.01181214475287895,87791,jo_lx_derive
F,85,1981,0.013924429997464127,86754,jo_lx_derive
F,86,1981,0.016622635774904748,85546,jo_lx_derive
F,87,1981,0.020018068565450964,84124,jo_lx_derive
F,88,1981,0.024235807860262026,82440,jo_lx_derive
F,89,1981,0.029263320156137307,80442,jo_lx_derive
F,90,1981,0.03515264829423215,78088,jo_lx_derive
F,91,1981,0.041702613381468745,75343,jo_lx_derive
F,92,1981,0.0487389371338347,72201,jo_lx_derive
F,93,1981,0.05580792638537024,68682,jo_lx_derive
F,94,1981,0.0633471603262965,64849,jo_lx_derive
F,95,1981,0.07138506116132426,60741,jo_lx_derive
F,96,1981,0.07988653488165942,56405,jo_lx_derive
F,97,1981,0.08888417888591305,51899,jo_lx_derive
F,98,1981,0.0983377743941124,47286,jo_lx_derive
F,99,1981,0.10826531569565623,42636,jo_lx_derive
F,100,1981,0.11862177801157281,38020,jo_lx_derive
F,101,1981,0.1294837361981498,33510,jo_lx_derive
F,102,1981,0.14075623050289676,29171,jo_lx_derive
F,103,1981,0.1524835427887492,25065,jo_lx_derive
F,104,1981,0.16466600762604156,21243,jo_lx_derive
F,105,1981,0.17728937728937733,17745,jo_lx_derive
F,106,1981,0.19035550380163024,14599,jo_lx_derive
F,107,1981,0.20389170896785114,11820,jo_lx_derive
F,108,1981,0.2177470775770457,9410,jo_lx_derive
F,109,1981,0.23216954218176877,7361,jo_lx_derive
F,110,1981,0.24681528662420382,5652,jo_lx_derive
F,111,1981,0.2621564482029598,4257,jo_lx_derive
F,112,1981,0.27761859280483925,3141,jo_lx_derive
F,113,1981,0.29396209784045835,2269,jo_lx_derive
F,114,1981,0.31023720349563044,1602,jo_lx_derive
F,115,1981,0.32669683257918547,1105,jo_lx_derive
F,116,1981,0.34408602150537637,744,jo_lx_derive
F,117,1981,0.3627049180327869,488,jo_lx_derive
F,118,1981,0.37942122186495175,311,jo_lx_derive
F,119,1981,0.39896373056994816,193,jo_lx_derive
F,120,1981,1.0,116,fermeture_hypothese
F,14,1982,0.0001100000000000545,100000,jo_lx_derive
F,15,1982,0.00013001430157322247,99989,jo_lx_derive
F,16,1982,0.00015003600864205158,99976,jo_lx_derive
F,17,1982,0.0001800702273886401,99961,jo_lx_derive
F,18,1982,0.0002001140650170763,99943,jo_lx_derive
F,19,1982,0.00024018494240563015,99923,jo_lx_derive
F,20,1982,0.00024024264507149784,99899,jo_lx_derive
F,21,1982,0.00025031289111387967,99875,jo_lx_derive
F,22,1982,0.00024036054081122415,99850,jo_lx_derive
F,23,1982,0.00025043575821925845,99826,jo_lx_derive
F,24,1982,0.0002404785523191233,99801,jo_lx_derive
F,25,1982,0.00025055874600354855,99777,jo_lx_derive
F,26,1982,0.00026064640307965625,99752,jo_lx_derive
F,27,1982,0.00025068688205687195,99726,jo_lx_derive
F,28,1982,0.0002708097210659677,99701,jo_lx_derive
F,29,1982,0.0002608503722134614,99674,jo_lx_derive
F,30,1982,0.0002809890815671512,99648,jo_lx_derive
F,31,1982,0.00029110620357353234,99620,jo_lx_derive
F,32,1982,0.00029119097107166425,99591,jo_lx_derive
F,33,1982,0.000311363773327189,99562,jo_lx_derive
F,34,1982,0.000331554992916816,99531,jo_lx_derive
F,35,1982,0.00034171541136507333,99498,jo_lx_derive
F,36,1982,0.0003719938872356332,99464,jo_lx_derive
F,37,1982,0.0003922475786255486,99427,jo_lx_derive
F,38,1982,0.0004225862277136283,99388,jo_lx_derive
F,39,1982,0.00046302820445709436,99346,jo_lx_derive
F,40,1982,0.000503524672708977,99300,jo_lx_derive
F,41,1982,0.0005541561712846255,99250,jo_lx_derive
F,42,1982,0.0006250315036040455,99195,jo_lx_derive
F,43,1982,0.0007262969949461962,99133,jo_lx_derive
F,44,1982,0.0007470144658341393,99061,jo_lx_derive
F,45,1982,0.0008182892703082478,98987,jo_lx_derive
F,46,1982,0.0008897336865306693,98906,jo_lx_derive
F,47,1982,0.000961363314375907,98818,jo_lx_derive
F,48,1982,0.001053452589568793,98723,jo_lx_derive
F,49,1982,0.0012168040641256095,98619,jo_lx_derive
F,50,1982,0.0013299627407384884,98499,jo_lx_derive
F,51,1982,0.0013825634352635507,98368,jo_lx_derive
F,52,1982,0.001465917419985363,98232,jo_lx_derive
F,53,1982,0.00152923905064839,98088,jo_lx_derive
F,54,1982,0.001541791745798382,97938,jo_lx_derive
F,55,1982,0.0015748514628733945,97787,jo_lx_derive
F,56,1982,0.001690002355760889,97633,jo_lx_derive
F,57,1982,0.0017749415192678253,97468,jo_lx_derive
F,58,1982,0.0018294876406803606,97295,jo_lx_derive
F,59,1982,0.0018843250924143184,97117,jo_lx_derive
F,60,1982,0.0019188313697979797,96934,jo_lx_derive
F,61,1982,0.0019431926241368913,96748,jo_lx_derive
F,62,1982,0.0019469759734880299,96560,jo_lx_derive
F,63,1982,0.001981903457435763,96372,jo_lx_derive
F,64,1982,0.002100206901570978,96181,jo_lx_derive
F,65,1982,0.002198397566134269,95979,jo_lx_derive
F,66,1982,0.002318102080026696,95768,jo_lx_derive
F,67,1982,0.0024386159546186947,95546,jo_lx_derive
F,68,1982,0.0025809700670422764,95313,jo_lx_derive
F,69,1982,0.002724394374493788,95067,jo_lx_derive
F,70,1982,0.002911146738671877,94808,jo_lx_derive
F,71,1982,0.0030889011128506505,94532,jo_lx_derive
F,72,1982,0.003278862478777622,94240,jo_lx_derive
F,73,1982,0.003545155486474161,93931,jo_lx_derive
F,74,1982,0.0038035000747879133,93598,jo_lx_derive
F,75,1982,0.004118315780442305,93242,jo_lx_derive
F,76,1982,0.0044691895151737215,92858,jo_lx_derive
F,77,1982,0.004900316952067718,92443,jo_lx_derive
F,78,1982,0.005381019676051757,91990,jo_lx_derive
F,79,1982,0.0059675392097928714,91495,jo_lx_derive
F,80,1982,0.006663074910114419,90949,jo_lx_derive
F,81,1982,0.007526869818358928,90343,jo_lx_derive
F,82,1982,0.00857655889274278,89663,jo_lx_derive
F,83,1982,0.009876932076405609,88894,jo_lx_derive
F,84,1982,0.011509271041628799,88016,jo_lx_derive
F,85,1982,0.013585738422812965,87003,jo_lx_derive
F,86,1982,0.016243110660560944,85821,jo_lx_derive
F,87,1982,0.019579044618427743,84427,jo_lx_derive
F,88,1982,0.02372725735134218,82774,jo_lx_derive
F,89,1982,0.02868456874149239,80810,jo_lx_derive
F,90,1982,0.03448759109208577,78492,jo_lx_derive
F,91,1982,0.04095797321369665,75785,jo_lx_derive
F,92,1982,0.04792174020720685,72681,jo_lx_derive
F,93,1982,0.05491488193300387,69198,jo_lx_derive
F,94,1982,0.06238722896724669,65398,jo_lx_derive
F,95,1982,0.07033823673309636,61318,jo_lx_derive
F,96,1982,0.07878256293307606,57005,jo_lx_derive
F,97,1982,0.087671858932856,52514,jo_lx_derive
F,98,1982,0.09707785431016491,47910,jo_lx_derive
F,99,1982,0.10691416814998034,43259,jo_lx_derive
F,100,1982,0.11720246415074809,38634,jo_lx_derive
F,101,1982,0.1279833460388201,34106,jo_lx_derive
F,102,1982,0.13916815170976093,29741,jo_lx_derive
F,103,1982,0.15084759003202874,25602,jo_lx_derive
F,104,1982,0.16292548298068077,21740,jo_lx_derive
F,105,1982,0.1755137927244752,18198,jo_lx_derive
F,106,1982,0.18841642228739008,15004,jo_lx_derive
F,107,1982,0.20193807998686042,12177,jo_lx_derive
F,108,1982,0.21568223914385676,9718,jo_lx_derive
F,109,1982,0.2299921280503805,7622,jo_lx_derive
F,110,1982,0.24467541318793662,5869,jo_lx_derive
F,111,1982,0.25986916309496955,4433,jo_lx_derive
F,112,1982,0.27522096921670225,3281,jo_lx_derive
F,113,1982,0.2914213624894869,2378,jo_lx_derive
F,114,1982,0.3074183976261128,1685,jo_lx_derive
F,115,1982,0.32476435304198803,1167,jo_lx_derive
F,116,1982,0.34137055837563457,788,jo_lx_derive
F,117,1982,0.36030828516377644,519,jo_lx_derive
F,118,1982,0.37650602409638556,332,jo_lx_derive
F,119,1982,0.3961352657004831,207,jo_lx_derive
F,120,1982,1.0,125,fermeture_hypothese
F,13,1983,9.999999999998899e-05,100000,jo_lx_derive
F,14,1983,0.00011001100110008544,99990,jo_lx_derive
F,15,1983,0.00013002730573419274,99979,jo_lx_derive
F,16,1983,0.00015005101734588688,99966,jo_lx_derive
F,17,1983,0.00018008824323922923,99951,jo_lx_derive
F,18,1983,0.0002001340898402093,99933,jo_lx_derive
F,19,1983,0.00024020898181420502,99913,jo_lx_derive
F,20,1983,0.00024026669603260942,99889,jo_lx_derive
F,21,1983,0.00024032443799126835,99865,jo_lx_derive
F,22,1983,0.00025039813303151526,99841,jo_lx_derive
F,23,1983,0.00024044241404186373,99816,jo_lx_derive
F,24,1983,0.00025052108385437144,99792,jo_lx_derive
F,25,1983,0.00025058386039467084,99767,jo_lx_derive
F,26,1983,0.0002506466684044639,99742,jo_lx_derive
F,27,1983,0.00026073788822367217,99717,jo_lx_derive
F,28,1983,0.00026080589020072154,99691,jo_lx_derive
F,29,1983,0.0002709075402598238,99665,jo_lx_derive
F,30,1983,0.0002709809510427208,99638,jo_lx_derive
F,31,1983,0.00029113250544621216,99611,jo_lx_derive
F,32,1983,0.0002912172882649777,99582,jo_lx_derive
F,33,1983,0.00031139192189089115,99553,jo_lx_derive
F,34,1983,0.0003315849761861278,99522,jo_lx_derive
F,35,1983,0.0003417463237141982,99489,jo_lx_derive
F,36,1983,0.0003619727514956317,99455,jo_lx_derive
F,37,1983,0.00039227914181394485,99419,jo_lx_derive
F,38,1983,0.00042262024552219835,99380,jo_lx_derive
F,39,1983,0.0004630654935674494,99338,jo_lx_derive
F,40,1983,0.0005035652419127512,99292,jo_lx_derive
F,41,1983,0.0005542008423853328,99242,jo_lx_derive
F,42,1983,0.0006149999495901337,99187,jo_lx_derive
F,43,1983,0.0007263482840021984,99126,jo_lx_derive
F,44,1983,0.0007369717527813124,99054,jo_lx_derive
F,45,1983,0.0008183388731171082,98981,jo_lx_derive
F,46,1983,0.0008796764408492974,98900,jo_lx_derive
F,47,1983,0.0009614119599647974,98813,jo_lx_derive
F,48,1983,0.0010433760813630677,98718,jo_lx_derive
F,49,1983,0.001206712974699542,98615,jo_lx_derive
F,50,1983,0.0013096978557505246,98496,jo_lx_derive
F,51,1983,0.0013724114794595454,98367,jo_lx_derive
F,52,1983,0.0014353774737356773,98232,jo_lx_derive
F,53,1983,0.001508803050228824,98091,jo_lx_derive
F,54,1983,0.0015212929969472544,97943,jo_lx_derive
F,55,1983,0.0015542875841053627,97794,jo_lx_derive
F,56,1983,0.0016693635935355333,97642,jo_lx_derive
F,57,1983,0.0017542239867048837,97479,jo_lx_derive
F,58,1983,0.0017881366383031283,97308,jo_lx_derive
F,59,1983,0.0018634051928263506,97134,jo_lx_derive
F,60,1983,0.001877198230070265,96953,jo_lx_derive
F,61,1983,0.0019117297537485367,96771,jo_lx_derive
F,62,1983,0.0019153914646015124,96586,jo_lx_derive
F,63,1983,0.0019501872387215347,96401,jo_lx_derive
F,64,1983,0.0020683275648820665,96213,jo_lx_derive
F,65,1983,0.0021455204449351006,96014,jo_lx_derive
F,66,1983,0.002275384101536382,95808,jo_lx_derive
F,67,1983,0.0023956480803430935,95590,jo_lx_derive
F,68,1983,0.0025272385985884993,95361,jo_lx_derive
F,69,1983,0.0026597981497056278,95120,jo_lx_derive
F,70,1983,0.0028460897888622494,94867,jo_lx_derive
F,71,1983,0.0030233516919141445,94597,jo_lx_derive
F,72,1983,0.0032021715388448335,94311,jo_lx_derive
F,73,1983,0.003446478528651542,94009,jo_lx_derive
F,74,1983,0.003714575438971024,93685,jo_lx_derive
F,75,1983,0.004017699304670219,93337,jo_lx_derive
F,76,1983,0.004356618833501913,92962,jo_lx_derive
F,77,1983,0.0047754356774744045,92557,jo_lx_derive
F,78,1983,0.005232589697660495,92115,jo_lx_derive
F,79,1983,0.00580576866412752,91633,jo_lx_derive
F,80,1983,0.00649828212643111,91101,jo_lx_derive
F,81,1983,0.007325238374084386,90509,jo_lx_derive
F,82,1983,0.00834761703359077,89846,jo_lx_derive
F,83,1983,0.009618838107210204,89096,jo_lx_derive
F,84,1983,0.011230861637144596,88239,jo_lx_derive
F,85,1983,0.013261048963873145,87248,jo_lx_derive
F,86,1983,0.0158553158866781,86091,jo_lx_derive
F,87,1983,0.019144064395817062,84726,jo_lx_derive
F,88,1983,0.023235945321524842,83104,jo_lx_derive
F,89,1983,0.028112796126790962,81173,jo_lx_derive
F,90,1983,0.03384416473361984,78891,jo_lx_derive
F,91,1983,0.04023825454927121,76221,jo_lx_derive
F,92,1983,0.04710610492932721,73154,jo_lx_derive
F,93,1983,0.05403970849830719,69708,jo_lx_derive
F,94,1983,0.06141854081679077,65941,jo_lx_derive
F,95,1983,0.06931540934869362,61891,jo_lx_derive
F,96,1983,0.07767226263432925,57601,jo_lx_derive
F,97,1983,0.08652850716208327,53127,jo_lx_derive
F,98,1983,0.0958170203997527,48530,jo_lx_derive
F,99,1983,0.10558340929808574,43880,jo_lx_derive
F,100,1983,0.11580502968379747,39247,jo_lx_derive
F,101,1983,0.1264768601233358,34702,jo_lx_derive
F,102,1983,0.13763071949328676,30313,jo_lx_derive
F,103,1983,0.14919092613136453,26141,jo_lx_derive
F,104,1983,0.16123375747493363,22241,jo_lx_derive
F,105,1983,0.1736799785580273,18655,jo_lx_derive
F,106,1983,0.18663639312358093,15415,jo_lx_derive
F,107,1983,0.19987238794066042,12538,jo_lx_derive
F,108,1983,0.21371610845295053,10032,jo_lx_derive
F,109,1983,0.2279411764705882,7888,jo_lx_derive
F,110,1983,0.2425287356321839,6090,jo_lx_derive
F,111,1983,0.25753305874701926,4613,jo_lx_derive
F,112,1983,0.272992700729927,3425,jo_lx_derive
F,113,1983,0.2887550200803213,2490,jo_lx_derive
F,114,1983,0.30547713156408807,1771,jo_lx_derive
F,115,1983,0.3219512195121951,1230,jo_lx_derive
F,116,1983,0.3393285371702638,834,jo_lx_derive
F,117,1983,0.3557168784029038,551,jo_lx_derive
F,118,1983,0.3746478873239436,355,jo_lx_derive
F,119,1983,0.3918918918918919,222,jo_lx_derive
F,120,1983,1.0,135,fermeture_hypothese
F,12,1984,9.00000000000345e-05,100000,jo_lx_derive
F,13,1984,0.00010000900081008623,99991,jo_lx_derive
F,14,1984,0.00012002280433287549,99981,jo_lx_derive
F,15,1984,0.0001200372115355286,99969,jo_lx_derive
F,16,1984,0.00015006452774690704,99957,jo_lx_derive
F,17,1984,0.00018010446058713825,99942,jo_lx_derive
F,18,1984,0.00021015972138827,99924,jo_lx_derive
F,19,1984,0.00023022331661715079,99903,jo_lx_derive
F,20,1984,0.0002402883460151939,99880,jo_lx_derive
F,21,1984,0.00024034609838163856,99856,jo_lx_derive
F,22,1984,0.0002504207067873798,99832,jo_lx_derive
F,23,1984,0.0002404640957046622,99807,jo_lx_derive
F,24,1984,0.00025054367978516456,99783,jo_lx_derive
F,25,1984,0.0002506064676517372,99758,jo_lx_derive
F,26,1984,0.00025066928699624125,99733,jo_lx_derive
F,27,1984,0.00025073213784254644,99708,jo_lx_derive
F,28,1984,0.0002708586218311826,99683,jo_lx_derive
F,29,1984,0.00026089748735647067,99656,jo_lx_derive
F,30,1984,0.0002810398474355491,99630,jo_lx_derive
F,31,1984,0.0002811188530350561,99602,jo_lx_derive
F,32,1984,0.00030128346757185565,99574,jo_lx_derive
F,33,1984,0.0003114200755445218,99544,jo_lx_derive
F,34,1984,0.00032156602654931365,99513,jo_lx_derive
F,35,1984,0.00034177380605338037,99481,jo_lx_derive
F,36,1984,0.00036200187034296505,99447,jo_lx_derive
F,37,1984,0.0003923107100823886,99411,jo_lx_derive
F,38,1984,0.0004226542688081647,99372,jo_lx_derive
F,39,1984,0.00045303533675622454,99330,jo_lx_derive
F,40,1984,0.0005036007453290692,99285,jo_lx_derive
F,41,1984,0.0005542399355066285,99235,jo_lx_derive
F,42,1984,0.0006150433555152102,99180,jo_lx_derive
F,43,1984,0.0007163106972427613,99119,jo_lx_derive
F,44,1984,0.000737016396090806,99048,jo_lx_derive
F,45,1984,0.0008082849204344988,98975,jo_lx_derive
F,46,1984,0.0008797209161232056,98895,jo_lx_derive
F,47,1984,0.0009513399724718763,98808,jo_lx_derive
F,48,1984,0.001033288084770101,98714,jo_lx_derive
F,49,1984,0.0011864681783150255,98612,jo_lx_derive
F,50,1984,0.0013097111528503902,98495,jo_lx_derive
F,51,1984,0.0013520932029359445,98366,jo_lx_derive
F,52,1984,0.0014150031048629774,98233,jo_lx_derive
F,53,1984,0.0014883682997940406,98094,jo_lx_derive
F,54,1984,0.0015007963409156,97948,jo_lx_derive
F,55,1984,0.0015337266490117463,97801,jo_lx_derive
F,56,1984,0.0016384880851194605,97651,jo_lx_derive
F,57,1984,0.0017232359910145378,97491,jo_lx_derive
F,58,1984,0.0017673109131448594,97323,jo_lx_derive
F,59,1984,0.0018321993597595343,97151,jo_lx_derive
F,60,1984,0.0018458746248956048,96973,jo_lx_derive
F,61,1984,0.001880281835650921,96794,jo_lx_derive
F,62,1984,0.0018838239556162595,96612,jo_lx_derive
F,63,1984,0.0019081198797055166,96430,jo_lx_derive
F,64,1984,0.002026058225796379,96246,jo_lx_derive
F,65,1984,0.002113460557412239,96051,jo_lx_derive
F,66,1984,0.0022327017778148717,95848,jo_lx_derive
F,67,1984,0.0023422632118283992,95634,jo_lx_derive
F,68,1984,0.002473535268839755,95410,jo_lx_derive
F,69,1984,0.002605753672221378,95174,jo_lx_derive
F,70,1984,0.002781113709626415,94926,jo_lx_derive
F,71,1984,0.0029578922904650584,94662,jo_lx_derive
F,72,1984,0.00312559598228479,94382,jo_lx_derive
F,73,1984,0.0033692221029473224,94087,jo_lx_derive
F,74,1984,0.003615228751199795,93770,jo_lx_derive
F,75,1984,0.003917329366056266,93431,jo_lx_derive
F,76,1984,0.004244345350024159,93065,jo_lx_derive
F,77,1984,0.004640120858961927,92670,jo_lx_derive
F,78,1984,0.005106244579358155,92240,jo_lx_derive
F,79,1984,0.005655504582157356,91769,jo_lx_derive
F,80,1984,0.0063123287671232875,91250,jo_lx_derive
F,81,1984,0.007135452279595,90674,jo_lx_derive
F,82,1984,0.008130894065113803,90027,jo_lx_derive
F,83,1984,0.009384623999104114,89295,jo_lx_derive
F,84,1984,0.010943170127858726,88457,jo_lx_derive
F,85,1984,0.012938769445301701,87489,jo_lx_derive
F,86,1984,0.01549382215686046,86357,jo_lx_derive
F,87,1984,0.01871346404921248,85019,jo_lx_derive
F,88,1984,0.022738169439516676,83428,jo_lx_derive
F,89,1984,0.02756006917614162,81531,jo_lx_derive
F,90,1984,0.033222339942485246,79284,jo_lx_derive
F,91,1984,0.039517286366601456,76650,jo_lx_derive
F,92,1984,0.04631830591814834,73621,jo_lx_derive
F,93,1984,0.053154064177977856,70211,jo_lx_derive
F,94,1984,0.060485266023857176,66479,jo_lx_derive
F,95,1984,0.06830189887604465,62458,jo_lx_derive
F,96,1984,0.07659128402529558,58192,jo_lx_derive
F,97,1984,0.08536335721596722,53735,jo_lx_derive
F,98,1984,0.09457149833156997,49148,jo_lx_derive
F,99,1984,0.10426966292134832,44500,jo_lx_derive
F,100,1984,0.11442548921224283,39860,jo_lx_derive
F,101,1984,0.12504603529845038,35299,jo_lx_derive
F,102,1984,0.1360854783875668,30885,jo_lx_derive
F,103,1984,0.14759013567198864,26682,jo_lx_derive
F,104,1984,0.15951459725641925,22744,jo_lx_derive
F,105,1984,0.17195019878635698,19116,jo_lx_derive
F,106,1984,0.18472424031840295,15829,jo_lx_derive
F,107,1984,0.19806276636962417,12905,jo_lx_derive
F,108,1984,0.21171127645183108,10349,jo_lx_derive
F,109,1984,0.22579063495954887,8158,jo_lx_derive
F,110,1984,0.24034198860038003,6316,jo_lx_derive
F,111,1984,0.25531471446436016,4798,jo_lx_derive
F,112,1984,0.2706409179960817,3573,jo_lx_derive
F,113,1984,0.2866462010744436,2606,jo_lx_derive
F,114,1984,0.3028509951586875,1859,jo_lx_derive
F,115,1984,0.3194444444444444,1296,jo_lx_derive
F,116,1984,0.33673469387755106,882,jo_lx_derive
F,117,1984,0.3538461538461538,585,jo_lx_derive
F,118,1984,0.37037037037037035,378,jo_lx_derive
F,119,1984,0.39075630252100846,238,jo_lx_derive
F,120,1984,1.0,145,fermeture_hypothese
F,11,1985,9.00000000000345e-05,100000,jo_lx_derive
F,12,1985,9.0008100729011e-05,99991,jo_lx_derive
F,13,1985,0.00010001800324055399,99982,jo_lx_derive
F,14,1985,0.00011003080862637127,99972,jo_lx_derive
F,15,1985,0.00013005071978067217,99961,jo_lx_derive
F,16,1985,0.00015007804058109198,99948,jo_lx_derive
F,17,1985,0.00018012068085615507,99933,jo_lx_derive
F,18,1985,0.00020017014462292426,99915,jo_lx_derive
F,19,1985,0.00023024175384156464,99895,jo_lx_derive
F,20,1985,0.0002503204101249601,99872,jo_lx_derive
F,21,1985,0.0002403677626768852,99847,jo_lx_derive
F,22,1985,0.00024042555322922876,99823,jo_lx_derive
F,23,1985,0.0002505035120592414,99799,jo_lx_derive
F,24,1985,0.00024054362860059797,99774,jo_lx_derive
F,25,1985,0.00025062656641605674,99750,jo_lx_derive
F,26,1985,0.0002506893958386103,99725,jo_lx_derive
F,27,1985,0.0002607823470410775,99700,jo_lx_derive
F,28,1985,0.0002608503722134614,99674,jo_lx_derive
F,29,1985,0.00026091843288378325,99648,jo_lx_derive
F,30,1985,0.0002810624159321762,99622,jo_lx_derive
F,31,1985,0.00028114143422297566,99594,jo_lx_derive
F,32,1985,0.0003013076753108912,99566,jo_lx_derive
F,33,1985,0.0003013984889889132,99536,jo_lx_derive
F,34,1985,0.00032158864792075637,99506,jo_lx_derive
F,35,1985,0.00035185073486543317,99474,jo_lx_derive
F,36,1985,0.0003620309938756616,99439,jo_lx_derive
F,37,1985,0.0003822822248825686,99403,jo_lx_derive
F,38,1985,0.00042268404367740153,99365,jo_lx_derive
F,39,1985,0.0004530672653866308,99323,jo_lx_derive
F,40,1985,0.0005036362537520489,99278,jo_lx_derive
F,41,1985,0.0005442012335228341,99228,jo_lx_derive
F,42,1985,0.0006150805654707714,99174,jo_lx_derive
F,43,1985,0.0007163540605167329,99113,jo_lx_derive
F,44,1985,0.0007269643181680996,99042,jo_lx_derive
F,45,1985,0.0008083257552793377,98970,jo_lx_derive
F,46,1985,0.0008696531499645666,98890,jo_lx_derive
F,47,1985,0.0009412574389701112,98804,jo_lx_derive
F,48,1985,0.001023188904985206,98711,jo_lx_derive
F,49,1985,0.0011763512828313338,98610,jo_lx_derive
F,50,1985,0.0012894186447905964,98494,jo_lx_derive
F,51,1985,0.0013419134465827431,98367,jo_lx_derive
F,52,1985,0.0013946149539370012,98235,jo_lx_derive
F,53,1985,0.0014781137230116537,98098,jo_lx_derive
F,54,1985,0.0014803017773830085,97953,jo_lx_derive
F,55,1985,0.0015029445444135758,97808,jo_lx_derive
F,56,1985,0.001617841308198753,97661,jo_lx_derive
F,57,1985,0.001692255622903871,97503,jo_lx_derive
F,58,1985,0.0017464916065668135,97338,jo_lx_derive
F,59,1985,0.0017907129919314535,97168,jo_lx_derive
F,60,1985,0.0018145452296017828,96994,jo_lx_derive
F,61,1985,0.0018488297630605555,96818,jo_lx_derive
F,62,1985,0.0018522542658760965,96639,jo_lx_derive
F,63,1985,0.0018764254613311548,96460,jo_lx_derive
F,64,1985,0.0019942043436262935,96279,jo_lx_derive
F,65,1985,0.002071039786859852,96087,jo_lx_derive
F,66,1985,0.002190055064241636,95888,jo_lx_derive
F,67,1985,0.002288927444135558,95678,jo_lx_derive
F,68,1985,0.0024303627735468014,95459,jo_lx_derive
F,69,1985,0.0025412960609910717,95227,jo_lx_derive
F,70,1985,0.0027267463283676685,94985,jo_lx_derive
F,71,1985,0.0028819964951544152,94726,jo_lx_derive
F,72,1985,0.003049135548897297,94453,jo_lx_derive
F,73,1985,0.00329209366537464,94165,jo_lx_derive
F,74,1985,0.0035267167439134717,93855,jo_lx_derive
F,75,1985,0.003817202001625275,93524,jo_lx_derive
F,76,1985,0.004132364463812266,93167,jo_lx_derive
F,77,1985,0.00452674010045051,92782,jo_lx_derive
F,78,1985,0.004969576232649819,92362,jo_lx_derive
F,79,1985,0.0054949239959523055,91903,jo_lx_derive
F,80,1985,0.0061598722072693235,91398,jo_lx_derive
F,81,1985,0.0069466615291462475,90835,jo_lx_derive
F,82,1985,0.007915391778635095,90204,jo_lx_derive
F,83,1985,0.00914068611017993,89490,jo_lx_derive
F,84,1985,0.010668531216167398,88672,jo_lx_derive
F,85,1985,0.0126188359209356,87726,jo_lx_derive
F,86,1985,0.015135247463027746,86619,jo_lx_derive
F,87,1985,0.018310123317859972,85308,jo_lx_derive
F,88,1985,0.02225777947603469,83746,jo_lx_derive
F,89,1985,0.02701448425783448,81882,jo_lx_derive
F,90,1985,0.03258441069411322,79670,jo_lx_derive
F,91,1985,0.03881983548278278,77074,jo_lx_derive
F,92,1985,0.0455306282227802,74082,jo_lx_derive
F,93,1985,0.05231300117382509,70709,jo_lx_derive
F,94,1985,0.05955827488434562,67010,jo_lx_derive
F,95,1985,0.0672971643472603,63019,jo_lx_derive
F,96,1985,0.07552145360509033,58778,jo_lx_derive
F,97,1985,0.08421207604114911,54339,jo_lx_derive
F,98,1985,0.09336253843216846,49763,jo_lx_derive
F,99,1985,0.10297670501141476,45117,jo_lx_derive
F,100,1985,0.11306861703441973,40471,jo_lx_derive
F,101,1985,0.12358267168129267,35895,jo_lx_derive
F,102,1985,0.1345878762834165,31459,jo_lx_derive
F,103,1985,0.1460055096418733,27225,jo_lx_derive
F,104,1985,0.1578494623655914,23250,jo_lx_derive
F,105,1985,0.17017364657814094,19580,jo_lx_derive
F,106,1985,0.18297636632200887,16248,jo_lx_derive
F,107,1985,0.19608286252354046,13275,jo_lx_derive
F,108,1985,0.2097076461769115,10672,jo_lx_derive
F,109,1985,0.22385582167417595,8434,jo_lx_derive
F,110,1985,0.23816070882981977,6546,jo_lx_derive
F,111,1985,0.2532584720272709,4987,jo_lx_derive
F,112,1985,0.2682599355531686,3724,jo_lx_derive
F,113,1985,0.2844036697247706,2725,jo_lx_derive
F,114,1985,0.30000000000000004,1950,jo_lx_derive
F,115,1985,0.3172161172161172,1365,jo_lx_derive
F,116,1985,0.33369098712446355,932,jo_lx_derive
F,117,1985,0.35104669887278583,621,jo_lx_derive
F,118,1985,0.36972704714640203,403,jo_lx_derive
F,119,1985,0.3858267716535433,254,jo_lx_derive
F,120,1985,1.0,156,fermeture_hypothese
F,10,1986,7.999999999996898e-05,100000,jo_lx_derive
F,11,1986,9.000720057605882e-05,99992,jo_lx_derive
F,12,1986,9.001530260144275e-05,99983,jo_lx_derive
F,13,1986,0.00011002860743791754,99974,jo_lx_derive
F,14,1986,0.00011004071506459656,99963,jo_lx_derive
F,15,1986,0.00013006242996638218,99952,jo_lx_derive
F,16,1986,0.00014008545212584878,99939,jo_lx_derive
F,17,1986,0.00018013510132597332,99925,jo_lx_derive
F,18,1986,0.00021019548179812553,99907,jo_lx_derive
F,19,1986,0.00023026249924917863,99886,jo_lx_derive
F,20,1986,0.0002403292510739785,99863,jo_lx_derive
F,21,1986,0.0002403870231072469,99839,jo_lx_derive
F,22,1986,0.0002404448229224032,99815,jo_lx_derive
F,23,1986,0.000250523594312102,99791,jo_lx_derive
F,24,1986,0.00024056291722629464,99766,jo_lx_derive
F,25,1986,0.0002506466684044639,99742,jo_lx_derive
F,26,1986,0.00025070950790739843,99717,jo_lx_derive
F,27,1986,0.0002507723789271221,99692,jo_lx_derive
F,28,1986,0.00026086869274688507,99667,jo_lx_derive
F,29,1986,0.00027097279232446425,99641,jo_lx_derive
F,30,1986,0.0002710462384805101,99614,jo_lx_derive
F,31,1986,0.00029120266701476716,99587,jo_lx_derive
F,32,1986,0.0002912874907089469,99558,jo_lx_derive
F,33,1986,0.00031146700961526275,99529,jo_lx_derive
F,34,1986,0.00032161450481416054,99498,jo_lx_derive
F,35,1986,0.0003418253473548294,99466,jo_lx_derive
F,36,1986,0.0003620564808110016,99432,jo_lx_derive
F,37,1986,0.00038230914724934895,99396,jo_lx_derive
F,38,1986,0.00042271382274194913,99358,jo_lx_derive
F,39,1986,0.00045309919851788116,99316,jo_lx_derive
F,40,1986,0.0004935983318391512,99271,jo_lx_derive
F,41,1986,0.0005442341416218577,99222,jo_lx_derive
F,42,1986,0.0006050338818973655,99168,jo_lx_derive
F,43,1986,0.0007163902005892231,99108,jo_lx_derive
F,44,1986,0.0007270010198209276,99037,jo_lx_derive
F,45,1986,0.0007982620118223149,98965,jo_lx_derive
F,46,1986,0.0008595756729972148,98886,jo_lx_derive
F,47,1986,0.0009412860193722672,98801,jo_lx_derive
F,48,1986,0.001013089111318255,98708,jo_lx_derive
F,49,1986,0.0011662339769592522,98608,jo_lx_derive
F,50,1986,0.0012792787304681807,98493,jo_lx_derive
F,51,1986,0.0013114154137058298,98367,jo_lx_derive
F,52,1986,0.0013843930047435782,98238,jo_lx_derive
F,53,1986,0.0014576665103667175,98102,jo_lx_derive
F,54,1986,0.0014597944037811894,97959,jo_lx_derive
F,55,1986,0.0014823750715629025,97816,jo_lx_derive
F,56,1986,0.0015971987590994718,97671,jo_lx_derive
F,57,1986,0.0016612828795570245,97515,jo_lx_derive
F,58,1986,0.0017154068184852544,97353,jo_lx_derive
F,59,1986,0.0017595126870125766,97186,jo_lx_derive
F,60,1986,0.0017935370818945584,97015,jo_lx_derive
F,61,1986,0.0018070858417406077,96841,jo_lx_derive
F,62,1986,0.0018207022117393556,96666,jo_lx_derive
F,63,1986,0.0018447507513732475,96490,jo_lx_derive
F,64,1986,0.001951989367887652,96312,jo_lx_derive
F,65,1986,0.002039032915817085,96124,jo_lx_derive
F,66,1986,0.0021474439162705306,95928,jo_lx_derive
F,67,1986,0.002246087628758331,95722,jo_lx_derive
F,68,1986,0.002366318699152936,95507,jo_lx_derive
F,69,1986,0.0024978747074443364,95281,jo_lx_derive
F,70,1986,0.002661953010742457,95043,jo_lx_derive
F,71,1986,0.002816752822027646,94790,jo_lx_derive
F,72,1986,0.002983400865397834,94523,jo_lx_derive
F,73,1986,0.0032045500366082447,94241,jo_lx_derive
F,74,1986,0.003438401515877376,93939,jo_lx_derive
F,75,1986,0.003717313279781198,93616,jo_lx_derive
F,76,1986,0.004031393403954198,93268,jo_lx_derive
F,77,1986,0.0044029625802006755,92892,jo_lx_derive
F,78,1986,0.004833320718402256,92483,jo_lx_derive
F,79,1986,0.005356599591464173,92036,jo_lx_derive
F,80,1986,0.0059971816523382016,91543,jo_lx_derive
F,81,1986,0.00675868738598151,90994,jo_lx_derive
F,82,1986,0.007711968488255061,90379,jo_lx_derive
F,83,1986,0.008909257153051908,89682,jo_lx_derive
F,84,1986,0.010395688714377349,88883,jo_lx_derive
F,85,1986,0.01232392364624424,87959,jo_lx_derive
F,86,1986,0.014779856115107903,86875,jo_lx_derive
F,87,1986,0.017899078174107075,85591,jo_lx_derive
F,88,1986,0.021794215967356312,84059,jo_lx_derive
F,89,1986,0.026463327130991088,82227,jo_lx_derive
F,90,1986,0.03197961299671459,80051,jo_lx_derive
F,91,1986,0.038133460659947604,77491,jo_lx_derive
F,92,1986,0.044756895996565405,74536,jo_lx_derive
F,93,1986,0.05146067415730338,71200,jo_lx_derive
F,94,1986,0.058650201374081945,67536,jo_lx_derive
F,95,1986,0.06633110499410144,63575,jo_lx_derive
F,96,1986,0.07446342531756456,59358,jo_lx_derive
F,97,1986,0.08307546688994871,54938,jo_lx_derive
F,98,1986,0.09217056417993408,50374,jo_lx_derive
F,99,1986,0.10170343967986706,45731,jo_lx_derive
F,100,1986,0.11170886075949371,41080,jo_lx_derive
F,101,1986,0.12216710969828182,36491,jo_lx_derive
F,102,1986,0.13308150969312893,32033,jo_lx_derive
F,103,1986,0.14443644220381702,27770,jo_lx_derive
F,104,1986,0.15623553179847638,23759,jo_lx_derive
F,105,1986,0.1684541327879483,20047,jo_lx_derive
F,106,1986,0.1811637672465507,16670,jo_lx_derive
F,107,1986,0.19421245421245426,13650,jo_lx_derive
F,108,1986,0.2078370760978271,10999,jo_lx_derive
F,109,1986,0.22173763342132446,8713,jo_lx_derive
F,110,1986,0.2361008700781596,6781,jo_lx_derive
F,111,1986,0.250965250965251,5180,jo_lx_derive
F,112,1986,0.2662371134020619,3880,jo_lx_derive
F,113,1986,0.28205128205128205,2847,jo_lx_derive
F,114,1986,0.297945205479452,2044,jo_lx_derive
F,115,1986,0.3142857142857143,1435,jo_lx_derive
F,116,1986,0.3313008130081301,984,jo_lx_derive
F,117,1986,0.3480243161094225,658,jo_lx_derive
F,118,1986,0.365967365967366,429,jo_lx_derive
F,119,1986,0.38602941176470584,272,jo_lx_derive
F,120,1986,1.0,167,fermeture_hypothese
F,9,1987,7.999999999996898e-05,100000,jo_lx_derive
F,10,1987,9.000720057605882e-05,99992,jo_lx_derive
F,11,1987,9.001530260144275e-05,99983,jo_lx_derive
F,12,1987,9.002340608554871e-05,99974,jo_lx_derive
F,13,1987,0.000100035012254307,99965,jo_lx_derive
F,14,1987,0.00011004952228499398,99955,jo_lx_derive
F,15,1987,0.00013007284079080694,99944,jo_lx_derive
F,16,1987,0.00015010357146427733,99931,jo_lx_derive
F,17,1987,0.00017014292005279597,99916,jo_lx_derive
F,18,1987,0.00021021231443763,99899,jo_lx_derive
F,19,1987,0.00023028094275012734,99878,jo_lx_derive
F,20,1987,0.00024034850533272145,99855,jo_lx_derive
F,21,1987,0.0002404062866243617,99831,jo_lx_derive
F,22,1987,0.0002404640957046622,99807,jo_lx_derive
F,23,1987,0.00025054367978516456,99783,jo_lx_derive
F,24,1987,0.00024058220894562776,99758,jo_lx_derive
F,25,1987,0.00025066677361784695,99734,jo_lx_derive
F,26,1987,0.0002507296232034939,99709,jo_lx_derive
F,27,1987,0.00025079250431359057,99684,jo_lx_derive
F,28,1987,0.0002608896336507849,99659,jo_lx_derive
F,29,1987,0.00027099454999846007,99633,jo_lx_derive
F,30,1987,0.0002710680079512917,99606,jo_lx_derive
F,31,1987,0.0002811837837295439,99579,jo_lx_derive
F,32,1987,0.0002913079727978607,99551,jo_lx_derive
F,33,1987,0.00031148891702337256,99522,jo_lx_derive
F,34,1987,0.00032163713300703556,99491,jo_lx_derive
F,35,1987,0.00034184940528259045,99459,jo_lx_derive
F,36,1987,0.00036208197133513753,99425,jo_lx_derive
F,37,1987,0.00038233607340854014,99389,jo_lx_derive
F,38,1987,0.0004227436060029177,99351,jo_lx_derive
F,39,1987,0.00044306155534745706,99309,jo_lx_derive
F,40,1987,0.0004936281670276932,99265,jo_lx_derive
F,41,1987,0.0005442670537010308,99216,jo_lx_derive
F,42,1987,0.0006050704907121229,99162,jo_lx_derive
F,43,1987,0.0007063429597787829,99102,jo_lx_derive
F,44,1987,0.000727037725179791,99032,jo_lx_derive
F,45,1987,0.0007881972514147684,98960,jo_lx_derive
F,46,1987,0.0008596104447725628,98882,jo_lx_derive
F,47,1987,0.0009312023644442169,98797,jo_lx_derive
F,48,1987,0.0010029887037130703,98705,jo_lx_derive
F,49,1987,0.0011561162606738007,98606,jo_lx_derive
F,50,1987,0.001258985501360499,98492,jo_lx_derive
F,51,1987,0.0013012361743656164,98368,jo_lx_derive
F,52,1987,0.001364006514657956,98240,jo_lx_derive
F,53,1987,0.0014372209650785894,98106,jo_lx_derive
F,54,1987,0.0014392895421834195,97965,jo_lx_derive
F,55,1987,0.0014618089630356046,97824,jo_lx_derive
F,56,1987,0.001576560436522989,97681,jo_lx_derive
F,57,1987,0.0016303177581592498,97527,jo_lx_derive
F,58,1987,0.001684331607920475,97368,jo_lx_derive
F,59,1987,0.0017283239372865022,97204,jo_lx_derive
F,60,1987,0.001762232573477851,97036,jo_lx_derive
F,61,1987,0.0017756671656429246,96865,jo_lx_derive
F,62,1987,0.001789167778432743,96693,jo_lx_derive
F,63,1987,0.0018234562784914532,96520,jo_lx_derive
F,64,1987,0.0019098231337706384,96344,jo_lx_derive
F,65,1987,0.00199667221297839,96160,jo_lx_derive
F,66,1987,0.0021048682894297954,95968,jo_lx_derive
F,67,1987,0.002203287179165847,95766,jo_lx_derive
F,68,1987,0.00232326932133331,95555,jo_lx_derive
F,69,1987,0.002433574942569683,95333,jo_lx_derive
F,70,1987,0.0025972387251448348,95101,jo_lx_derive
F,71,1987,0.0027515971914732207,94854,jo_lx_derive
F,72,1987,0.0029177634708699163,94593,jo_lx_derive
F,73,1987,0.00312775003445831,94317,jo_lx_derive
F,74,1987,0.0033502797217672686,94022,jo_lx_derive
F,75,1987,0.003628330861088269,93707,jo_lx_derive
F,76,1987,0.003920014566174301,93367,jo_lx_derive
F,77,1987,0.004290276448640329,93001,jo_lx_derive
F,78,1987,0.00470832163452195,92602,jo_lx_derive
F,79,1987,0.005218844259271327,92166,jo_lx_derive
F,80,1987,0.005824289687517026,91685,jo_lx_derive
F,81,1987,0.00659345481673268,91151,jo_lx_derive
F,82,1987,0.00750966316951962,90550,jo_lx_derive
F,83,1987,0.008679203293646354,89870,jo_lx_derive
F,84,1987,0.010135817712425665,89090,jo_lx_derive
F,85,1987,0.012019912231961638,88187,jo_lx_derive
F,86,1987,0.014438692942486231,87127,jo_lx_derive
F,87,1987,0.017503406351535467,85869,jo_lx_derive
F,88,1987,0.02132375601545644,84366,jo_lx_derive
F,89,1987,0.025954679230200894,82567,jo_lx_derive
F,90,1987,0.03137123246792006,80424,jo_lx_derive
F,91,1987,0.03745779900129653,77901,jo_lx_derive
F,92,1987,0.043996639238227386,74983,jo_lx_derive
F,93,1987,0.05062496512471404,71684,jo_lx_derive
F,94,1987,0.05776210418044225,68055,jo_lx_derive
F,95,1987,0.0653421495851787,64124,jo_lx_derive
F,96,1987,0.07343077385123631,59934,jo_lx_derive
F,97,1987,0.08196927952748811,55533,jo_lx_derive
F,98,1987,0.09099468429414881,50981,jo_lx_derive
F,99,1987,0.10044883690820428,46342,jo_lx_derive
F,100,1987,0.11037013937198648,41687,jo_lx_derive
F,101,1987,0.12077333764762987,37086,jo_lx_derive
F,102,1987,0.131597509737173,32607,jo_lx_derive
F,103,1987,0.1428874134764797,28316,jo_lx_derive
F,104,1987,0.15459414915533576,24270,jo_lx_derive
F,105,1987,0.1667803879520421,20518,jo_lx_derive
F,106,1987,0.17934019653720168,17096,jo_lx_derive
F,107,1987,0.19244476122594445,14030,jo_lx_derive
F,108,1987,0.2058252427184466,11330,jo_lx_derive
F,109,1987,0.21982662813958653,8998,jo_lx_derive
F,110,1987,0.23404558404558407,7020,jo_lx_derive
F,111,1987,0.2488376418076994,5377,jo_lx_derive
F,112,1987,0.2639267145333003,4039,jo_lx_derive
F,113,1987,0.2798520013454423,2973,jo_lx_derive
F,114,1987,0.29565623540401686,2141,jo_lx_derive
F,115,1987,0.31167108753315653,1508,jo_lx_derive
F,116,1987,0.3285163776493256,1038,jo_lx_derive
F,117,1987,0.34720229555236726,697,jo_lx_derive
F,118,1987,0.3626373626373627,455,jo_lx_derive
F,119,1987,0.38275862068965516,290,jo_lx_derive
F,120,1987,1.0,179,fermeture_hypothese
F,8,1988,7.999999999996898e-05,100000,jo_lx_derive
F,9,1988,9.000720057605882e-05,99992,jo_lx_derive
F,10,1988,8.001360231235655e-05,99983,jo_lx_derive
F,11,1988,9.002250562639702e-05,99975,jo_lx_derive
F,12,1988,9.003061040757654e-05,99966,jo_lx_derive
F,13,1988,0.00010004301849797503,99957,jo_lx_derive
F,14,1988,0.00011005833091537465,99947,jo_lx_derive
F,15,1988,0.00013008325328212056,99936,jo_lx_derive
F,16,1988,0.00015011558900357436,99923,jo_lx_derive
F,17,1988,0.0001801657524922451,99908,jo_lx_derive
F,18,1988,0.00020022024226651336,99890,jo_lx_derive
F,19,1988,0.00023029938920593462,99870,jo_lx_derive
F,20,1988,0.0002403677626768852,99847,jo_lx_derive
F,21,1988,0.00024042555322922876,99823,jo_lx_derive
F,22,1988,0.00024048337157689392,99799,jo_lx_derive
F,23,1988,0.0002505637684790951,99775,jo_lx_derive
F,24,1988,0.0002406015037593745,99750,jo_lx_derive
F,25,1988,0.00025068688205687195,99726,jo_lx_derive
F,26,1988,0.00025074974172778486,99701,jo_lx_derive
F,27,1988,0.000250812632930697,99676,jo_lx_derive
F,28,1988,0.0002609105779168841,99651,jo_lx_derive
F,29,1988,0.00026097867001251274,99625,jo_lx_derive
F,30,1988,0.0002811273205554077,99599,jo_lx_derive
F,31,1988,0.0002812063753502292,99571,jo_lx_derive
F,32,1988,0.0002913313844268295,99543,jo_lx_derive
F,33,1988,0.00030146512048556673,99514,jo_lx_derive
F,34,1988,0.00032165976438425226,99484,jo_lx_derive
F,35,1988,0.0003418734665969758,99452,jo_lx_derive
F,36,1988,0.00036210746544895756,99418,jo_lx_derive
F,37,1988,0.0003823630033608083,99382,jo_lx_derive
F,38,1988,0.00041270736028342636,99344,jo_lx_derive
F,39,1988,0.0004531585148485062,99303,jo_lx_derive
F,40,1988,0.0004936629793064196,99258,jo_lx_derive
F,41,1988,0.0005342257254886684,99209,jo_lx_derive
F,42,1988,0.0006051071039574474,99156,jo_lx_derive
F,43,1988,0.0007063857269717921,99096,jo_lx_derive
F,44,1988,0.0007068850604892152,99026,jo_lx_derive
F,45,1988,0.0007983346133635383,98956,jo_lx_derive
F,46,1988,0.000849540337995669,98877,jo_lx_derive
F,47,1988,0.0009211178929681152,98793,jo_lx_derive
F,48,1988,0.0009928876821138077,98702,jo_lx_derive
F,49,1988,0.0011459981339498881,98604,jo_lx_derive
F,50,1988,0.0012386918601700048,98491,jo_lx_derive
F,51,1988,0.0012910571419857408,98369,jo_lx_derive
F,52,1988,0.00134362085462425,98242,jo_lx_derive
F,53,1988,0.0014167770869432106,98110,jo_lx_derive
F,54,1988,0.0014187871921282902,97971,jo_lx_derive
F,55,1988,0.001451467822389363,97832,jo_lx_derive
F,56,1988,0.0015354693417954923,97690,jo_lx_derive
F,57,1988,0.0016198482673774883,97540,jo_lx_derive
F,58,1988,0.0016430141093836115,97382,jo_lx_derive
F,59,1988,0.0017074324741314095,97222,jo_lx_derive
F,60,1988,0.0017309594460930278,97056,jo_lx_derive
F,61,1988,0.0017442820576335505,96888,jo_lx_derive
F,62,1988,0.0017576691239570286,96719,jo_lx_derive
F,63,1988,0.0017814788345813515,96549,jo_lx_derive
F,64,1988,0.001888417360988659,96377,jo_lx_derive
F,65,1988,0.0019543635324080766,96195,jo_lx_derive
F,66,1988,0.0020623496203401315,96007,jo_lx_derive
F,67,1988,0.0021501111586593735,95809,jo_lx_derive
F,68,1988,0.002280263171657748,95603,jo_lx_derive
F,69,1988,0.0023798291135922467,95385,jo_lx_derive
F,70,1988,0.002543138779713794,95158,jo_lx_derive
F,71,1988,0.0026865860339668757,94916,jo_lx_derive
F,72,1988,0.002841719398696374,94661,jo_lx_derive
F,73,1988,0.0030511060259343914,94392,jo_lx_derive
F,74,1988,0.0032729745813142586,94104,jo_lx_derive
F,75,1988,0.0035289351358266385,93796,jo_lx_derive
F,76,1988,0.0038303108115337325,93465,jo_lx_derive
F,77,1988,0.004167248434596704,93107,jo_lx_derive
F,78,1988,0.004583742275046099,92719,jo_lx_derive
F,79,1988,0.0050815871020868375,92294,jo_lx_derive
F,80,1988,0.0056738361012795835,91825,jo_lx_derive
F,81,1988,0.006418119688075041,91304,jo_lx_derive
F,82,1988,0.00730836217729669,90718,jo_lx_derive
F,83,1988,0.008461495752595583,90055,jo_lx_derive
F,84,1988,0.009888793074485092,89293,jo_lx_derive
F,85,1988,0.011718131433095857,88410,jo_lx_derive
F,86,1988,0.014100304438391276,87374,jo_lx_derive
F,87,1988,0.017111281372617304,86142,jo_lx_derive
F,88,1988,0.020881560920300468,84668,jo_lx_derive
F,89,1988,0.02542822677925216,82900,jo_lx_derive
F,90,1988,0.030795128230517888,80792,jo_lx_derive
F,91,1988,0.036779730281977896,78304,jo_lx_derive
F,92,1988,0.043248833262621966,75424,jo_lx_derive
F,93,1988,0.04981846401152956,72162,jo_lx_derive
F,94,1988,0.056864089139090246,68567,jo_lx_derive
F,95,1988,0.0644058885383807,64668,jo_lx_derive
F,96,1988,0.07239310447415825,60503,jo_lx_derive
F,97,1988,0.08087593321811026,56123,jo_lx_derive
F,98,1988,0.08981467121588094,51584,jo_lx_derive
F,99,1988,0.09920981448744437,46951,jo_lx_derive
F,100,1988,0.10907242333246636,42293,jo_lx_derive
F,101,1988,0.11940021231422504,37680,jo_lx_derive
F,102,1988,0.13013471565052293,33181,jo_lx_derive
F,103,1988,0.14135744725080557,28863,jo_lx_derive
F,104,1988,0.1530081103982569,24783,jo_lx_derive
F,105,1988,0.16511838406936308,20991,jo_lx_derive
F,106,1988,0.17763195435092727,17525,jo_lx_derive
F,107,1988,0.1905356647238412,14412,jo_lx_derive
F,108,1988,0.20401165780901764,11666,jo_lx_derive
F,109,1988,0.21785483523583893,9286,jo_lx_derive
F,110,1988,0.23199779705355916,7263,jo_lx_derive
F,111,1988,0.24668339906776626,5578,jo_lx_derive
F,112,1988,0.26178010471204194,4202,jo_lx_derive
F,113,1988,0.2775628626692457,3102,jo_lx_derive
F,114,1988,0.2931726907630522,2241,jo_lx_derive
F,115,1988,0.30934343434343436,1584,jo_lx_derive
F,116,1988,0.32632541133455206,1094,jo_lx_derive
F,117,1988,0.34328358208955223,737,jo_lx_derive
F,118,1988,0.36157024793388426,484,jo_lx_derive
F,119,1988,0.3786407766990292,309,jo_lx_derive
F,120,1988,1.0,192,fermeture_hypothese
F,7,1989,9.00000000000345e-05,100000,jo_lx_derive
F,8,1989,8.000720064804678e-05,99991,jo_lx_derive
F,9,1989,9.001530260144275e-05,99983,jo_lx_derive
F,10,1989,8.002080540936429e-05,99974,jo_lx_derive
F,11,1989,9.003061040757654e-05,99966,jo_lx_derive
F,12,1989,9.003871664814422e-05,99957,jo_lx_derive
F,13,1989,0.00010005202705409832,99948,jo_lx_derive
F,14,1989,0.00011006824231019063,99938,jo_lx_derive
F,15,1989,0.00013009496932758768,99927,jo_lx_derive
F,16,1989,0.00015012911103551296,99914,jo_lx_derive
F,17,1989,0.00017017187359236186,99899,jo_lx_derive
F,18,1989,0.00021024809274949874,99882,jo_lx_derive
F,19,1989,0.00023032014500157239,99861,jo_lx_derive
F,20,1989,0.00024038943087800746,99838,jo_lx_derive
F,21,1989,0.0002404472318512374,99814,jo_lx_derive
F,22,1989,0.00024050506062733845,99790,jo_lx_derive
F,23,1989,0.00024056291722629464,99766,jo_lx_derive
F,24,1989,0.000240620801668312,99742,jo_lx_derive
F,25,1989,0.0002507069937223161,99718,jo_lx_derive
F,26,1989,0.00025076986348093744,99693,jo_lx_derive
F,27,1989,0.00025083276477910754,99668,jo_lx_derive
F,28,1989,0.00026093152554618193,99643,jo_lx_derive
F,29,1989,0.00026099962857739634,99617,jo_lx_derive
F,30,1989,0.0002811499031036835,99591,jo_lx_derive
F,31,1989,0.0002812289706015658,99563,jo_lx_derive
F,32,1989,0.00029135479981912127,99535,jo_lx_derive
F,33,1989,0.0003014893574256883,99506,jo_lx_derive
F,34,1989,0.0003216856327153961,99476,jo_lx_derive
F,35,1989,0.00034190096938979675,99444,jo_lx_derive
F,36,1989,0.00035207725580932436,99410,jo_lx_derive
F,37,1989,0.0003823899371069306,99375,jo_lx_derive
F,38,1989,0.00041273644261452525,99337,jo_lx_derive
F,39,1989,0.0004531904608443549,99296,jo_lx_derive
F,40,1989,0.000483622331261091,99251,jo_lx_derive
F,41,1989,0.000544338376863629,99203,jo_lx_derive
F,42,1989,0.0005950639945939695,99149,jo_lx_derive
F,43,1989,0.0006963366636391077,99090,jo_lx_derive
F,44,1989,0.0007170196221003566,99021,jo_lx_derive
F,45,1989,0.0007781707933299797,98950,jo_lx_derive
F,46,1989,0.0008495747069472426,98873,jo_lx_derive
F,47,1989,0.0009110326048447082,98789,jo_lx_derive
F,48,1989,0.0009827860464645122,98699,jo_lx_derive
F,49,1989,0.0011358795967627566,98602,jo_lx_derive
F,50,1989,0.0012285511219413126,98490,jo_lx_derive
F,51,1989,0.001270725533450534,98369,jo_lx_derive
F,52,1989,0.0013334147632425575,98244,jo_lx_derive
F,53,1989,0.001386156778408587,98113,jo_lx_derive
F,54,1989,0.0014084938301845984,97977,jo_lx_derive
F,55,1989,0.0014207013563098947,97839,jo_lx_derive
F,56,1989,0.0015250767656089792,97700,jo_lx_derive
F,57,1989,0.0015786614181300118,97551,jo_lx_derive
F,58,1989,0.001622226557286166,97397,jo_lx_derive
F,59,1989,0.0016762821501661307,97239,jo_lx_derive
F,60,1989,0.001699699204746774,97076,jo_lx_derive
F,61,1989,0.0017129118469523252,96911,jo_lx_derive
F,62,1989,0.0017261873998656307,96745,jo_lx_derive
F,63,1989,0.0017602352502640306,96578,jo_lx_derive
F,64,1989,0.001846319807484842,96408,jo_lx_derive
F,65,1989,0.0019120856281824583,96230,jo_lx_derive
F,66,1989,0.0020198654811236505,96046,jo_lx_derive
F,67,1989,0.0021178483495388756,95852,jo_lx_derive
F,68,1989,0.0022268920741460585,95649,jo_lx_derive
F,69,1989,0.0023261662265812166,95436,jo_lx_derive
F,70,1989,0.002489129749826735,95214,jo_lx_derive
F,71,1989,0.002621687355886193,94977,jo_lx_derive
F,72,1989,0.0027763702390001255,94728,jo_lx_derive
F,73,1989,0.0029746466945429484,94465,jo_lx_derive
F,74,1989,0.0031958719103032385,94184,jo_lx_derive
F,75,1989,0.0034404524780844437,93883,jo_lx_derive
F,76,1989,0.0037195382642154495,93560,jo_lx_derive
F,77,1989,0.004066000085825805,93212,jo_lx_derive
F,78,1989,0.004459621039931916,92833,jo_lx_derive
F,79,1989,0.004944870643482369,92419,jo_lx_derive
F,80,1989,0.0055240207911964045,91962,jo_lx_derive
F,81,1989,0.006243576005423468,91454,jo_lx_derive
F,82,1989,0.007130046323294836,90883,jo_lx_derive
F,83,1989,0.008234055521693318,90235,jo_lx_derive
F,84,1989,0.009643320073302597,89492,jo_lx_derive
F,85,1989,0.011440950478962875,88629,jo_lx_derive
F,86,1989,0.013764766307139187,87615,jo_lx_derive
F,87,1989,0.01673436794778327,86409,jo_lx_derive
F,88,1989,0.020444193354754447,84963,jo_lx_derive
F,89,1989,0.0249200970850455,83226,jo_lx_derive
F,90,1989,0.030202582807570932,81152,jo_lx_derive
F,91,1989,0.03613677081612687,78701,jo_lx_derive
F,92,1989,0.0425142043582003,75857,jo_lx_derive
F,93,1989,0.049000440577156024,72632,jo_lx_derive
F,94,1989,0.055998725985551556,69073,jo_lx_derive
F,95,1989,0.06346139099762294,65205,jo_lx_derive
F,96,1989,0.07139699019110157,61067,jo_lx_derive
F,97,1989,0.07979614509672528,56707,jo_lx_derive
F,98,1989,0.0886512590548465,52182,jo_lx_derive
F,99,1989,0.09801076625452099,47556,jo_lx_derive
F,100,1989,0.10777479892761399,42895,jo_lx_derive
F,101,1989,0.11802362040133785,38272,jo_lx_derive
F,102,1989,0.12872167086357578,33755,jo_lx_derive
F,103,1989,0.13985039102346142,29410,jo_lx_derive
F,104,1989,0.1514013519389651,25297,jo_lx_derive
F,105,1989,0.1634601947174733,21467,jo_lx_derive
F,106,1989,0.17591045773471436,17958,jo_lx_derive
F,107,1989,0.1887965403067775,14799,jo_lx_derive
F,108,1989,0.20208246563931698,12005,jo_lx_derive
F,109,1989,0.21588892368723245,9579,jo_lx_derive
F,110,1989,0.23006257489016113,7511,jo_lx_derive
F,111,1989,0.24468269064499393,5783,jo_lx_derive
F,112,1989,0.2596153846153846,4368,jo_lx_derive
F,113,1989,0.2752009894867038,3234,jo_lx_derive
F,114,1989,0.29095563139931746,2344,jo_lx_derive
F,115,1989,0.30746089049338143,1662,jo_lx_derive
F,116,1989,0.3240660295395309,1151,jo_lx_derive
F,117,1989,0.34061696658097684,778,jo_lx_derive
F,118,1989,0.3586744639376218,513,jo_lx_derive
F,119,1989,0.37689969604863227,329,jo_lx_derive
F,120,1989,1.0,205,fermeture_hypothese
F,6,1990,9.999999999998899e-05,100000,jo_lx_derive
F,7,1990,9.000900090005981e-05,99990,jo_lx_derive
F,8,1990,8.001520288858366e-05,99981,jo_lx_derive
F,9,1990,8.002160583353568e-05,99973,jo_lx_derive
F,10,1990,9.003151102882079e-05,99965,jo_lx_derive
F,11,1990,8.003521549482251e-05,99956,jo_lx_derive
F,12,1990,0.00010005202705409832,99948,jo_lx_derive
F,13,1990,0.00010006203846379957,99938,jo_lx_derive
F,14,1990,0.0001100792570650766,99928,jo_lx_derive
F,15,1990,0.00012009968273662963,99917,jo_lx_derive
F,16,1990,0.00015014263550372497,99905,jo_lx_derive
F,17,1990,0.00018019821803982872,99890,jo_lx_derive
F,18,1990,0.00020025632809994587,99872,jo_lx_derive
F,19,1990,0.00023034090453877276,99852,jo_lx_derive
F,20,1990,0.00024041110298611557,99829,jo_lx_derive
F,21,1990,0.00024046891438300744,99805,jo_lx_derive
F,22,1990,0.00024052675359031994,99781,jo_lx_derive
F,23,1990,0.00024058462062814812,99757,jo_lx_derive
F,24,1990,0.00024064251551647597,99733,jo_lx_derive
F,25,1990,0.0002507296232034939,99709,jo_lx_derive
F,26,1990,0.00025079250431359057,99684,jo_lx_derive
F,27,1990,0.00025085541697189573,99659,jo_lx_derive
F,28,1990,0.0002609550956500506,99634,jo_lx_derive
F,29,1990,0.00026102321098708803,99608,jo_lx_derive
F,30,1990,0.0002711333373500713,99582,jo_lx_derive
F,31,1990,0.0002812515694842199,99555,jo_lx_derive
F,32,1990,0.00029137821897573524,99527,jo_lx_derive
F,33,1990,0.00031156405153875966,99498,jo_lx_derive
F,34,1990,0.0003116611539505376,99467,jo_lx_derive
F,35,1990,0.0003419284766080777,99436,jo_lx_derive
F,36,1990,0.0003621657511920784,99402,jo_lx_derive
F,37,1990,0.0003824245717851671,99366,jo_lx_derive
F,38,1990,0.00040270618556703663,99328,jo_lx_derive
F,39,1990,0.0004532269760696428,99288,jo_lx_derive
F,40,1990,0.00048366131616339736,99243,jo_lx_derive
F,41,1990,0.0005343011240486195,99195,jo_lx_derive
F,42,1990,0.0005951060095620297,99142,jo_lx_derive
F,43,1990,0.0006963858583207694,99083,jo_lx_derive
F,44,1990,0.0007069707314116824,99014,jo_lx_derive
F,45,1990,0.0007782179818887069,98944,jo_lx_derive
F,46,1990,0.0008293970687893726,98867,jo_lx_derive
F,47,1990,0.0009110694943563757,98785,jo_lx_derive
F,48,1990,0.0009726936521606833,98695,jo_lx_derive
F,49,1990,0.001125772066653874,98599,jo_lx_derive
F,50,1990,0.0012082690276987718,98488,jo_lx_derive
F,51,1990,0.0012605597291829307,98369,jo_lx_derive
F,52,1990,0.0013130439208102196,98245,jo_lx_derive
F,53,1990,0.0013759223775938745,98116,jo_lx_derive
F,54,1990,0.001377818148416532,97981,jo_lx_derive
F,55,1990,0.0014103795760684879,97846,jo_lx_derive
F,56,1990,0.0014942481680108033,97708,jo_lx_derive
F,57,1990,0.0015579836411717674,97562,jo_lx_derive
F,58,1990,0.0015912124011908668,97410,jo_lx_derive
F,59,1990,0.0016451596318954875,97255,jo_lx_derive
F,60,1990,0.0016684690251814738,97095,jo_lx_derive
F,61,1990,0.0016918902747258269,96933,jo_lx_derive
F,62,1990,0.001694757618658893,96769,jo_lx_derive
F,63,1990,0.0017183375601677042,96605,jo_lx_derive
F,64,1990,0.0018146185671771287,96439,jo_lx_derive
F,65,1990,0.001880245990193652,96264,jo_lx_derive
F,66,1990,0.001977456990310489,96083,jo_lx_derive
F,67,1990,0.0020752296830842676,95893,jo_lx_derive
F,68,1990,0.002173595000731443,95694,jo_lx_derive
F,69,1990,0.0022830572021029782,95486,jo_lx_derive
F,70,1990,0.0024247386320694897,95268,jo_lx_derive
F,71,1990,0.002567421109673118,95037,jo_lx_derive
F,72,1990,0.0027111706560610793,94793,jo_lx_derive
F,73,1990,0.0028983667597528573,94536,jo_lx_derive
F,74,1990,0.003108357556597552,94262,jo_lx_derive
F,75,1990,0.0033521693324394253,93969,jo_lx_derive
F,76,1990,0.0036303841800670034,93654,jo_lx_derive
F,77,1990,0.003954390552328713,93314,jo_lx_derive
F,78,1990,0.0043466566248856475,92945,jo_lx_derive
F,79,1990,0.0048086793961595875,92541,jo_lx_derive
F,80,1990,0.005385684503127153,92096,jo_lx_derive
F,81,1990,0.006069868995633221,91600,jo_lx_derive
F,82,1990,0.006941698519397188,91044,jo_lx_derive
F,83,1990,0.00802990753439814,90412,jo_lx_derive
F,84,1990,0.009399460339406418,89686,jo_lx_derive
F,85,1990,0.01116576432583316,88843,jo_lx_derive
F,86,1990,0.013443216354964704,87851,jo_lx_derive
F,87,1990,0.016360909195800133,86670,jo_lx_derive
F,88,1990,0.02001126073288606,85252,jo_lx_derive
F,89,1990,0.024417686065161703,83546,jo_lx_derive
F,90,1990,0.029641989546781877,81506,jo_lx_derive
F,91,1990,0.035491212542672956,79090,jo_lx_derive
F,92,1990,0.04177864006397236,76283,jo_lx_derive
F,93,1990,0.04822425303710187,73096,jo_lx_derive
F,94,1990,0.05513791666067758,69571,jo_lx_derive
F,95,1990,0.06252376968129614,65735,jo_lx_derive
F,96,1990,0.07040973630831648,61625,jo_lx_derive
F,97,1990,0.07872778689383098,57286,jo_lx_derive
F,98,1990,0.08752084280733663,52776,jo_lx_derive
F,99,1990,0.09680835600224269,48157,jo_lx_derive
F,100,1990,0.10649499942522134,43495,jo_lx_derive
F,101,1990,0.11669196922522707,38863,jo_lx_derive
F,102,1990,0.12727219762293174,34328,jo_lx_derive
F,103,1990,0.13838913181347845,29959,jo_lx_derive
F,104,1990,0.1498469763297563,25813,jo_lx_derive
F,105,1990,0.16181362497151974,21945,jo_lx_derive
F,106,1990,0.1742416005219093,18394,jo_lx_derive
F,107,1990,0.1870432549871618,15189,jo_lx_derive
F,108,1990,0.20027534823453186,12348,jo_lx_derive
F,109,1990,0.21397468354430382,9875,jo_lx_derive
F,110,1990,0.2280340118526153,7762,jo_lx_derive
F,111,1990,0.24265687583444595,5992,jo_lx_derive
F,112,1990,0.257602468047598,4538,jo_lx_derive
F,113,1990,0.2727812407242505,3369,jo_lx_derive
F,114,1990,0.2889795918367347,2450,jo_lx_derive
F,115,1990,0.3048220436280138,1742,jo_lx_derive
F,116,1990,0.3212221304706854,1211,jo_lx_derive
F,117,1990,0.33941605839416056,822,jo_lx_derive
F,118,1990,0.35543278084714547,543,jo_lx_derive
F,119,1990,0.37428571428571433,350,jo_lx_derive
F,120,1990,1.0,219,fermeture_hypothese
F,5,1991,0.0001100000000000545,100000,jo_lx_derive
F,6,1991,0.00010001100121015405,99989,jo_lx_derive
F,7,1991,9.001890396986845e-05,99979,jo_lx_derive
F,8,1991,8.002400720219516e-05,99970,jo_lx_derive
F,9,1991,8.003041155635326e-05,99962,jo_lx_derive
F,10,1991,9.004141905277763e-05,99954,jo_lx_derive
F,11,1991,8.004402421335488e-05,99945,jo_lx_derive
F,12,1991,0.00010006303971499264,99937,jo_lx_derive
F,13,1991,0.00010007305332893068,99927,jo_lx_derive
F,14,1991,0.0001100913758419475,99917,jo_lx_derive
F,15,1991,0.00012011290613178627,99906,jo_lx_derive
F,16,1991,0.00015015916871885526,99894,jo_lx_derive
F,17,1991,0.00018021806385726258,99879,jo_lx_derive
F,18,1991,0.00020027838695790834,99861,jo_lx_derive
F,19,1991,0.00023036628238903845,99841,jo_lx_derive
F,20,1991,0.00024043759642544682,99818,jo_lx_derive
F,21,1991,0.00024049542056636675,99794,jo_lx_derive
F,22,1991,0.00024055327252681113,99770,jo_lx_derive
F,23,1991,0.00024061115232687502,99746,jo_lx_derive
F,24,1991,0.00024066905998676447,99722,jo_lx_derive
F,25,1991,0.00025075728700674205,99698,jo_lx_derive
F,26,1991,0.0002407873747153344,99673,jo_lx_derive
F,27,1991,0.000260915814508933,99649,jo_lx_derive
F,28,1991,0.00025094606667130925,99623,jo_lx_derive
F,29,1991,0.0002710897809192758,99598,jo_lx_derive
F,30,1991,0.0002711632905163519,99571,jo_lx_derive
F,31,1991,0.00028128264887883336,99544,jo_lx_derive
F,32,1991,0.0002914104264640782,99516,jo_lx_derive
F,33,1991,0.00030154693578055003,99487,jo_lx_derive
F,34,1991,0.00031169249022189316,99457,jo_lx_derive
F,35,1991,0.0003419628668557273,99426,jo_lx_derive
F,36,1991,0.0003521410173856765,99392,jo_lx_derive
F,37,1991,0.00038245921273794004,99357,jo_lx_derive
F,38,1991,0.0004128112445755949,99319,jo_lx_derive
F,39,1991,0.00044319990330188297,99278,jo_lx_derive
F,40,1991,0.00048370518169171817,99234,jo_lx_derive
F,41,1991,0.000534349605791129,99186,jo_lx_derive
F,42,1991,0.0005850725792622136,99133,jo_lx_derive
F,43,1991,0.0006964420893262879,99075,jo_lx_derive
F,44,1991,0.0006969274589418983,99006,jo_lx_derive
F,45,1991,0.0007782730424411577,98937,jo_lx_derive
F,46,1991,0.0008294557960752957,98860,jo_lx_derive
F,47,1991,0.000890886634675736,98778,jo_lx_derive
F,48,1991,0.0009727429324146719,98690,jo_lx_derive
F,49,1991,0.0011055439479076279,98594,jo_lx_derive
F,50,1991,0.0011981520028431225,98485,jo_lx_derive
F,51,1991,0.001240253336993069,98367,jo_lx_derive
F,52,1991,0.0013028652857651757,98245,jo_lx_derive
F,53,1991,0.001345332613104766,98117,jo_lx_derive
F,54,1991,0.001367556258610958,97985,jo_lx_derive
F,55,1991,0.001389868269103034,97851,jo_lx_derive
F,56,1991,0.0014634395947398238,97715,jo_lx_derive
F,57,1991,0.0015373262821301026,97572,jo_lx_derive
F,58,1991,0.0015704871589579117,97422,jo_lx_derive
F,59,1991,0.0016140805395347124,97269,jo_lx_derive
F,60,1991,0.0016372847845785854,97112,jo_lx_derive
F,61,1991,0.0016605984342928926,96953,jo_lx_derive
F,62,1991,0.0016633606083147345,96792,jo_lx_derive
F,63,1991,0.0016868292783889238,96631,jo_lx_derive
F,64,1991,0.0017829746651739642,96468,jo_lx_derive
F,65,1991,0.00184846722605303,96296,jo_lx_derive
F,66,1991,0.001935121413262908,96118,jo_lx_derive
F,67,1991,0.0020326898219572564,95932,jo_lx_derive
F,68,1991,0.00213083760719468,95737,jo_lx_derive
F,69,1991,0.0022295960558131878,95533,jo_lx_derive
F,70,1991,0.002370960973562708,95320,jo_lx_derive
F,71,1991,0.0025027867163017747,95094,jo_lx_derive
F,72,1991,0.0026461162182677134,94856,jo_lx_derive
F,73,1991,0.00283283124570588,94605,jo_lx_derive
F,74,1991,0.0030316842808230104,94337,jo_lx_derive
F,75,1991,0.0032641864520313035,94051,jo_lx_derive
F,76,1991,0.003530892643795913,93744,jo_lx_derive
F,77,1991,0.0038538533180606516,93413,jo_lx_derive
F,78,1991,0.004234146131774419,93053,jo_lx_derive
F,79,1991,0.004683840749414525,92659,jo_lx_derive
F,80,1991,0.005237191650853901,92225,jo_lx_derive
F,81,1991,0.005907872076039378,91742,jo_lx_derive
F,82,1991,0.006765350877192988,91200,jo_lx_derive
F,83,1991,0.007816036121568115,90583,jo_lx_derive
F,84,1991,0.009168289290681475,89875,jo_lx_derive
F,85,1991,0.010892634557725378,89051,jo_lx_derive
F,86,1991,0.013124283330116615,88081,jo_lx_derive
F,87,1991,0.016002300834052297,86925,jo_lx_derive
F,88,1991,0.019582855940327826,85534,jo_lx_derive
F,89,1991,0.023933030443959558,83859,jo_lx_derive
F,90,1991,0.029089087621560816,81852,jo_lx_derive
F,91,1991,0.03484289866743839,79471,jo_lx_derive
F,92,1991,0.041081066986519255,76702,jo_lx_derive
F,93,1991,0.047436472651629535,73551,jo_lx_derive
F,94,1991,0.0542947674916503,70062,jo_lx_derive
F,95,1991,0.06162274744181839,66258,jo_lx_derive
F,96,1991,0.06941696823482102,62175,jo_lx_derive
F,97,1991,0.0776715809122176,57859,jo_lx_derive
F,98,1991,0.0864236859364752,53365,jo_lx_derive
F,99,1991,0.09560437306422165,48753,jo_lx_derive
F,100,1991,0.1052571895128368,44092,jo_lx_derive
F,101,1991,0.11533294466553445,39451,jo_lx_derive
F,102,1991,0.12589897137617834,34901,jo_lx_derive
F,103,1991,0.13691939554856258,30507,jo_lx_derive
F,104,1991,0.1483478921382454,26330,jo_lx_derive
F,105,1991,0.16018551551908666,22424,jo_lx_derive
F,106,1991,0.17252548853016147,18832,jo_lx_derive
F,107,1991,0.1853301674902137,15583,jo_lx_derive
F,108,1991,0.1984245766049626,12695,jo_lx_derive
F,109,1991,0.2120676100628931,10176,jo_lx_derive
F,110,1991,0.2261162384634572,8018,jo_lx_derive
F,111,1991,0.24061240934730055,6205,jo_lx_derive
F,112,1991,0.25551782682512736,4712,jo_lx_derive
F,113,1991,0.27080957810718354,3508,jo_lx_derive
F,114,1991,0.2865519937451134,2558,jo_lx_derive
F,115,1991,0.30246575342465754,1825,jo_lx_derive
F,116,1991,0.3197172034564022,1273,jo_lx_derive
F,117,1991,0.33602771362586603,866,jo_lx_derive
F,118,1991,0.35304347826086957,575,jo_lx_derive
F,119,1991,0.3709677419354839,372,jo_lx_derive
F,120,1991,1.0,234,fermeture_hypothese
F,4,1992,0.000140000000000029,100000,jo_lx_derive
F,5,1992,0.00011001540215627159,99986,jo_lx_derive
F,6,1992,0.00010002500625161392,99975,jo_lx_derive
F,7,1992,9.003151102882079e-05,99965,jo_lx_derive
F,8,1992,8.003521549482251e-05,99956,jo_lx_derive
F,9,1992,9.004682434865519e-05,99948,jo_lx_derive
F,10,1992,8.004882978618344e-05,99939,jo_lx_derive
F,11,1992,9.00621428785442e-05,99931,jo_lx_derive
F,12,1992,9.007025479879083e-05,99922,jo_lx_derive
F,13,1992,0.00010008707575592801,99913,jo_lx_derive
F,14,1992,0.00011010680359946345,99903,jo_lx_derive
F,15,1992,0.00013014055179594308,99892,jo_lx_derive
F,16,1992,0.00014016960522234,99879,jo_lx_derive
F,17,1992,0.0001802433284934235,99865,jo_lx_derive
F,18,1992,0.00020030646889745984,99847,jo_lx_derive
F,19,1992,0.00023039858955997694,99827,jo_lx_derive
F,20,1992,0.00024047132379467762,99804,jo_lx_derive
F,21,1992,0.00024052916416117398,99780,jo_lx_derive
F,22,1992,0.00024058703235896317,99756,jo_lx_derive
F,23,1992,0.00024064492840814022,99732,jo_lx_derive
F,24,1992,0.00024070285232880018,99708,jo_lx_derive
F,25,1992,0.00024076080414103807,99684,jo_lx_derive
F,26,1992,0.00025085289985948833,99660,jo_lx_derive
F,27,1992,0.00025091584282632695,99635,jo_lx_derive
F,28,1992,0.000261017970083377,99610,jo_lx_derive
F,29,1992,0.00026108611825192973,99584,jo_lx_derive
F,30,1992,0.0002711986982462111,99558,jo_lx_derive
F,31,1992,0.0002813193879294129,99531,jo_lx_derive
F,32,1992,0.00029144849904028103,99503,jo_lx_derive
F,33,1992,0.0003015863441703237,99474,jo_lx_derive
F,34,1992,0.00031173323679656306,99444,jo_lx_derive
F,35,1992,0.00034200758452118674,99413,jo_lx_derive
F,36,1992,0.00035218708177786606,99379,jo_lx_derive
F,37,1992,0.00038250926075056313,99344,jo_lx_derive
F,38,1992,0.0004027954000764833,99306,jo_lx_derive
F,39,1992,0.00044325348054718994,99266,jo_lx_derive
F,40,1992,0.00048376368144165127,99222,jo_lx_derive
F,41,1992,0.0005243309738439672,99174,jo_lx_derive
F,42,1992,0.0005952260850264901,99122,jo_lx_derive
F,43,1992,0.0006864318665898983,99063,jo_lx_derive
F,44,1992,0.0006970048992372968,98995,jo_lx_derive
F,45,1992,0.0007581424499120137,98926,jo_lx_derive
F,46,1992,0.0008295313148071193,98851,jo_lx_derive
F,47,1992,0.0008909678137877242,98769,jo_lx_derive
F,48,1992,0.0009626979864411078,98681,jo_lx_derive
F,49,1992,0.0010954902318787152,98586,jo_lx_derive
F,50,1992,0.001177928065151601,98478,jo_lx_derive
F,51,1992,0.0012301498546186673,98362,jo_lx_derive
F,52,1992,0.0012825602345253317,98241,jo_lx_derive
F,53,1992,0.0013249757937114914,98115,jo_lx_derive
F,54,1992,0.0013471449711690564,97985,jo_lx_derive
F,55,1992,0.0013694010403360046,97853,jo_lx_derive
F,56,1992,0.0014429128419243265,97719,jo_lx_derive
F,57,1992,0.0015064871179979455,97578,jo_lx_derive
F,58,1992,0.0015498147406882712,97431,jo_lx_derive
F,59,1992,0.0015830592105262609,97280,jo_lx_derive
F,60,1992,0.0016061610691266992,97126,jo_lx_derive
F,61,1992,0.0016293699082190471,96970,jo_lx_derive
F,62,1992,0.0016320290873031995,96812,jo_lx_derive
F,63,1992,0.001665735510170352,96654,jo_lx_derive
F,64,1992,0.001741058936917672,96493,jo_lx_derive
F,65,1992,0.0018167661562419335,96325,jo_lx_derive
F,66,1992,0.001892875715028608,96150,jo_lx_derive
F,67,1992,0.0019902467489163467,95968,jo_lx_derive
F,68,1992,0.0020881840107750405,95777,jo_lx_derive
F,69,1992,0.0021762557937579086,95577,jo_lx_derive
F,70,1992,0.0023173148507376062,95369,jo_lx_derive
F,71,1992,0.0024488165804851247,95148,jo_lx_derive
F,72,1992,0.002581256914081065,94915,jo_lx_derive
F,73,1992,0.002756945177986636,94670,jo_lx_derive
F,74,1992,0.0029552267262654697,94409,jo_lx_derive
F,75,1992,0.003187081695527505,94130,jo_lx_derive
F,76,1992,0.003442395822231714,93830,jo_lx_derive
F,77,1992,0.0037537296672975895,93507,jo_lx_derive
F,78,1992,0.0041113830563785925,93156,jo_lx_derive
F,79,1992,0.004559516238560768,92773,jo_lx_derive
F,80,1992,0.005100162425554999,92350,jo_lx_derive
F,81,1992,0.005757572459430316,91879,jo_lx_derive
F,82,1992,0.006590038314176261,91350,jo_lx_derive
F,83,1992,0.007614492881385826,90748,jo_lx_derive
F,84,1992,0.008927679136546907,90057,jo_lx_derive
F,85,1992,0.01063269581974835,89253,jo_lx_derive
F,86,1992,0.012830675847073758,88304,jo_lx_derive
F,87,1992,0.015635933968865756,87171,jo_lx_derive
F,88,1992,0.01917070669401455,85808,jo_lx_derive
F,89,1992,0.02345448712617182,84163,jo_lx_derive
F,90,1992,0.02853179865918798,82189,jo_lx_derive
F,91,1992,0.03422924703171182,79844,jo_lx_derive
F,92,1992,0.04037037517345121,77111,jo_lx_derive
F,93,1992,0.046676937214519265,73998,jo_lx_derive
F,94,1992,0.05345599909276477,70544,jo_lx_derive
F,95,1992,0.060728138618902805,66773,jo_lx_derive
F,96,1992,0.06844924901942029,62718,jo_lx_derive
F,97,1992,0.0766452717158751,58425,jo_lx_derive
F,98,1992,0.08530594843086736,53947,jo_lx_derive
F,99,1992,0.09443712635525381,49345,jo_lx_derive
F,100,1992,0.10401700794450042,44685,jo_lx_derive
F,101,1992,0.11404450882933281,40037,jo_lx_derive
F,102,1992,0.12452425925403854,35471,jo_lx_derive
F,103,1992,0.1354736909898886,31054,jo_lx_derive
F,104,1992,0.14683204827355012,26847,jo_lx_derive
F,105,1992,0.158611656843484,22905,jo_lx_derive
F,106,1992,0.1708696554586966,19272,jo_lx_derive
F,107,1992,0.1836159959947431,15979,jo_lx_derive
F,108,1992,0.19662706017631282,13045,jo_lx_derive
F,109,1992,0.21030534351145036,10480,jo_lx_derive
F,110,1992,0.22414209763170612,8276,jo_lx_derive
F,111,1992,0.2385921196075378,6421,jo_lx_derive
F,112,1992,0.2534260584986705,4889,jo_lx_derive
F,113,1992,0.2687671232876713,3650,jo_lx_derive
F,114,1992,0.2843761708505058,2669,jo_lx_derive
F,115,1992,0.30052356020942406,1910,jo_lx_derive
F,116,1992,0.3166167664670658,1336,jo_lx_derive
F,117,1992,0.33406352683461116,913,jo_lx_derive
F,118,1992,0.350328947368421,608,jo_lx_derive
F,119,1992,0.36962025316455693,395,jo_lx_derive
F,120,1992,1.0,249,fermeture_hypothese
F,3,1993,0.00021000000000004349,100000,jo_lx_derive
F,4,1993,0.00014002940617530157,99979,jo_lx_derive
F,5,1993,0.00011003851347968219,99965,jo_lx_derive
F,6,1993,0.00010004602116975292,99954,jo_lx_derive
F,7,1993,9.005042823984066e-05,99944,jo_lx_derive
F,8,1993,8.005203382199788e-05,99935,jo_lx_derive
F,9,1993,8.005844266312234e-05,99927,jo_lx_derive
F,10,1993,9.00729590969096e-05,99919,jo_lx_derive
F,11,1993,8.007206485838303e-05,99910,jo_lx_derive
F,12,1993,9.008828652079526e-05,99902,jo_lx_derive
F,13,1993,0.00010010711461261312,99893,jo_lx_derive
F,14,1993,0.00011012885075534218,99883,jo_lx_derive
F,15,1993,0.00013016661326492596,99872,jo_lx_derive
F,16,1993,0.00015021179863605738,99859,jo_lx_derive
F,17,1993,0.00017026561435840026,99844,jo_lx_derive
F,18,1993,0.0002103639295981674,99827,jo_lx_derive
F,19,1993,0.00022042762960139406,99806,jo_lx_derive
F,20,1993,0.0002405195221678591,99784,jo_lx_derive
F,21,1993,0.0002405773857256932,99760,jo_lx_derive
F,22,1993,0.0002406352771315845,99736,jo_lx_derive
F,23,1993,0.00024069319640562803,99712,jo_lx_derive
F,24,1993,0.00024075114356791882,99688,jo_lx_derive
F,25,1993,0.00024080911863866294,99664,jo_lx_derive
F,26,1993,0.00025090325170618044,99640,jo_lx_derive
F,27,1993,0.0002509662199468021,99615,jo_lx_derive
F,28,1993,0.00026107038859324305,99590,jo_lx_derive
F,29,1993,0.0002611385641396735,99564,jo_lx_derive
F,30,1993,0.0002712531897365311,99538,jo_lx_derive
F,31,1993,0.0002813759282893624,99511,jo_lx_derive
F,32,1993,0.00028145512298582975,99483,jo_lx_derive
F,33,1993,0.00030164395957965606,99455,jo_lx_derive
F,34,1993,0.00032185064118683826,99425,jo_lx_derive
F,35,1993,0.00033201533307170017,99393,jo_lx_derive
F,36,1993,0.0003522544283414142,99360,jo_lx_derive
F,37,1993,0.0003825824314119819,99325,jo_lx_derive
F,38,1993,0.00040287248078796356,99287,jo_lx_derive
F,39,1993,0.00044333833768273045,99247,jo_lx_derive
F,40,1993,0.0004838563349898184,99203,jo_lx_derive
F,41,1993,0.0005244314457163446,99155,jo_lx_derive
F,42,1993,0.0005751591778251353,99103,jo_lx_derive
F,43,1993,0.0006865496839851826,99046,jo_lx_derive
F,44,1993,0.000687021358281692,98978,jo_lx_derive
F,45,1993,0.0007683752906683106,98910,jo_lx_derive
F,46,1993,0.0008195560232309163,98834,jo_lx_derive
F,47,1993,0.0008809858940994619,98753,jo_lx_derive
F,48,1993,0.0009527091399266219,98666,jo_lx_derive
F,49,1993,0.0010753560848922872,98572,jo_lx_derive
F,50,1993,0.0011780716186298168,98466,jo_lx_derive
F,51,1993,0.001209964412811404,98350,jo_lx_derive
F,52,1993,0.00126233062882386,98231,jo_lx_derive
F,53,1993,0.0013148908844424767,98107,jo_lx_derive
F,54,1993,0.001316622098838538,97978,jo_lx_derive
F,55,1993,0.0013490173634886915,97849,jo_lx_derive
F,56,1993,0.0014224751066855834,97717,jo_lx_derive
F,57,1993,0.00148599069462374,97578,jo_lx_derive
F,58,1993,0.001518992538462327,97433,jo_lx_derive
F,59,1993,0.001552140617772535,97285,jo_lx_derive
F,60,1993,0.001585438672349504,97134,jo_lx_derive
F,61,1993,0.0015982676840585741,96980,jo_lx_derive
F,62,1993,0.0016111541440743116,96825,jo_lx_derive
F,63,1993,0.0016240987286513242,96669,jo_lx_derive
F,64,1993,0.0017096319628646661,96512,jo_lx_derive
F,65,1993,0.0017748347120304375,96347,jo_lx_derive
F,66,1993,0.0018611711861586944,96176,jo_lx_derive
F,67,1993,0.0019479775409648736,95997,jo_lx_derive
F,68,1993,0.0020457154785512577,95810,jo_lx_derive
F,69,1993,0.002133578764616062,95614,jo_lx_derive
F,70,1993,0.0022639136358871825,95410,jo_lx_derive
F,71,1993,0.00238460407168517,95194,jo_lx_derive
F,72,1993,0.0025166636831741585,94967,jo_lx_derive
F,73,1993,0.0027024744531711775,94728,jo_lx_derive
F,74,1993,0.002879159962740241,94472,jo_lx_derive
F,75,1993,0.003099787685774902,94200,jo_lx_derive
F,76,1993,0.0033436980874899103,93908,jo_lx_derive
F,77,1993,0.0036647648353527185,93594,jo_lx_derive
F,78,1993,0.00399995710501766,93251,jo_lx_derive
F,79,1993,0.004435926699541293,92878,jo_lx_derive
F,80,1993,0.004963986762701933,92466,jo_lx_derive
F,81,1993,0.0056082689360592575,92007,jo_lx_derive
F,82,1993,0.006415931621689519,91491,jo_lx_derive
F,83,1993,0.007414415207251612,90904,jo_lx_derive
F,84,1993,0.008711071705641116,90230,jo_lx_derive
F,85,1993,0.010375206833325934,89444,jo_lx_derive
F,86,1993,0.012517510958470757,88516,jo_lx_derive
F,87,1993,0.01529608273842209,87408,jo_lx_derive
F,88,1993,0.01876357890578706,86071,jo_lx_derive
F,89,1993,0.022994221843326668,84456,jo_lx_derive
F,90,1993,0.02798313013549214,82514,jo_lx_derive
F,91,1993,0.03362633252291003,80205,jo_lx_derive
F,92,1993,0.039673324043969616,77508,jo_lx_derive
F,93,1993,0.045920492254779455,74433,jo_lx_derive
F,94,1993,0.05263676688023655,71015,jo_lx_derive
F,95,1993,0.059842145161050575,67277,jo_lx_derive
F,96,1993,0.06749300406317682,63251,jo_lx_derive
F,97,1993,0.07563324404055471,58982,jo_lx_derive
F,98,1993,0.08422442728489943,54521,jo_lx_derive
F,99,1993,0.09329247531494722,49929,jo_lx_derive
F,100,1993,0.1027810297983256,45271,jo_lx_derive
F,101,1993,0.11275789059037866,40618,jo_lx_derive
F,102,1993,0.12317553693323713,36038,jo_lx_derive
F,103,1993,0.13402322858318305,31599,jo_lx_derive
F,104,1993,0.14533693904399947,27364,jo_lx_derive
F,105,1993,0.15709582246547227,23387,jo_lx_derive
F,106,1993,0.16922842794095272,19713,jo_lx_derive
F,107,1993,0.18190144715149292,16377,jo_lx_derive
F,108,1993,0.19495447081653983,13398,jo_lx_derive
F,109,1993,0.20832560726868166,10786,jo_lx_derive
F,110,1993,0.2223913807237381,8539,jo_lx_derive
F,111,1993,0.23659638554216866,6640,jo_lx_derive
F,112,1993,0.2513316235943973,5069,jo_lx_derive
F,113,1993,0.2666666666666667,3795,jo_lx_derive
F,114,1993,0.2820697089471793,2783,jo_lx_derive
F,115,1993,0.29829829829829835,1998,jo_lx_derive
F,116,1993,0.31455064194008564,1402,jo_lx_derive
F,117,1993,0.331945889698231,961,jo_lx_derive
F,118,1993,0.3489096573208723,642,jo_lx_derive
F,119,1993,0.36602870813397126,418,jo_lx_derive
F,120,1993,1.0,265,fermeture_hypothese
F,2,1994,0.00036000000000002697,100000,jo_lx_derive
F,3,1994,0.00021007562722574757,99964,jo_lx_derive
F,4,1994,0.0001400798455118979,99943,jo_lx_derive
F,5,1994,0.00012008526053497448,99929,jo_lx_derive
F,6,1994,9.007476205247222e-05,99917,jo_lx_derive
F,7,1994,9.008287624612255e-05,99908,jo_lx_derive
F,8,1994,8.008088169053629e-05,99899,jo_lx_derive
F,9,1994,9.009820704564131e-05,99891,jo_lx_derive
F,10,1994,8.009451152357627e-05,99882,jo_lx_derive
F,11,1994,8.010092716825845e-05,99874,jo_lx_derive
F,12,1994,0.00010013417980092587,99866,jo_lx_derive
F,13,1994,0.00010014420765902532,99856,jo_lx_derive
F,14,1994,0.00011016966127841421,99846,jo_lx_derive
F,15,1994,0.00012019832723997315,99835,jo_lx_derive
F,16,1994,0.00015026597076828185,99823,jo_lx_derive
F,17,1994,0.00018034626482843485,99808,jo_lx_derive
F,18,1994,0.00020042088385607837,99790,jo_lx_derive
F,19,1994,0.00022050716648291946,99770,jo_lx_derive
F,20,1994,0.00024060632794642434,99748,jo_lx_derive
F,21,1994,0.00024066423328383824,99724,jo_lx_derive
F,22,1994,0.0002407221664995074,99700,jo_lx_derive
F,23,1994,0.00024078012761341583,99676,jo_lx_derive
F,24,1994,0.00024083811664588062,99652,jo_lx_derive
F,25,1994,0.00024089613361710782,99628,jo_lx_derive
F,26,1994,0.00025099393598648767,99604,jo_lx_derive
F,27,1994,0.0002510569497584658,99579,jo_lx_derive
F,28,1994,0.0002511199951784615,99554,jo_lx_derive
F,29,1994,0.00026123039516123825,99529,jo_lx_derive
F,30,1994,0.0002713486025547329,99503,jo_lx_derive
F,31,1994,0.0002814749286259577,99476,jo_lx_derive
F,32,1994,0.0002916096854637118,99448,jo_lx_derive
F,33,1994,0.00030175318601066703,99419,jo_lx_derive
F,34,1994,0.00031190574409645233,99389,jo_lx_derive
F,35,1994,0.0003321322892972933,99358,jo_lx_derive
F,36,1994,0.00035237855524794526,99325,jo_lx_derive
F,37,1994,0.0003827172927787226,99290,jo_lx_derive
F,38,1994,0.00040301454882518684,99252,jo_lx_derive
F,39,1994,0.0004334153126638318,99212,jo_lx_derive
F,40,1994,0.00048402222468713063,99169,jo_lx_derive
F,41,1994,0.0005145226541297676,99121,jo_lx_derive
F,42,1994,0.0005854446351064579,99070,jo_lx_derive
F,43,1994,0.0006766856542641531,99012,jo_lx_derive
F,44,1994,0.0006872504926979106,98945,jo_lx_derive
F,45,1994,0.0007585181589246925,98877,jo_lx_derive
F,46,1994,0.0008097002084977989,98802,jo_lx_derive
F,47,1994,0.0008711330807722462,98722,jo_lx_derive
F,48,1994,0.0009428606188409683,98636,jo_lx_derive
F,49,1994,0.001075672549039508,98543,jo_lx_derive
F,50,1994,0.0011581011205136216,98437,jo_lx_derive
F,51,1994,0.0011899555546515117,98323,jo_lx_derive
F,52,1994,0.0012422866219986561,98206,jo_lx_derive
F,53,1994,0.0012948085314627988,98084,jo_lx_derive
F,54,1994,0.001306695795093793,97957,jo_lx_derive
F,55,1994,0.0013288493187091355,97829,jo_lx_derive
F,56,1994,0.0014022661439727635,97699,jo_lx_derive
F,57,1994,0.0014554847174104157,97562,jo_lx_derive
F,58,1994,0.0014884007390679743,97420,jo_lx_derive
F,59,1994,0.0015317399126189013,97275,jo_lx_derive
F,60,1994,0.0015546815476803477,97126,jo_lx_derive
F,61,1994,0.001567414282031443,96975,jo_lx_derive
F,62,1994,0.0015802030509279863,96823,jo_lx_derive
F,63,1994,0.0016033929864487373,96670,jo_lx_derive
F,64,1994,0.0016784955706367066,96515,jo_lx_derive
F,65,1994,0.0017435886791278277,96353,jo_lx_derive
F,66,1994,0.0018194105109944347,96185,jo_lx_derive
F,67,1994,0.0019060514529736228,96010,jo_lx_derive
F,68,1994,0.0019931752011437265,95827,jo_lx_derive
F,69,1994,0.0020912627044209486,95636,jo_lx_derive
F,70,1994,0.002210905737876745,95436,jo_lx_derive
F,71,1994,0.002331320556576477,95225,jo_lx_derive
F,72,1994,0.0024630801132595748,95003,jo_lx_derive
F,73,1994,0.002627441462925595,94769,jo_lx_derive
F,74,1994,0.0028036394413880616,94520,jo_lx_derive
F,75,1994,0.0030237122699060537,94255,jo_lx_derive
F,76,1994,0.0032563584122592415,93970,jo_lx_derive
F,77,1994,0.0035659378202937964,93664,jo_lx_derive
F,78,1994,0.0039001392906889976,93330,jo_lx_derive
F,79,1994,0.004324161521416459,92966,jo_lx_derive
F,80,1994,0.00482909122336983,92564,jo_lx_derive
F,81,1994,0.005460447040177119,92117,jo_lx_derive
F,82,1994,0.006243587224660008,91614,jo_lx_derive
F,83,1994,0.007227433492234314,91042,jo_lx_derive
F,84,1994,0.00848601522393344,90384,jo_lx_derive
F,85,1994,0.010120847607038796,89617,jo_lx_derive
F,86,1994,0.012230864615037751,88710,jo_lx_derive
F,87,1994,0.01495007132667614,87625,jo_lx_derive
F,88,1994,0.018362972832068558,86315,jo_lx_derive
F,89,1994,0.02253039065266138,84730,jo_lx_derive
F,90,1994,0.027468878666038754,82821,jo_lx_derive
F,91,1994,0.03301219179102621,80546,jo_lx_derive
F,92,1994,0.03900522551902119,77887,jo_lx_derive
F,93,1994,0.04517094416759071,74849,jo_lx_derive
F,94,1994,0.05182739128001346,71468,jo_lx_derive
F,95,1994,0.058969364264211066,67764,jo_lx_derive
F,96,1994,0.06655375737046798,63768,jo_lx_derive
F,97,1994,0.07462536119884411,59524,jo_lx_derive
F,98,1994,0.08316691478159832,55082,jo_lx_derive
F,99,1994,0.09213678937050751,50501,jo_lx_derive
F,100,1994,0.10159658000348981,45848,jo_lx_derive
F,101,1994,0.11148336974993933,41190,jo_lx_derive
F,102,1994,0.12183725886660468,36598,jo_lx_derive
F,103,1994,0.1326425837767199,32139,jo_lx_derive
F,104,1994,0.14385134165590474,27876,jo_lx_derive
F,105,1994,0.15553507081203388,23866,jo_lx_derive
F,106,1994,0.1676590255036221,20154,jo_lx_derive
F,107,1994,0.18020864381520119,16775,jo_lx_derive
F,108,1994,0.19320826061663754,13752,jo_lx_derive
F,109,1994,0.20657954033348358,11095,jo_lx_derive
F,110,1994,0.22049301374531405,8803,jo_lx_derive
F,111,1994,0.23462547362285047,6862,jo_lx_derive
F,112,1994,0.24942878903274945,5252,jo_lx_derive
F,113,1994,0.2645865043125317,3942,jo_lx_derive
F,114,1994,0.28009658502932044,2899,jo_lx_derive
F,115,1994,0.2961188308576904,2087,jo_lx_derive
F,116,1994,0.3124574540503744,1469,jo_lx_derive
F,117,1994,0.32871287128712867,1010,jo_lx_derive
F,118,1994,0.3466076696165191,678,jo_lx_derive
F,119,1994,0.363431151241535,443,jo_lx_derive
F,120,1994,1.0,282,fermeture_hypothese
F,1,1995,0.0008200000000000429,100000,jo_lx_derive
F,2,1995,0.00037030364899215407,99918,jo_lx_derive
F,3,1995,0.00021025019773535103,99881,jo_lx_derive
F,4,1995,0.00014019627478467633,99860,jo_lx_derive
F,5,1995,0.00011016966127841421,99846,jo_lx_derive
F,6,1995,0.00010016527269995912,99835,jo_lx_derive
F,7,1995,8.014024542946085e-05,99825,jo_lx_derive
F,8,1995,9.016500195357935e-05,99817,jo_lx_derive
F,9,1995,8.015389547932905e-05,99808,jo_lx_derive
F,10,1995,8.016032064128709e-05,99800,jo_lx_derive
F,11,1995,9.018759018764033e-05,99792,jo_lx_derive
F,12,1995,9.019572472268589e-05,99783,jo_lx_derive
F,13,1995,0.00010022651191687881,99774,jo_lx_derive
F,14,1995,0.00011026021410531772,99764,jo_lx_derive
F,15,1995,0.0001303218950808871,99753,jo_lx_derive
F,16,1995,0.00014036494886704443,99740,jo_lx_derive
F,17,1995,0.0001804945550809567,99726,jo_lx_derive
F,18,1995,0.00020058571027403715,99708,jo_lx_derive
F,19,1995,0.00023071984591926942,99688,jo_lx_derive
F,20,1995,0.00023077308985097744,99665,jo_lx_derive
F,21,1995,0.00024086228698738665,99642,jo_lx_derive
F,22,1995,0.00024092031560563054,99618,jo_lx_derive
F,23,1995,0.00024097837219105855,99594,jo_lx_derive
F,24,1995,0.0002410364567640988,99570,jo_lx_derive
F,25,1995,0.0002410945693448463,99546,jo_lx_derive
F,26,1995,0.00024115270995361815,99522,jo_lx_derive
F,27,1995,0.0002512613318860213,99498,jo_lx_derive
F,28,1995,0.00026137745921006594,99473,jo_lx_derive
F,29,1995,0.0002614457952476723,99447,jo_lx_derive
F,30,1995,0.0002715724042204881,99421,jo_lx_derive
F,31,1995,0.0002716461758255351,99394,jo_lx_derive
F,32,1995,0.00029184739400400783,99367,jo_lx_derive
F,33,1995,0.00030199923493523517,99338,jo_lx_derive
F,34,1995,0.00031216014822577076,99308,jo_lx_derive
F,35,1995,0.0003324032756831796,99277,jo_lx_derive
F,36,1995,0.0003526661561403799,99244,jo_lx_derive
F,37,1995,0.00037295003477511024,99209,jo_lx_derive
F,38,1995,0.0004033396523211996,99172,jo_lx_derive
F,39,1995,0.0004337650809022042,99132,jo_lx_derive
F,40,1995,0.0004743210649011953,99089,jo_lx_derive
F,41,1995,0.0005250297853436336,99042,jo_lx_derive
F,42,1995,0.000575815738963481,98990,jo_lx_derive
F,43,1995,0.0006772260014352716,98933,jo_lx_derive
F,44,1995,0.0006776849473023594,98866,jo_lx_derive
F,45,1995,0.0007489954351764805,98799,jo_lx_derive
F,46,1995,0.0008002025829323411,98725,jo_lx_derive
F,47,1995,0.0008718042292642503,98646,jo_lx_derive
F,48,1995,0.0009334415584415501,98560,jo_lx_derive
F,49,1995,0.001056180688142394,98468,jo_lx_derive
F,50,1995,0.0011487942743280133,98364,jo_lx_derive
F,51,1995,0.0011806495608187584,98251,jo_lx_derive
F,52,1995,0.0012228053192031574,98135,jo_lx_derive
F,53,1995,0.0012753150028056437,98015,jo_lx_derive
F,54,1995,0.0012871590560833424,97890,jo_lx_derive
F,55,1995,0.0013092753978969363,97764,jo_lx_derive
F,56,1995,0.0013826867139169474,97636,jo_lx_derive
F,57,1995,0.0014358827088952753,97501,jo_lx_derive
F,58,1995,0.0014584895389324615,97361,jo_lx_derive
F,59,1995,0.0015017640584659153,97219,jo_lx_derive
F,60,1995,0.0015246257970805699,97073,jo_lx_derive
F,61,1995,0.0015475883415011493,96925,jo_lx_derive
F,62,1995,0.0015499870834410068,96775,jo_lx_derive
F,63,1995,0.0015730918499353708,96625,jo_lx_derive
F,64,1995,0.0016377639339504313,96473,jo_lx_derive
F,65,1995,0.0017131287961377195,96315,jo_lx_derive
F,66,1995,0.0017888715548621814,96150,jo_lx_derive
F,67,1995,0.0018545916772593207,95978,jo_lx_derive
F,68,1995,0.0019624217118997533,95800,jo_lx_derive
F,69,1995,0.0020394929506756254,95612,jo_lx_derive
F,70,1995,0.002158944422901543,95417,jo_lx_derive
F,71,1995,0.002279148417724808,95211,jo_lx_derive
F,72,1995,0.00240015158852136,94994,jo_lx_derive
F,73,1995,0.0025642107929003677,94766,jo_lx_derive
F,74,1995,0.0027294944087682405,94523,jo_lx_derive
F,75,1995,0.0029491327640163156,94265,jo_lx_derive
F,76,1995,0.0031812910296105112,93987,jo_lx_derive
F,77,1995,0.0034582870805225374,93688,jo_lx_derive
F,78,1995,0.003802322094169086,93364,jo_lx_derive
F,79,1995,0.004203894246793349,93009,jo_lx_derive
F,80,1995,0.0046967112224405305,92618,jo_lx_derive
F,81,1995,0.005315513706431796,92183,jo_lx_derive
F,82,1995,0.006085524522046359,91693,jo_lx_derive
F,83,1995,0.007044494431338144,91135,jo_lx_derive
F,84,1995,0.008276883294840442,90493,jo_lx_derive
F,85,1995,0.009872526297022621,89744,jo_lx_derive
F,86,1995,0.01194039928875279,88858,jo_lx_derive
F,87,1995,0.014613255578208806,87797,jo_lx_derive
F,88,1995,0.017985528353792413,86514,jo_lx_derive
F,89,1995,0.022081499093669854,84958,jo_lx_derive
F,90,1995,0.026937242724055732,83082,jo_lx_derive
F,91,1995,0.032420464103705915,80844,jo_lx_derive
F,92,1995,0.038326323459851985,78223,jo_lx_derive
F,93,1995,0.044453306746427335,75225,jo_lx_derive
F,94,1995,0.05102878368414465,71881,jo_lx_derive
F,95,1995,0.05811209007080764,68213,jo_lx_derive
F,96,1995,0.0656352628056468,64249,jo_lx_derive
F,97,1995,0.07364405650319827,60032,jo_lx_derive
F,98,1995,0.08210605815396232,55611,jo_lx_derive
F,99,1995,0.091017729454403,51045,jo_lx_derive
F,100,1995,0.10041164680273285,46399,jo_lx_derive
F,101,1995,0.11022999520843313,41740,jo_lx_derive
F,102,1995,0.12052020786774009,37139,jo_lx_derive
F,103,1995,0.13124942595597466,32663,jo_lx_derive
F,104,1995,0.14240907809416403,28376,jo_lx_derive
F,105,1995,0.15401684816108485,24335,jo_lx_derive
F,106,1995,0.16607567882644392,20587,jo_lx_derive
F,107,1995,0.17858807082945016,17168,jo_lx_derive
F,108,1995,0.1914622039427032,14102,jo_lx_derive
F,109,1995,0.20487633748465184,11402,jo_lx_derive
F,110,1995,0.21861901610412526,9066,jo_lx_derive
F,111,1995,0.23277809147374362,7084,jo_lx_derive
F,112,1995,0.24747010119595214,5435,jo_lx_derive
F,113,1995,0.2623471882640587,4090,jo_lx_derive
F,114,1995,0.27809081869406693,3017,jo_lx_derive
F,115,1995,0.29384756657483935,2178,jo_lx_derive
F,116,1995,0.31014304291287387,1538,jo_lx_derive
F,117,1995,0.32704995287464655,1061,jo_lx_derive
F,118,1995,0.3445378151260504,714,jo_lx_derive
F,119,1995,0.36111111111111116,468,jo_lx_derive
F,120,1995,1.0,299,fermeture_hypothese
F,0,1996,0.0026199999999999557,100000,jo_lx_derive
F,1,1996,0.0008321803124184957,99738,jo_lx_derive
F,2,1996,0.00036124629973410816,99655,jo_lx_derive
F,3,1996,0.00021080316003974087,99619,jo_lx_derive
F,4,1996,0.00014056507158777265,99598,jo_lx_derive
F,5,1996,0.00011045951156807288,99584,jo_lx_derive
F,6,1996,0.00010042883110883416,99573,jo_lx_derive
F,7,1996,8.035113445759023e-05,99563,jo_lx_derive
F,8,1996,9.040229019130486e-05,99555,jo_lx_derive
F,9,1996,8.036485644824509e-05,99546,jo_lx_derive
F,10,1996,8.037131547755649e-05,99538,jo_lx_derive
F,11,1996,8.037777554503744e-05,99530,jo_lx_derive
F,12,1996,0.00010048029581399831,99522,jo_lx_derive
F,13,1996,9.044135380653628e-05,99512,jo_lx_derive
F,14,1996,0.00011054943067045908,99503,jo_lx_derive
F,15,1996,0.00013066377196158108,99492,jo_lx_derive
F,16,1996,0.00015078559293923988,99479,jo_lx_derive
F,17,1996,0.00017091611035147114,99464,jo_lx_derive
F,18,1996,0.00020111215019058548,99447,jo_lx_derive
F,19,1996,0.00023132549508686484,99427,jo_lx_derive
F,20,1996,0.00023137901895298185,99404,jo_lx_derive
F,21,1996,0.00024149485314095553,99381,jo_lx_derive
F,22,1996,0.0002415531869923715,99357,jo_lx_derive
F,23,1996,0.0002315444011556922,99333,jo_lx_derive
F,24,1996,0.00024166750578991092,99310,jo_lx_derive
F,25,1996,0.00024172592309090746,99286,jo_lx_derive
F,26,1996,0.0002518587173339082,99262,jo_lx_derive
F,27,1996,0.0002519221661275717,99237,jo_lx_derive
F,28,1996,0.00025198564689754566,99212,jo_lx_derive
F,29,1996,0.0002621311260547765,99187,jo_lx_derive
F,30,1996,0.00027228446667537654,99161,jo_lx_derive
F,31,1996,0.0002723586256985211,99134,jo_lx_derive
F,32,1996,0.00029261303439720443,99107,jo_lx_derive
F,33,1996,0.00029269868184667036,99078,jo_lx_derive
F,34,1996,0.0003129764056174489,99049,jo_lx_derive
F,35,1996,0.0003332727382899803,99018,jo_lx_derive
F,36,1996,0.00035358892761527816,98985,jo_lx_derive
F,37,1996,0.0003739262253663611,98950,jo_lx_derive
F,38,1996,0.00040439578215201166,98913,jo_lx_derive
F,39,1996,0.0004247873534736213,98873,jo_lx_derive
F,40,1996,0.0004755592880776316,98831,jo_lx_derive
F,41,1996,0.0005162779397472894,98784,jo_lx_derive
F,42,1996,0.0005773145756737819,98733,jo_lx_derive
F,43,1996,0.0006688556487899344,98676,jo_lx_derive
F,44,1996,0.0006794442754284313,98610,jo_lx_derive
F,45,1996,0.0007407933592441518,98543,jo_lx_derive
F,46,1996,0.0008022748045090067,98470,jo_lx_derive
F,47,1996,0.000853736622252077,98391,jo_lx_derive
F,48,1996,0.0009256716205356952,98307,jo_lx_derive
F,49,1996,0.0010487089679889205,98216,jo_lx_derive
F,50,1996,0.0011313485470834106,98113,jo_lx_derive
F,51,1996,0.0011632415664986073,98002,jo_lx_derive
F,52,1996,0.001205459300424927,97888,jo_lx_derive
F,53,1996,0.0012580546179810081,97770,jo_lx_derive
F,54,1996,0.0012698802830604095,97647,jo_lx_derive
F,55,1996,0.0012920029121334942,97523,jo_lx_derive
F,56,1996,0.0013552778833023638,97397,jo_lx_derive
F,57,1996,0.001408523106975812,97265,jo_lx_derive
F,58,1996,0.0014413969195288256,97128,jo_lx_derive
F,59,1996,0.001474409205262539,96988,jo_lx_derive
F,60,1996,0.0014972378543032239,96845,jo_lx_derive
F,61,1996,0.0015098241985522787,96700,jo_lx_derive
F,62,1996,0.0015224641133458894,96554,jo_lx_derive
F,63,1996,0.0015455309261775962,96407,jo_lx_derive
F,64,1996,0.0016206445178582607,96258,jo_lx_derive
F,65,1996,0.0016648977128467246,96102,jo_lx_derive
F,66,1996,0.0017510579308331886,95942,jo_lx_derive
F,67,1996,0.0018272182429469597,95774,jo_lx_derive
F,68,1996,0.0019142459649159616,95599,jo_lx_derive
F,69,1996,0.0019912802884212155,95416,jo_lx_derive
F,70,1996,0.0021107680675446217,95226,jo_lx_derive
F,71,1996,0.0022204682978164136,95025,jo_lx_derive
F,72,1996,0.002351973337270885,94814,jo_lx_derive
F,73,1996,0.0024949519510313323,94591,jo_lx_derive
F,74,1996,0.0026707646653595374,94355,jo_lx_derive
F,75,1996,0.002869196518708206,94103,jo_lx_derive
F,76,1996,0.003090597124678962,93833,jo_lx_derive
F,77,1996,0.003378125567920609,93543,jo_lx_derive
F,78,1996,0.0036899181567571215,93227,jo_lx_derive
F,79,1996,0.0041019346920319055,92883,jo_lx_derive
F,80,1996,0.004572874100019497,92502,jo_lx_derive
F,81,1996,0.005169474038597244,92079,jo_lx_derive
F,82,1996,0.005927753457856233,91603,jo_lx_derive
F,83,1996,0.006863606413353818,91060,jo_lx_derive
F,84,1996,0.008061038314811753,90435,jo_lx_derive
F,85,1996,0.009631462778409428,89706,jo_lx_derive
F,86,1996,0.011672407194795231,88842,jo_lx_derive
F,87,1996,0.014293035704117107,87805,jo_lx_derive
F,88,1996,0.017596764875794313,86550,jo_lx_derive
F,89,1996,0.02162842391240427,85027,jo_lx_derive
F,90,1996,0.026434101072270066,83188,jo_lx_derive
F,91,1996,0.03184383064366769,80989,jo_lx_derive
F,92,1996,0.03767376610126261,78410,jo_lx_derive
F,93,1996,0.043720843935538545,75456,jo_lx_derive
F,94,1996,0.0502515348476239,72157,jo_lx_derive
F,95,1996,0.05725875880988163,68531,jo_lx_derive
F,96,1996,0.06472982803720961,64607,jo_lx_derive
F,97,1996,0.07266859743483656,60425,jo_lx_derive
F,98,1996,0.08105792911446619,56034,jo_lx_derive
F,99,1996,0.08993630078458792,51492,jo_lx_derive
F,100,1996,0.09922963658479333,46861,jo_lx_derive
F,101,1996,0.10900002369050721,42211,jo_lx_derive
F,102,1996,0.11922361074182397,37610,jo_lx_derive
F,103,1996,0.12989796534444242,33126,jo_lx_derive
F,104,1996,0.14096381362106647,28823,jo_lx_derive
F,105,1996,0.15254442649434574,24760,jo_lx_derive
F,106,1996,0.16451413048658436,20983,jo_lx_derive
F,107,1996,0.1769436997319035,17531,jo_lx_derive
F,108,1996,0.18982604477094744,14429,jo_lx_derive
F,109,1996,0.20307955517536358,11690,jo_lx_derive
F,110,1996,0.21672391584370976,9316,jo_lx_derive
F,111,1996,0.23091681512950524,7297,jo_lx_derive
F,112,1996,0.2455452601568069,5612,jo_lx_derive
F,113,1996,0.2605101558809636,4234,jo_lx_derive
F,114,1996,0.2759501756627276,3131,jo_lx_derive
F,115,1996,0.2915747684164094,2267,jo_lx_derive
F,116,1996,0.3082191780821918,1606,jo_lx_derive
F,117,1996,0.32493249324932494,1111,jo_lx_derive
F,118,1996,0.3413333333333334,750,jo_lx_derive
F,119,1996,0.36032388663967607,494,jo_lx_derive
F,120,1996,1.0,316,fermeture_hypothese
F,0,1997,0.002610000000000001,100000,jo_lx_derive
F,1,1997,0.0008321719688386686,99739,jo_lx_derive
F,2,1997,0.0003612426748013098,99656,jo_lx_derive
F,3,1997,0.00021080104396709043,99620,jo_lx_derive
F,4,1997,0.00014056366027770384,99599,jo_lx_derive
F,5,1997,0.0001104584023697841,99585,jo_lx_derive
F,6,1997,0.00010042782252395188,99574,jo_lx_derive
F,7,1997,8.035032742759185e-05,99564,jo_lx_derive
F,8,1997,9.040138213667337e-05,99556,jo_lx_derive
F,9,1997,8.036404914257833e-05,99547,jo_lx_derive
F,10,1997,8.037050804210466e-05,99539,jo_lx_derive
F,11,1997,9.042408897730336e-05,99531,jo_lx_derive
F,12,1997,9.043226623262068e-05,99522,jo_lx_derive
F,13,1997,9.044044496697712e-05,99513,jo_lx_derive
F,14,1997,0.0001205981669079037,99504,jo_lx_derive
F,15,1997,0.00012061271257990391,99492,jo_lx_derive
F,16,1997,0.00015078407720148235,99480,jo_lx_derive
F,17,1997,0.00017091439199723446,99465,jo_lx_derive
F,18,1997,0.00020111012790602345,99448,jo_lx_derive
F,19,1997,0.00023132316852392254,99428,jo_lx_derive
F,20,1997,0.00023137669131334526,99405,jo_lx_derive
F,21,1997,0.0002414924231751714,99382,jo_lx_derive
F,22,1997,0.00023148614102541654,99358,jo_lx_derive
F,23,1997,0.00024160668445161182,99335,jo_lx_derive
F,24,1997,0.00024166507234846257,99311,jo_lx_derive
F,25,1997,0.00024172348847284475,99287,jo_lx_derive
F,26,1997,0.0002518561800469721,99263,jo_lx_derive
F,27,1997,0.0002418428424595387,99238,jo_lx_derive
F,28,1997,0.0002620597899489763,99214,jo_lx_derive
F,29,1997,0.0002520466185426118,99188,jo_lx_derive
F,30,1997,0.00027227897502091203,99163,jo_lx_derive
F,31,1997,0.0002723531310523386,99136,jo_lx_derive
F,32,1997,0.00029260712952405843,99109,jo_lx_derive
F,33,1997,0.00030278562777552587,99080,jo_lx_derive
F,34,1997,0.00031297324583545727,99050,jo_lx_derive
F,35,1997,0.0003231703006493225,99019,jo_lx_derive
F,36,1997,0.0003535817834665611,98987,jo_lx_derive
F,37,1997,0.0003739186676368078,98952,jo_lx_derive
F,38,1997,0.00039427791538193535,98915,jo_lx_derive
F,39,1997,0.00043488814272418796,98876,jo_lx_derive
F,40,1997,0.0004654315866158276,98833,jo_lx_derive
F,41,1997,0.0005162622612286949,98787,jo_lx_derive
F,42,1997,0.0005671690163668863,98736,jo_lx_derive
F,43,1997,0.0006688285366842628,98680,jo_lx_derive
F,44,1997,0.0006692761676840853,98614,jo_lx_derive
F,45,1997,0.0007407557738361437,98548,jo_lx_derive
F,46,1997,0.0007920792079207928,98475,jo_lx_derive
F,47,1997,0.0008536845635537249,98397,jo_lx_derive
F,48,1997,0.00091544353239148,98313,jo_lx_derive
F,49,1997,0.0010384533154149667,98223,jo_lx_derive
F,50,1997,0.0011108733094852274,98121,jo_lx_derive
F,51,1997,0.0011529200506060766,98012,jo_lx_derive
F,52,1997,0.001195109245242576,97899,jo_lx_derive
F,53,1997,0.0012374465648073985,97782,jo_lx_derive
F,54,1997,0.0012492192379762734,97661,jo_lx_derive
F,55,1997,0.0012712863572519328,97539,jo_lx_derive
F,56,1997,0.0013344967407483699,97415,jo_lx_derive
F,57,1997,0.00138767538675022,97285,jo_lx_derive
F,58,1997,0.0014101904271744958,97150,jo_lx_derive
F,59,1997,0.001453413460051789,97013,jo_lx_derive
F,60,1997,0.001465851845734556,96872,jo_lx_derive
F,61,1997,0.0014886798304558635,96730,jo_lx_derive
F,62,1997,0.001490899302176274,96586,jo_lx_derive
F,63,1997,0.0015138632545985686,96442,jo_lx_derive
F,64,1997,0.001588851042618633,96296,jo_lx_derive
F,65,1997,0.0016433853738702098,96143,jo_lx_derive
F,66,1997,0.0017086003021304919,95985,jo_lx_derive
F,67,1997,0.0017845774934512892,95821,jo_lx_derive
F,68,1997,0.0018714061683220429,95650,jo_lx_derive
F,69,1997,0.0019482355898650106,95471,jo_lx_derive
F,70,1997,0.0020674817652306388,95285,jo_lx_derive
F,71,1997,0.002166414268887751,95088,jo_lx_derive
F,72,1997,0.002287051284753705,94882,jo_lx_derive
F,73,1997,0.0024401838060529313,94665,jo_lx_derive
F,74,1997,0.002594404557680452,94434,jo_lx_derive
F,75,1997,0.002802875070337274,94189,jo_lx_derive
F,76,1997,0.0030130423210007473,93925,jo_lx_derive
F,77,1997,0.003278443433502032,93642,jo_lx_derive
F,78,1997,0.0035999357154336,93335,jo_lx_derive
F,79,1997,0.003989290207421559,92999,jo_lx_derive
F,80,1997,0.004447899123375176,92628,jo_lx_derive
F,81,1997,0.005042508892166175,92216,jo_lx_derive
F,82,1997,0.005765604734553342,91751,jo_lx_derive
F,83,1997,0.006686983403126456,91222,jo_lx_derive
F,84,1997,0.007868714960490908,90612,jo_lx_derive
F,85,1997,0.00938831355187486,89899,jo_lx_derive
F,86,1997,0.011397451013418713,89055,jo_lx_derive
F,87,1997,0.013970922308041755,88040,jo_lx_derive
F,88,1997,0.017221518258265123,86810,jo_lx_derive
F,89,1997,0.02120377424837372,85315,jo_lx_derive
F,90,1997,0.025926280746293662,83506,jo_lx_derive
F,91,1997,0.03127574040151948,81341,jo_lx_derive
F,92,1997,0.037019175856948916,78797,jo_lx_derive
F,93,1997,0.04301528729573012,75880,jo_lx_derive
F,94,1997,0.04949322463368955,72616,jo_lx_derive
F,95,1997,0.056416794645185564,69022,jo_lx_derive
F,96,1997,0.06382815378946072,65128,jo_lx_derive
F,97,1997,0.07172262223024062,60971,jo_lx_derive
F,98,1997,0.080038163892717,56598,jo_lx_derive
F,99,1997,0.08884535607282784,52068,jo_lx_derive
F,100,1997,0.09807765271278612,47442,jo_lx_derive
F,101,1997,0.10778471102386122,42789,jo_lx_derive
F,102,1997,0.11795059852790946,38177,jo_lx_derive
F,103,1997,0.12852645958306108,33674,jo_lx_derive
F,104,1997,0.13961016833640016,29346,jo_lx_derive
F,105,1997,0.15105548734603347,25249,jo_lx_derive
F,106,1997,0.16295777933286681,21435,jo_lx_derive
F,107,1997,0.1753427711514881,17942,jo_lx_derive
F,108,1997,0.18815896188158965,14796,jo_lx_derive
F,109,1997,0.20138195138195136,12012,jo_lx_derive
F,110,1997,0.21494839987490877,9593,jo_lx_derive
F,111,1997,0.2290532465807994,7531,jo_lx_derive
F,112,1997,0.24371339993110575,5806,jo_lx_derive
F,113,1997,0.25848326121612386,4391,jo_lx_derive
F,114,1997,0.273955773955774,3256,jo_lx_derive
F,115,1997,0.2897631133671743,2364,jo_lx_derive
F,116,1997,0.3055390113162597,1679,jo_lx_derive
F,117,1997,0.3224699828473413,1166,jo_lx_derive
F,118,1997,0.33924050632911396,790,jo_lx_derive
F,119,1997,0.35823754789272033,522,jo_lx_derive
F,120,1997,1.0,335,fermeture_hypothese
F,0,1998,0.002610000000000001,100000,jo_lx_derive
F,1,1998,0.0008221458005394089,99739,jo_lx_derive
F,2,1998,0.00036123904994134204,99657,jo_lx_derive
F,3,1998,0.0002107989279368505,99621,jo_lx_derive
F,4,1998,0.00014056224899594572,99600,jo_lx_derive
F,5,1998,0.00011045729319381081,99586,jo_lx_derive
F,6,1998,0.00010042681395927566,99575,jo_lx_derive
F,7,1998,9.039321046555582e-05,99565,jo_lx_derive
F,8,1998,8.035678412154912e-05,99556,jo_lx_derive
F,9,1998,8.036324185323185e-05,99548,jo_lx_derive
F,10,1998,8.036970062286208e-05,99540,jo_lx_derive
F,11,1998,9.042318048468889e-05,99532,jo_lx_derive
F,12,1998,9.043135757558218e-05,99523,jo_lx_derive
F,13,1998,0.00010048837349518891,99514,jo_lx_derive
F,14,1998,0.00011054831966550438,99504,jo_lx_derive
F,15,1998,0.00012061150030651113,99493,jo_lx_derive
F,16,1998,0.00015078256149414493,99481,jo_lx_derive
F,17,1998,0.0001709126736774147,99466,jo_lx_derive
F,18,1998,0.0002011081056622066,99449,jo_lx_derive
F,19,1998,0.00023132084200783165,99429,jo_lx_derive
F,20,1998,0.00023137436372044906,99406,jo_lx_derive
F,21,1998,0.0002414899932584591,99383,jo_lx_derive
F,22,1998,0.00023148381122994888,99359,jo_lx_derive
F,23,1998,0.0002416042522348505,99336,jo_lx_derive
F,24,1998,0.00024166263895597506,99312,jo_lx_derive
F,25,1998,0.00024172105390374288,99288,jo_lx_derive
F,26,1998,0.00024177949709869306,99264,jo_lx_derive
F,27,1998,0.00025191455058448664,99240,jo_lx_derive
F,28,1998,0.00025197802751597553,99215,jo_lx_derive
F,29,1998,0.0002621231979029748,99190,jo_lx_derive
F,30,1998,0.00027227622927672446,99164,jo_lx_derive
F,31,1998,0.00027235038381234755,99137,jo_lx_derive
F,32,1998,0.0002825143779638939,99110,jo_lx_derive
F,33,1998,0.000302779515956475,99082,jo_lx_derive
F,34,1998,0.0003129669264628765,99052,jo_lx_derive
F,35,1998,0.000323163773340962,99021,jo_lx_derive
F,36,1998,0.000353574639606391,98989,jo_lx_derive
F,37,1998,0.0003638054045314032,98954,jo_lx_derive
F,38,1998,0.00040437534119164287,98918,jo_lx_derive
F,39,1998,0.00042476587309614455,98878,jo_lx_derive
F,40,1998,0.00047553523007815013,98836,jo_lx_derive
F,41,1998,0.0005061292249136651,98789,jo_lx_derive
F,42,1998,0.0005671517839962448,98739,jo_lx_derive
F,43,1998,0.0006586747464102372,98683,jo_lx_derive
F,44,1998,0.0006692490214768032,98618,jo_lx_derive
F,45,1998,0.000730578780745228,98552,jo_lx_derive
F,46,1998,0.0007920389926888705,98480,jo_lx_derive
F,47,1998,0.0008333163960082546,98402,jo_lx_derive
F,48,1998,0.0009153783563873308,98320,jo_lx_derive
F,49,1998,0.0010180189351521873,98230,jo_lx_derive
F,50,1998,0.001100580862121725,98130,jo_lx_derive
F,51,1998,0.0011426006406725087,98022,jo_lx_derive
F,52,1998,0.001174548054335589,97910,jo_lx_derive
F,53,1998,0.001216831126335749,97795,jo_lx_derive
F,54,1998,0.0012387894672181154,97676,jo_lx_derive
F,55,1998,0.0012505765978165773,97555,jo_lx_derive
F,56,1998,0.0013137232765079165,97433,jo_lx_derive
F,57,1998,0.001356559272390978,97305,jo_lx_derive
F,58,1998,0.0013892747985551068,97173,jo_lx_derive
F,59,1998,0.0014221232919062743,97038,jo_lx_derive
F,60,1998,0.0014447884416924905,96900,jo_lx_derive
F,61,1998,0.0014572137246796624,96760,jo_lx_derive
F,62,1998,0.001469690226559961,96619,jo_lx_derive
F,63,1998,0.001492583724618357,96477,jo_lx_derive
F,64,1998,0.0015467181547340614,96333,jo_lx_derive
F,65,1998,0.0016114946352824289,96184,jo_lx_derive
F,66,1998,0.0016765768674046333,96029,jo_lx_derive
F,67,1998,0.0017524095631493708,95868,jo_lx_derive
F,68,1998,0.0018286311389759113,95700,jo_lx_derive
F,69,1998,0.0019052604030358467,95525,jo_lx_derive
F,70,1998,0.002013781819325988,95343,jo_lx_derive
F,71,1998,0.0021229414299376304,95151,jo_lx_derive
F,72,1998,0.0022327775963938423,94949,jo_lx_derive
F,73,1998,0.0023749960416732385,94737,jo_lx_derive
F,74,1998,0.002528779414254223,94512,jo_lx_derive
F,75,1998,0.002726125189608908,94273,jo_lx_derive
F,76,1998,0.0029356705241661007,94016,jo_lx_derive
F,77,1998,0.003200341369746118,93740,jo_lx_derive
F,78,1998,0.003499571917808253,93440,jo_lx_derive
F,79,1998,0.003877009654935426,93113,jo_lx_derive
F,80,1998,0.004344919786096302,92752,jo_lx_derive
F,81,1998,0.004894476388482838,92349,jo_lx_derive
F,82,1998,0.00561498199070698,91897,jo_lx_derive
F,83,1998,0.006522143552817328,91381,jo_lx_derive
F,84,1998,0.007666464724348732,90785,jo_lx_derive
F,85,1998,0.00916871094140237,90089,jo_lx_derive
F,86,1998,0.011124430055005963,89263,jo_lx_derive
F,87,1998,0.013662626033760006,88270,jo_lx_derive
F,88,1998,0.016849673803179255,87064,jo_lx_derive
F,89,1998,0.02078343867191612,85597,jo_lx_derive
F,90,1998,0.025436063852633084,83818,jo_lx_derive
F,91,1998,0.030702935631564787,81686,jo_lx_derive
F,92,1998,0.03638636995124911,79178,jo_lx_derive
F,93,1998,0.04232145431668344,76297,jo_lx_derive
F,94,1998,0.0487217386544041,73068,jo_lx_derive
F,95,1998,0.05560511020314207,69508,jo_lx_derive
F,96,1998,0.06296177810276804,65643,jo_lx_derive
F,97,1998,0.07075272313444969,61510,jo_lx_derive
F,98,1998,0.07904405332586861,57158,jo_lx_derive
F,99,1998,0.08776595744680848,52640,jo_lx_derive
F,100,1998,0.09695960016659722,48020,jo_lx_derive
F,101,1998,0.10658610829259296,43364,jo_lx_derive
F,102,1998,0.11666924784471633,38742,jo_lx_derive
F,103,1998,0.12722809888375897,34222,jo_lx_derive
F,104,1998,0.13820811570912017,29868,jo_lx_derive
F,105,1998,0.14961149961149967,25740,jo_lx_derive
F,106,1998,0.16145095710174062,21889,jo_lx_derive
F,107,1998,0.1737946063742849,18355,jo_lx_derive
F,108,1998,0.18648203099241678,15165,jo_lx_derive
F,109,1998,0.19964334927453997,12337,jo_lx_derive
F,110,1998,0.21328742151103908,9874,jo_lx_derive
F,111,1998,0.22721421215242021,7768,jo_lx_derive
F,112,1998,0.24171247709478594,6003,jo_lx_derive
F,113,1998,0.2565905096660809,4552,jo_lx_derive
F,114,1998,0.27186761229314416,3384,jo_lx_derive
F,115,1998,0.28774350649350644,2464,jo_lx_derive
F,116,1998,0.3037037037037037,1755,jo_lx_derive
F,117,1998,0.31996726677577736,1222,jo_lx_derive
F,118,1998,0.33814681107099875,831,jo_lx_derive
F,119,1998,0.3545454545454545,550,jo_lx_derive
F,120,1998,1.0,355,fermeture_hypothese
F,0,1999,0.0026000000000000467,100000,jo_lx_derive
F,1,1999,0.0008221375576499268,99740,jo_lx_derive
F,2,1999,0.0003612354251539829,99658,jo_lx_derive
F,3,1999,0.00021079681194913213,99622,jo_lx_derive
F,4,1999,0.00015060089758134332,99601,jo_lx_derive
F,5,1999,0.00011045729319381081,99586,jo_lx_derive
F,6,1999,9.03841325633481e-05,99575,jo_lx_derive
F,7,1999,9.039230259322295e-05,99566,jo_lx_derive
F,8,1999,8.035597697797492e-05,99557,jo_lx_derive
F,9,1999,8.03624345799836e-05,99549,jo_lx_derive
F,10,1999,8.036889321982876e-05,99541,jo_lx_derive
F,11,1999,9.042227201028208e-05,99533,jo_lx_derive
F,12,1999,9.043044893697338e-05,99524,jo_lx_derive
F,13,1999,0.00010048736371404132,99515,jo_lx_derive
F,14,1999,0.00011054720868297618,99505,jo_lx_derive
F,15,1999,0.00012061028805754326,99494,jo_lx_derive
F,16,1999,0.00015078104581733864,99482,jo_lx_derive
F,17,1999,0.0001709109553922339,99467,jo_lx_derive
F,18,1999,0.00020110608345902392,99450,jo_lx_derive
F,19,1999,0.00023131851553859217,99430,jo_lx_derive
F,20,1999,0.0002313720361745153,99407,jo_lx_derive
F,21,1999,0.0002414875633904856,99384,jo_lx_derive
F,22,1999,0.00023148148148144365,99360,jo_lx_derive
F,23,1999,0.00024160182006705,99337,jo_lx_derive
F,24,1999,0.0002416602056125594,99313,jo_lx_derive
F,25,1999,0.00024171861938382389,99289,jo_lx_derive
F,26,1999,0.00024177706140127153,99265,jo_lx_derive
F,27,1999,0.0002519120121723395,99241,jo_lx_derive
F,28,1999,0.0002519754878245184,99216,jo_lx_derive
F,29,1999,0.00026212055529228895,99191,jo_lx_derive
F,30,1999,0.0002621892804921533,99165,jo_lx_derive
F,31,1999,0.00027234488949856583,99139,jo_lx_derive
F,32,1999,0.0002925982726612597,99112,jo_lx_derive
F,33,1999,0.0002926839114681945,99083,jo_lx_derive
F,34,1999,0.000312960607345536,99054,jo_lx_derive
F,35,1999,0.0003231572462962795,99023,jo_lx_derive
F,36,1999,0.00035356749603498994,98991,jo_lx_derive
F,37,1999,0.0003637980516593142,98956,jo_lx_derive
F,38,1999,0.0004043671653861658,98920,jo_lx_derive
F,39,1999,0.00042475728155344505,98880,jo_lx_derive
F,40,1999,0.0004654080414415729,98838,jo_lx_derive
F,41,1999,0.0005061138553729139,98792,jo_lx_derive
F,42,1999,0.0005671345526726546,98742,jo_lx_derive
F,43,1999,0.0006485215734755023,98686,jo_lx_derive
F,44,1999,0.0006692218774715375,98622,jo_lx_derive
F,45,1999,0.0007204026137423991,98556,jo_lx_derive
F,46,1999,0.0007818449510077485,98485,jo_lx_derive
F,47,1999,0.0008332655881635453,98408,jo_lx_derive
F,48,1999,0.0009051522486422936,98326,jo_lx_derive
F,49,1999,0.001007766930993359,98237,jo_lx_derive
F,50,1999,0.0010903014122969346,98138,jo_lx_derive
F,51,1999,0.0011220940314798922,98031,jo_lx_derive
F,52,1999,0.0011539914829301612,97921,jo_lx_derive
F,53,1999,0.001206445280549695,97808,jo_lx_derive
F,54,1999,0.0012181390111577484,97690,jo_lx_derive
F,55,1999,0.0012298736304844349,97571,jo_lx_derive
F,56,1999,0.001292957486326407,97451,jo_lx_derive
F,57,1999,0.0013357307988697276,97325,jo_lx_derive
F,58,1999,0.0013683831472812713,97195,jo_lx_derive
F,59,1999,0.0013908635717376772,97062,jo_lx_derive
F,60,1999,0.0014237518957566087,96927,jo_lx_derive
F,61,1999,0.0014257818553761181,96789,jo_lx_derive
F,62,1999,0.0014485106206868492,96651,jo_lx_derive
F,63,1999,0.0014609733605496222,96511,jo_lx_derive
F,64,1999,0.0015149942928297522,96370,jo_lx_derive
F,65,1999,0.0015796474891919265,96224,jo_lx_derive
F,66,1999,0.0016445998834208053,96072,jo_lx_derive
F,67,1999,0.0017098650874741717,95914,jo_lx_derive
F,68,1999,0.0017859007832897733,95750,jo_lx_derive
F,69,1999,0.0018727963255527058,95579,jo_lx_derive
F,70,1999,0.0019601677148847196,95400,jo_lx_derive
F,71,1999,0.0020690451934084475,95213,jo_lx_derive
F,72,1999,0.0021785804496085026,95016,jo_lx_derive
F,73,1999,0.002320454809142558,94809,jo_lx_derive
F,74,1999,0.0024738605968981364,94589,jo_lx_derive
F,75,1999,0.002649568120396406,94355,jo_lx_derive
F,76,1999,0.0028585091121619,94105,jo_lx_derive
F,77,1999,0.0031118120977023933,93836,jo_lx_derive
F,78,1999,0.0034101599247412517,93544,jo_lx_derive
F,79,1999,0.0037758112094394836,93225,jo_lx_derive
F,80,1999,0.0042208176757507765,92873,jo_lx_derive
F,81,1999,0.004779360084774198,92481,jo_lx_derive
F,82,1999,0.005465074587946428,92039,jo_lx_derive
F,83,1999,0.006347229505331287,91536,jo_lx_derive
F,84,1999,0.007476224506624107,90955,jo_lx_derive
F,85,1999,0.008939351980060906,90275,jo_lx_derive
F,86,1999,0.010864219609245773,89468,jo_lx_derive
F,87,1999,0.01335653588862773,88496,jo_lx_derive
F,88,1999,0.016503653480541502,87314,jo_lx_derive
F,89,1999,0.020355641470543695,85873,jo_lx_derive
F,90,1999,0.024950965824665716,84125,jo_lx_derive
F,91,1999,0.03016116841001637,82026,jo_lx_derive
F,92,1999,0.03576277152051488,79552,jo_lx_derive
F,93,1999,0.04162592722958791,76707,jo_lx_derive
F,94,1999,0.04797725603286451,73514,jo_lx_derive
F,95,1999,0.05479589066540924,69987,jo_lx_derive
F,96,1999,0.062084290724392255,66152,jo_lx_derive
F,97,1999,0.06983640905794186,62045,jo_lx_derive
F,98,1999,0.07804269476018855,57712,jo_lx_derive
F,99,1999,0.08671628326567438,53208,jo_lx_derive
F,100,1999,0.09583487673375313,48594,jo_lx_derive
F,101,1999,0.10542367480711023,43937,jo_lx_derive
F,102,1999,0.11543060679302886,39305,jo_lx_derive
F,103,1999,0.12592038656235616,34768,jo_lx_derive
F,104,1999,0.13682132280355375,30390,jo_lx_derive
F,105,1999,0.14817779810917964,26232,jo_lx_derive
F,106,1999,0.1599910494517789,22345,jo_lx_derive
F,107,1999,0.17218966435801808,18770,jo_lx_derive
F,108,1999,0.1849015317286652,15538,jo_lx_derive
F,109,1999,0.1979470983024082,12665,jo_lx_derive
F,110,1999,0.21155739318763533,10158,jo_lx_derive
F,111,1999,0.22549631664377578,8009,jo_lx_derive
F,112,1999,0.23988392713203288,6203,jo_lx_derive
F,113,1999,0.25471898197242837,4715,jo_lx_derive
F,114,1999,0.26977803073420603,3514,jo_lx_derive
F,115,1999,0.28565861262665626,2566,jo_lx_derive
F,116,1999,0.30169121658483355,1833,jo_lx_derive
F,117,1999,0.31796875,1280,jo_lx_derive
F,118,1999,0.33562428407789235,873,jo_lx_derive
F,119,1999,0.3517241379310345,580,jo_lx_derive
F,120,1999,1.0,376,fermeture_hypothese
F,0,2000,0.002589999999999981,100000,jo_lx_derive
F,1,2000,0.0008221293149256459,99741,jo_lx_derive
F,2,2000,0.0003712660171183435,99659,jo_lx_derive
F,3,2000,0.00020075886852299885,99622,jo_lx_derive
F,4,2000,0.00015059938555450625,99602,jo_lx_derive
F,5,2000,0.00011045618404004198,99587,jo_lx_derive
F,6,2000,9.038322487342487e-05,99576,jo_lx_derive
F,7,2000,9.039139473920876e-05,99567,jo_lx_derive
F,8,2000,8.0355169850721e-05,99558,jo_lx_derive
F,9,2000,8.03616273229446e-05,99550,jo_lx_derive
F,10,2000,8.036808583311572e-05,99542,jo_lx_derive
F,11,2000,9.042136355419395e-05,99534,jo_lx_derive
F,12,2000,9.042954031646122e-05,99525,jo_lx_derive
F,13,2000,0.0001004863539530998,99516,jo_lx_derive
F,14,2000,0.00011054609772276347,99506,jo_lx_derive
F,15,2000,0.00012060907583300029,99495,jo_lx_derive
F,16,2000,0.00015077953017095247,99483,jo_lx_derive
F,17,2000,0.00017090923714158102,99468,jo_lx_derive
F,18,2000,0.0002011040612964754,99451,jo_lx_derive
F,19,2000,0.00023131618911609308,99431,jo_lx_derive
F,20,2000,0.00023136970867532192,99408,jo_lx_derive
F,21,2000,0.00024148513357147294,99385,jo_lx_derive
F,22,2000,0.00023147915177990086,99361,jo_lx_derive
F,23,2000,0.00024159938794821034,99338,jo_lx_derive
F,24,2000,0.00023158869847150765,99314,jo_lx_derive
F,25,2000,0.00024171375049097943,99291,jo_lx_derive
F,26,2000,0.0002518460314102633,99267,jo_lx_derive
F,27,2000,0.00024183309485903415,99242,jo_lx_derive
F,28,2000,0.000251970408595259,99218,jo_lx_derive
F,29,2000,0.0002621152702307894,99193,jo_lx_derive
F,30,2000,0.0002722679923764515,99167,jo_lx_derive
F,31,2000,0.0002723421424248862,99140,jo_lx_derive
F,32,2000,0.0002825058266826552,99113,jo_lx_derive
F,33,2000,0.0002926780037341148,99085,jo_lx_derive
F,34,2000,0.00031295428848332474,99056,jo_lx_derive
F,35,2000,0.00032315071951527496,99025,jo_lx_derive
F,36,2000,0.00035356035275224684,98993,jo_lx_derive
F,37,2000,0.00036379069908443196,98958,jo_lx_derive
F,38,2000,0.00039425001516346647,98922,jo_lx_derive
F,39,2000,0.0004247443948909302,98883,jo_lx_derive
F,40,2000,0.0004653939154803943,98841,jo_lx_derive
F,41,2000,0.0005060984867655272,98795,jo_lx_derive
F,42,2000,0.0005569902273533378,98745,jo_lx_derive
F,43,2000,0.0006586280271557721,98690,jo_lx_derive
F,44,2000,0.0006489226869454967,98625,jo_lx_derive
F,45,2000,0.0007305120686681432,98561,jo_lx_derive
F,46,2000,0.0007716597792647439,98489,jo_lx_derive
F,47,2000,0.0008230619938423001,98413,jo_lx_derive
F,48,2000,0.0008949273888460008,98332,jo_lx_derive
F,49,2000,0.0009975163877692372,98244,jo_lx_derive
F,50,2000,0.001069834736005526,98146,jo_lx_derive
F,51,2000,0.0011117797656082784,98041,jo_lx_derive
F,52,2000,0.0011436506964015436,97932,jo_lx_derive
F,53,2000,0.00118585156409734,97820,jo_lx_derive
F,54,2000,0.0011974944731024673,97704,jo_lx_derive
F,55,2000,0.0012091774519147336,97587,jo_lx_derive
F,56,2000,0.0012721993659522424,97469,jo_lx_derive
F,57,2000,0.0013149108839694001,97345,jo_lx_derive
F,58,2000,0.0013372146846745148,97217,jo_lx_derive
F,59,2000,0.0013802053828010363,97087,jo_lx_derive
F,60,2000,0.0013924272585685848,96953,jo_lx_derive
F,61,2000,0.0014046974736102724,96818,jo_lx_derive
F,62,2000,0.001406673424215521,96682,jo_lx_derive
F,63,2000,0.0014397282124583022,96546,jo_lx_derive
F,64,2000,0.00149366747227897,96407,jo_lx_derive
F,65,2000,0.0015478428887526485,96263,jo_lx_derive
F,66,2000,0.0016022639781925196,96114,jo_lx_derive
F,67,2000,0.0016777824093372473,95960,jo_lx_derive
F,68,2000,0.0017536717502270038,95799,jo_lx_derive
F,69,2000,0.0018194936788279437,95631,jo_lx_derive
F,70,2000,0.0019275694815467093,95457,jo_lx_derive
F,71,2000,0.002015261406694502,95273,jo_lx_derive
F,72,2000,0.0021245043699582578,95081,jo_lx_derive
F,73,2000,0.002266044119352051,94879,jo_lx_derive
F,74,2000,0.0023979548719682553,94664,jo_lx_derive
F,75,2000,0.0025837330707243478,94437,jo_lx_derive
F,76,2000,0.0027921395432781715,94193,jo_lx_derive
F,77,2000,0.003023528159267541,93930,jo_lx_derive
F,78,2000,0.0033210174486897337,93646,jo_lx_derive
F,79,2000,0.0036749343761718345,93335,jo_lx_derive
F,80,2000,0.004107880247763207,92992,jo_lx_derive
F,81,2000,0.004653925062088282,92610,jo_lx_derive
F,82,2000,0.0053265928248299454,92179,jo_lx_derive
F,83,2000,0.006184015356426098,91688,jo_lx_derive
F,84,2000,0.0072870139704349635,91121,jo_lx_derive
F,85,2000,0.008722376377726437,90457,jo_lx_derive
F,86,2000,0.010605790248472191,89668,jo_lx_derive
F,87,2000,0.013052740737400925,88717,jo_lx_derive
F,88,2000,0.016149110885231632,87559,jo_lx_derive
F,89,2000,0.019954727494340907,86145,jo_lx_derive
F,90,2000,0.024482979177030795,84426,jo_lx_derive
F,91,2000,0.029614249808764037,82359,jo_lx_derive
F,92,2000,0.03514764764764766,79920,jo_lx_derive
F,93,2000,0.0409539495013681,77111,jo_lx_derive
F,94,2000,0.047246223953051225,73953,jo_lx_derive
F,95,2000,0.05400303722732369,70459,jo_lx_derive
F,96,2000,0.06122663306028142,66654,jo_lx_derive
F,97,2000,0.06891151135473772,62573,jo_lx_derive
F,98,2000,0.07706699164106345,58261,jo_lx_derive
F,99,2000,0.08567815365159659,53771,jo_lx_derive
F,100,2000,0.0947237816288341,49164,jo_lx_derive
F,101,2000,0.10425326353157927,44507,jo_lx_derive
F,102,2000,0.11422981413198885,39867,jo_lx_derive
F,103,2000,0.12462832384674194,35313,jo_lx_derive
F,104,2000,0.13548136645962738,30912,jo_lx_derive
F,105,2000,0.14675946714563692,26724,jo_lx_derive
F,106,2000,0.15853872467327423,22802,jo_lx_derive
F,107,2000,0.17068848699640382,19187,jo_lx_derive
F,108,2000,0.18325791855203621,15912,jo_lx_derive
F,109,2000,0.1963681132656202,12996,jo_lx_derive
F,110,2000,0.20978552278820373,10444,jo_lx_derive
F,111,2000,0.22367623894341448,8253,jo_lx_derive
F,112,2000,0.23802091462462927,6407,jo_lx_derive
F,113,2000,0.25276526013928713,4882,jo_lx_derive
F,114,2000,0.26809210526315785,3648,jo_lx_derive
F,115,2000,0.2835205992509363,2670,jo_lx_derive
F,116,2000,0.2995295347621537,1913,jo_lx_derive
F,117,2000,0.31641791044776124,1340,jo_lx_derive
F,118,2000,0.33296943231441045,916,jo_lx_derive
F,119,2000,0.35024549918166936,611,jo_lx_derive
F,120,2000,1.0,397,fermeture_hypothese
F,0,2001,0.0025800000000000267,100000,jo_lx_derive
F,1,2001,0.0008221210723666772,99742,jo_lx_derive
F,2,2001,0.0003712622917920738,99660,jo_lx_derive
F,3,2001,0.0002107946960039353,99623,jo_lx_derive
F,4,2001,0.00014055942651758357,99602,jo_lx_derive
F,5,2001,0.00011045507490858864,99588,jo_lx_derive
F,6,2001,0.00010042479689087447,99577,jo_lx_derive
F,7,2001,8.034790643485223e-05,99567,jo_lx_derive
F,8,2001,8.035436273967633e-05,99559,jo_lx_derive
F,9,2001,8.036082008211487e-05,99551,jo_lx_derive
F,10,2001,9.041318827041067e-05,99543,jo_lx_derive
F,11,2001,8.037454538145639e-05,99534,jo_lx_derive
F,12,2001,9.042863171437876e-05,99526,jo_lx_derive
F,13,2001,0.00010048534421258637,99517,jo_lx_derive
F,14,2001,0.00011054498678486624,99507,jo_lx_derive
F,15,2001,0.00013065851893545588,99496,jo_lx_derive
F,16,2001,0.0001407275614929704,99483,jo_lx_derive
F,17,2001,0.0001809609023917247,99469,jo_lx_derive
F,18,2001,0.0002011040612964754,99451,jo_lx_derive
F,19,2001,0.00022125896350233543,99431,jo_lx_derive
F,20,2001,0.00023136738122297995,99409,jo_lx_derive
F,21,2001,0.0002414827038013101,99386,jo_lx_derive
F,22,2001,0.00023147682212520948,99362,jo_lx_derive
F,23,2001,0.00024159695587833152,99339,jo_lx_derive
F,24,2001,0.0002315863666112472,99315,jo_lx_derive
F,25,2001,0.000241711316118165,99292,jo_lx_derive
F,26,2001,0.00024176975460366013,99268,jo_lx_derive
F,27,2001,0.0002519043972432078,99244,jo_lx_derive
F,28,2001,0.0002519678690573457,99219,jo_lx_derive
F,29,2001,0.00026211262777986466,99194,jo_lx_derive
F,30,2001,0.0002621813488221658,99168,jo_lx_derive
F,31,2001,0.00027233664844361627,99142,jo_lx_derive
F,32,2001,0.0002825001261160809,99115,jo_lx_derive
F,33,2001,0.0003027642374883177,99087,jo_lx_derive
F,34,2001,0.00030285593143342115,99057,jo_lx_derive
F,35,2001,0.00033324244902910305,99027,jo_lx_derive
F,36,2001,0.0003434551588985535,98994,jo_lx_derive
F,37,2001,0.0003637833468067564,98960,jo_lx_derive
F,38,2001,0.00039424204439775234,98924,jo_lx_derive
F,39,2001,0.0004247358042169802,98885,jo_lx_derive
F,40,2001,0.00045526744433088684,98843,jo_lx_derive
F,41,2001,0.0005060831190915049,98798,jo_lx_derive
F,42,2001,0.0005569733057885218,98748,jo_lx_derive
F,43,2001,0.000648475575775409,98693,jo_lx_derive
F,44,2001,0.0006488963692220517,98629,jo_lx_derive
F,45,2001,0.0007203368335616522,98565,jo_lx_derive
F,46,2001,0.0007614677036165141,98494,jo_lx_derive
F,47,2001,0.0008230118168239819,98419,jo_lx_derive
F,48,2001,0.000874534767841495,98338,jo_lx_derive
F,49,2001,0.0009974351667141335,98252,jo_lx_derive
F,50,2001,0.0010595594677751397,98154,jo_lx_derive
F,51,2001,0.0010912799592044387,98050,jo_lx_derive
F,52,2001,0.0011231022125113288,97943,jo_lx_derive
F,53,2001,0.0011754724888329848,97833,jo_lx_derive
F,54,2001,0.0011768558505086402,97718,jo_lx_derive
F,55,2001,0.0011884880587686997,97603,jo_lx_derive
F,56,2001,0.001251448911136821,97487,jo_lx_derive
F,57,2001,0.0012940995224156593,97365,jo_lx_derive
F,58,2001,0.0013163442651611401,97239,jo_lx_derive
F,59,2001,0.001348971795162246,97111,jo_lx_derive
F,60,2001,0.0013714167869663951,96980,jo_lx_derive
F,61,2001,0.0013733001538509537,96847,jo_lx_derive
F,62,2001,0.0013958682300391212,96714,jo_lx_derive
F,63,2001,0.0014081736195239447,96579,jo_lx_derive
F,64,2001,0.0014620034631854795,96443,jo_lx_derive
F,65,2001,0.0015160640485140098,96302,jo_lx_derive
F,66,2001,0.0015703648238279966,96156,jo_lx_derive
F,67,2001,0.0016457476173116214,96005,jo_lx_derive
F,68,2001,0.0017110603357434195,95847,jo_lx_derive
F,69,2001,0.001776700145271315,95683,jo_lx_derive
F,70,2001,0.0018845602169338393,95513,jo_lx_derive
F,71,2001,0.001972034867254835,95333,jo_lx_derive
F,72,2001,0.0020705239371485717,95145,jo_lx_derive
F,73,2001,0.002201204870034168,94948,jo_lx_derive
F,74,2001,0.0023432799586231567,94739,jo_lx_derive
F,75,2001,0.002518065533184455,94517,jo_lx_derive
F,76,2001,0.0027153448806203073,94279,jo_lx_derive
F,77,2001,0.0029460876594025187,94023,jo_lx_derive
F,78,2001,0.0032321379045505694,93746,jo_lx_derive
F,79,2001,0.003574371542009569,93443,jo_lx_derive
F,80,2001,0.004006057416576225,93109,jo_lx_derive
F,81,2001,0.004518202208419586,92736,jo_lx_derive
F,82,2001,0.005188643478449273,92317,jo_lx_derive
F,83,2001,0.006021472593044308,91838,jo_lx_derive
F,84,2001,0.007109601796571163,91285,jo_lx_derive
F,85,2001,0.008506553687276597,90636,jo_lx_derive
F,86,2001,0.010371112223891421,89865,jo_lx_derive
F,87,2001,0.012762416650737074,88933,jo_lx_derive
F,88,2001,0.01579762636962112,87798,jo_lx_derive
F,89,2001,0.019546122600131888,86411,jo_lx_derive
F,90,2001,0.024019735133731457,84722,jo_lx_derive
F,91,2001,0.02907349401961612,82687,jo_lx_derive
F,92,2001,0.03455276957761921,80283,jo_lx_derive
F,93,2001,0.04029209511153542,77509,jo_lx_derive
F,94,2001,0.0465141290027693,74386,jo_lx_derive
F,95,2001,0.05322448749400788,70926,jo_lx_derive
F,96,2001,0.060386293577161965,67151,jo_lx_derive
F,97,2001,0.06800748066438445,63096,jo_lx_derive
F,98,2001,0.07609897117592046,58805,jo_lx_derive
F,99,2001,0.08464936499171727,54330,jo_lx_derive
F,100,2001,0.09366391184572997,49731,jo_lx_derive
F,101,2001,0.10309941650211873,45073,jo_lx_derive
F,102,2001,0.11302132291099787,40426,jo_lx_derive
F,103,2001,0.1233510890481635,35857,jo_lx_derive
F,104,2001,0.1341541006553414,31434,jo_lx_derive
F,105,2001,0.14538707425506114,27217,jo_lx_derive
F,106,2001,0.15705073086844368,23260,jo_lx_derive
F,107,2001,0.16917427449380318,19607,jo_lx_derive
F,108,2001,0.18176795580110494,16290,jo_lx_derive
F,109,2001,0.19468827368894892,13329,jo_lx_derive
F,110,2001,0.2081237190236631,10734,jo_lx_derive
F,111,2001,0.22199999999999998,8500,jo_lx_derive
F,112,2001,0.23620142144261302,6613,jo_lx_derive
F,113,2001,0.25103939813898235,5051,jo_lx_derive
F,114,2001,0.2659265133491938,3783,jo_lx_derive
F,115,2001,0.28159884767734966,2777,jo_lx_derive
F,116,2001,0.29774436090225564,1995,jo_lx_derive
F,117,2001,0.3140613847251963,1401,jo_lx_derive
F,118,2001,0.33090530697190423,961,jo_lx_derive
F,119,2001,0.3483670295489891,643,jo_lx_derive
F,120,2001,1.0,419,fermeture_hypothese
F,0,2002,0.002569999999999961,100000,jo_lx_derive
F,1,2002,0.0008321385961922445,99743,jo_lx_derive
F,2,2002,0.00036122817579775646,99660,jo_lx_derive
F,3,2002,0.00021079258010114899,99624,jo_lx_derive
F,4,2002,0.00014055801532086853,99603,jo_lx_derive
F,5,2002,0.00011045396579945077,99589,jo_lx_derive
F,6,2002,0.00010042378838703847,99578,jo_lx_derive
F,7,2002,8.034709946969087e-05,99568,jo_lx_derive
F,8,2002,9.039775010044604e-05,99560,jo_lx_derive
F,9,2002,8.036082008211487e-05,99551,jo_lx_derive
F,10,2002,8.036727846261194e-05,99543,jo_lx_derive
F,11,2002,8.037373788116753e-05,99535,jo_lx_derive
F,12,2002,9.042772313039293e-05,99527,jo_lx_derive
F,13,2002,0.000100484334492279,99518,jo_lx_derive
F,14,2002,0.00011054387586928449,99508,jo_lx_derive
F,15,2002,0.00013065720574489958,99497,jo_lx_derive
F,16,2002,0.00014072614691806873,99484,jo_lx_derive
F,17,2002,0.00018095908314064157,99470,jo_lx_derive
F,18,2002,0.00020110203917467206,99452,jo_lx_derive
F,19,2002,0.00022125673827344539,99432,jo_lx_derive
F,20,2002,0.0002313650538174894,99410,jo_lx_derive
F,21,2002,0.00024148027408010808,99387,jo_lx_derive
F,22,2002,0.0002314744925173695,99363,jo_lx_derive
F,23,2002,0.0002315280853634194,99340,jo_lx_derive
F,24,2002,0.0002416504727287272,99317,jo_lx_derive
F,25,2002,0.00024170888179431138,99293,jo_lx_derive
F,26,2002,0.00024176731910263705,99269,jo_lx_derive
F,27,2002,0.00025190185903567475,99245,jo_lx_derive
F,28,2002,0.0002519653295706137,99220,jo_lx_derive
F,29,2002,0.00025202883209840543,99195,jo_lx_derive
F,30,2002,0.00027225975597455765,99170,jo_lx_derive
F,31,2002,0.000272333901536137,99143,jo_lx_derive
F,32,2002,0.00028249727591911356,99116,jo_lx_derive
F,33,2002,0.0002926691425803041,99088,jo_lx_derive
F,34,2002,0.00031294481066834745,99059,jo_lx_derive
F,35,2002,0.0003231409298379839,99028,jo_lx_derive
F,36,2002,0.0003434482201301048,98996,jo_lx_derive
F,37,2002,0.00036377599482628753,98962,jo_lx_derive
F,38,2002,0.00039423407395422494,98926,jo_lx_derive
F,39,2002,0.00041461466117886925,98887,jo_lx_derive
F,40,2002,0.0004653703741173132,98846,jo_lx_derive
F,41,2002,0.0004959514170040924,98800,jo_lx_derive
F,42,2002,0.0005569563852517723,98751,jo_lx_derive
F,43,2002,0.0006383237415903409,98696,jo_lx_derive
F,44,2002,0.0006488700536331216,98633,jo_lx_derive
F,45,2002,0.0007101624242915605,98569,jo_lx_derive
F,46,2002,0.0007614290500410625,98499,jo_lx_derive
F,47,2002,0.0008128098837681952,98424,jo_lx_derive
F,48,2002,0.0008643130236719587,98344,jo_lx_derive
F,49,2002,0.0009770097395658262,98259,jo_lx_derive
F,50,2002,0.0010492751851511883,98163,jo_lx_derive
F,51,2002,0.001080970834183126,98060,jo_lx_derive
F,52,2002,0.0011127672172652758,97954,jo_lx_derive
F,53,2002,0.00114466758648879,97845,jo_lx_derive
F,54,2002,0.0011664432689061366,97733,jo_lx_derive
F,55,2002,0.0011780493551459825,97619,jo_lx_derive
F,56,2002,0.0012307187397440078,97504,jo_lx_derive
F,57,2002,0.0012630411566582067,97384,jo_lx_derive
F,58,2002,0.0012954832872373867,97261,jo_lx_derive
F,59,2002,0.0013280485921655094,97135,jo_lx_derive
F,60,2002,0.0013401232913428096,97006,jo_lx_derive
F,61,2002,0.0013522441058673174,96876,jo_lx_derive
F,62,2002,0.0013644115974985604,96745,jo_lx_derive
F,63,2002,0.001386976907869486,96613,jo_lx_derive
F,64,2002,0.0014303630841945303,96479,jo_lx_derive
F,65,2002,0.0014843109371918128,96341,jo_lx_derive
F,66,2002,0.001548888750285915,96198,jo_lx_derive
F,67,2002,0.001603348290976525,96049,jo_lx_derive
F,68,2002,0.0016684915793315769,95895,jo_lx_derive
F,69,2002,0.0017443986003029543,95735,jo_lx_derive
F,70,2002,0.0018311568725933869,95568,jo_lx_derive
F,71,2002,0.00192886270481063,95393,jo_lx_derive
F,72,2002,0.002027119284941592,95209,jo_lx_derive
F,73,2002,0.002147006819903985,95016,jo_lx_derive
F,74,2002,0.002288739821963426,94812,jo_lx_derive
F,75,2002,0.002441989534330613,94595,jo_lx_derive
F,76,2002,0.0026493154168962807,94364,jo_lx_derive
F,77,2002,0.0028688611683702625,94114,jo_lx_derive
F,78,2002,0.003143514769191391,93844,jo_lx_derive
F,79,2002,0.003484804754727455,93549,jo_lx_derive
F,80,2002,0.0038938888471728994,93223,jo_lx_derive
F,81,2002,0.004404479862158084,92860,jo_lx_derive
F,82,2002,0.00505132448540313,92451,jo_lx_derive
F,83,2002,0.00587058618890246,91984,jo_lx_derive
F,84,2002,0.00692226936704432,91444,jo_lx_derive
F,85,2002,0.008302958892645207,90811,jo_lx_derive
F,86,2002,0.010115815539047501,90057,jo_lx_derive
F,87,2002,0.012485136741973824,89146,jo_lx_derive
F,88,2002,0.015460111549078226,88033,jo_lx_derive
F,89,2002,0.019164205279675106,86672,jo_lx_derive
F,90,2002,0.023549893543188483,85011,jo_lx_derive
F,91,2002,0.028551120962787113,83009,jo_lx_derive
F,92,2002,0.03395379406986698,80639,jo_lx_derive
F,93,2002,0.039640055968472754,77901,jo_lx_derive
F,94,2002,0.045807546816729716,74813,jo_lx_derive
F,95,2002,0.05244725856610544,71386,jo_lx_derive
F,96,2002,0.059548801040773536,67642,jo_lx_derive
F,97,2002,0.06712358914704308,63614,jo_lx_derive
F,98,2002,0.07515502830951737,59344,jo_lx_derive
F,99,2002,0.0836491509365207,54884,jo_lx_derive
F,100,2002,0.0925774958741773,50293,jo_lx_derive
F,101,2002,0.1019786576681202,45637,jo_lx_derive
F,102,2002,0.1118268550374546,40983,jo_lx_derive
F,103,2002,0.12211538461538463,36400,jo_lx_derive
F,104,2002,0.13284306055390394,31955,jo_lx_derive
F,105,2002,0.1440274269216889,27710,jo_lx_derive
F,106,2002,0.15565580336439144,23719,jo_lx_derive
F,107,2002,0.16767364058520995,20027,jo_lx_derive
F,108,2002,0.18021476993220953,16669,jo_lx_derive
F,109,2002,0.193121112330772,13665,jo_lx_derive
F,110,2002,0.20642118628695805,11026,jo_lx_derive
F,111,2002,0.22022857142857144,8750,jo_lx_derive
F,112,2002,0.23450095266012017,6823,jo_lx_derive
F,113,2002,0.24909056098027949,5223,jo_lx_derive
F,114,2002,0.26415094339622647,3922,jo_lx_derive
F,115,2002,0.2796257796257796,2886,jo_lx_derive
F,116,2002,0.29581529581529586,2079,jo_lx_derive
F,117,2002,0.31215846994535523,1464,jo_lx_derive
F,118,2002,0.3286991062562066,1007,jo_lx_derive
F,119,2002,0.34615384615384615,676,jo_lx_derive
F,120,2002,1.0,442,fermeture_hypothese
F,0,2003,0.002569999999999961,100000,jo_lx_derive
F,1,2003,0.0008221128299730207,99743,jo_lx_derive
F,2,2003,0.00036122455122866715,99661,jo_lx_derive
F,3,2003,0.0002107904642408842,99625,jo_lx_derive
F,4,2003,0.00014055660415246418,99604,jo_lx_derive
F,5,2003,0.00012049402550451394,99590,jo_lx_derive
F,6,2003,9.038140954831242e-05,99578,jo_lx_derive
F,7,2003,9.038957908591438e-05,99569,jo_lx_derive
F,8,2003,8.035355564484092e-05,99560,jo_lx_derive
F,9,2003,8.036001285760541e-05,99552,jo_lx_derive
F,10,2003,8.036647110820638e-05,99544,jo_lx_derive
F,11,2003,8.037293039708793e-05,99536,jo_lx_derive
F,12,2003,9.042681456472579e-05,99528,jo_lx_derive
F,13,2003,0.00010048332479228872,99519,jo_lx_derive
F,14,2003,0.00011054276497601823,99509,jo_lx_derive
F,15,2003,0.0001306558925807666,99498,jo_lx_derive
F,16,2003,0.0001507764989696625,99485,jo_lx_derive
F,17,2003,0.0001709058007439701,99470,jo_lx_derive
F,18,2003,0.0002011000170935029,99453,jo_lx_derive
F,19,2003,0.0002212545130891863,99433,jo_lx_derive
F,20,2003,0.00023136272645885025,99411,jo_lx_derive
F,21,2003,0.00024147784440775588,99388,jo_lx_derive
F,22,2003,0.00023147216295638096,99364,jo_lx_derive
F,23,2003,0.00023152575472362713,99341,jo_lx_derive
F,24,2003,0.00024164803963022674,99318,jo_lx_derive
F,25,2003,0.00024170644751952963,99294,jo_lx_derive
F,26,2003,0.00024176488365068582,99270,jo_lx_derive
F,27,2003,0.00024182334804423444,99246,jo_lx_derive
F,28,2003,0.0002519602507508045,99222,jo_lx_derive
F,29,2003,0.0002621047007469457,99197,jo_lx_derive
F,30,2003,0.00026217341763212776,99171,jo_lx_derive
F,31,2003,0.0002723284078874899,99145,jo_lx_derive
F,32,2003,0.00028249157569770755,99118,jo_lx_derive
F,33,2003,0.00029266323544252515,99090,jo_lx_derive
F,34,2003,0.00031293849244407035,99061,jo_lx_derive
F,35,2003,0.00032313440371600777,99030,jo_lx_derive
F,36,2003,0.0003434412816420984,98998,jo_lx_derive
F,37,2003,0.00036376864314291435,98964,jo_lx_derive
F,38,2003,0.00038411774219637707,98928,jo_lx_derive
F,39,2003,0.00042471432905244466,98890,jo_lx_derive
F,40,2003,0.0004552444156684654,98848,jo_lx_derive
F,41,2003,0.0004959363582077714,98803,jo_lx_derive
F,42,2003,0.0005468132936387038,98754,jo_lx_derive
F,43,2003,0.0006382978723403765,98700,jo_lx_derive
F,44,2003,0.0006488437401785951,98637,jo_lx_derive
F,45,2003,0.0006999888407576149,98573,jo_lx_derive
F,46,2003,0.0007512385283846568,98504,jo_lx_derive
F,47,2003,0.0008026008330793699,98430,jo_lx_derive
F,48,2003,0.0008642515073562507,98351,jo_lx_derive
F,49,2003,0.0009667636822502379,98266,jo_lx_derive
F,50,2003,0.001039003371667846,98171,jo_lx_derive
F,51,2003,0.0010604778268361592,98069,jo_lx_derive
F,52,2003,0.0010922268156995374,97965,jo_lx_derive
F,53,2003,0.0011342966338980798,97858,jo_lx_derive
F,54,2003,0.001145815216835322,97747,jo_lx_derive
F,55,2003,0.001157371844113242,97635,jo_lx_derive
F,56,2003,0.0012099833883636446,97522,jo_lx_derive
F,57,2003,0.0012525152971130105,97404,jo_lx_derive
F,58,2003,0.001274644846939843,97282,jo_lx_derive
F,59,2003,0.0012968566664608439,97158,jo_lx_derive
F,60,2003,0.0013191524445543834,97032,jo_lx_derive
F,61,2003,0.001331214397754521,96904,jo_lx_derive
F,62,2003,0.001332988891759257,96775,jo_lx_derive
F,63,2003,0.0013554622022639018,96646,jo_lx_derive
F,64,2003,0.0014091073926332243,96515,jo_lx_derive
F,65,2003,0.001452598595129695,96379,jo_lx_derive
F,66,2003,0.0015170564947681875,96239,jo_lx_derive
F,67,2003,0.0015713943783626227,96093,jo_lx_derive
F,68,2003,0.0016364053282191815,95942,jo_lx_derive
F,69,2003,0.0017017278279479742,95785,jo_lx_derive
F,70,2003,0.0017882913973771286,95622,jo_lx_derive
F,71,2003,0.001875307749525934,95451,jo_lx_derive
F,72,2003,0.001973297506087879,95272,jo_lx_derive
F,73,2003,0.0021034033065500113,95084,jo_lx_derive
F,74,2003,0.0022237679693098977,94884,jo_lx_derive
F,75,2003,0.002387164239012196,94673,jo_lx_derive
F,76,2003,0.002572871557593115,94447,jo_lx_derive
F,77,2003,0.0028024287716020835,94204,jo_lx_derive
F,78,2003,0.003055141579731746,93940,jo_lx_derive
F,79,2003,0.0033848355098075045,93653,jo_lx_derive
F,80,2003,0.0037927487786063585,93336,jo_lx_derive
F,81,2003,0.004291153126411595,92982,jo_lx_derive
F,82,2003,0.004914509143147283,92583,jo_lx_derive
F,83,2003,0.005720302188259807,92128,jo_lx_derive
F,84,2003,0.0067466512374319,91601,jo_lx_derive
F,85,2003,0.00810041436312281,90983,jo_lx_derive
F,86,2003,0.009884094585909664,90246,jo_lx_derive
F,87,2003,0.012198670456834648,89354,jo_lx_derive
F,88,2003,0.015136408954953273,88264,jo_lx_derive
F,89,2003,0.018774157923798995,86928,jo_lx_derive
F,90,2003,0.023107765897580235,85296,jo_lx_derive
F,91,2003,0.028034803480348036,83325,jo_lx_derive
F,92,2003,0.03336255540875921,80989,jo_lx_derive
F,93,2003,0.038997534712021165,78287,jo_lx_derive
F,94,2003,0.04511258207725233,75234,jo_lx_derive
F,95,2003,0.05168429844097999,71840,jo_lx_derive
F,96,2003,0.058743229556563525,68127,jo_lx_derive
F,97,2003,0.06624561403508777,64125,jo_lx_derive
F,98,2003,0.07421881523790441,59877,jo_lx_derive
F,99,2003,0.08264030451175297,55433,jo_lx_derive
F,100,2003,0.09154015574608665,50852,jo_lx_derive
F,101,2003,0.10087235101846437,46197,jo_lx_derive
F,102,2003,0.11064833762669424,41537,jo_lx_derive
F,103,2003,0.1208954819847865,36941,jo_lx_derive
F,104,2003,0.13154734411085456,32475,jo_lx_derive
F,105,2003,0.14267985675282768,28203,jo_lx_derive
F,106,2003,0.15422474047727364,24179,jo_lx_derive
F,107,2003,0.16625916870415647,20450,jo_lx_derive
F,108,2003,0.17865102639296193,17050,jo_lx_derive
F,109,2003,0.19151670951156807,14004,jo_lx_derive
F,110,2003,0.20482246952835192,11322,jo_lx_derive
F,111,2003,0.218593802065978,9003,jo_lx_derive
F,112,2003,0.23269367448471923,7035,jo_lx_derive
F,113,2003,0.2473138199333086,5398,jo_lx_derive
F,114,2003,0.26236770858971203,4063,jo_lx_derive
F,115,2003,0.2776109442776109,2997,jo_lx_derive
F,116,2003,0.29376443418013853,2165,jo_lx_derive
F,117,2003,0.3100065402223675,1529,jo_lx_derive
F,118,2003,0.3270142180094787,1055,jo_lx_derive
F,119,2003,0.3436619718309859,710,jo_lx_derive
F,120,2003,1.0,466,fermeture_hypothese
F,0,2004,0.0025600000000000067,100000,jo_lx_derive
F,1,2004,0.0008221045877446764,99744,jo_lx_derive
F,2,2004,0.0003712548413637995,99662,jo_lx_derive
F,3,2004,0.00020075282308662512,99625,jo_lx_derive
F,4,2004,0.00015059484965618264,99605,jo_lx_derive
F,5,2004,0.00011045285671251737,99590,jo_lx_derive
F,6,2004,9.038050191301217e-05,99579,jo_lx_derive
F,7,2004,9.038867128652317e-05,99570,jo_lx_derive
F,8,2004,8.035274856621477e-05,99561,jo_lx_derive
F,9,2004,8.035920564930521e-05,99553,jo_lx_derive
F,10,2004,8.036566377012111e-05,99545,jo_lx_derive
F,11,2004,9.041863829528651e-05,99537,jo_lx_derive
F,12,2004,9.042681456472579e-05,99528,jo_lx_derive
F,13,2004,9.043499231298213e-05,99519,jo_lx_derive
F,14,2004,0.00011054165410506744,99510,jo_lx_derive
F,15,2004,0.00013065457944305692,99499,jo_lx_derive
F,16,2004,0.0001507749834147587,99486,jo_lx_derive
F,17,2004,0.00017090408259690104,99471,jo_lx_derive
F,18,2004,0.00020109799505296788,99454,jo_lx_derive
F,19,2004,0.00022125228794978025,99434,jo_lx_derive
F,20,2004,0.0002313603991469515,99412,jo_lx_derive
F,21,2004,0.00024147541478436452,99389,jo_lx_derive
F,22,2004,0.00023146983344235483,99365,jo_lx_derive
F,23,2004,0.0002315234241307973,99342,jo_lx_derive
F,24,2004,0.00024164560658079814,99319,jo_lx_derive
F,25,2004,0.00024170401329370872,99295,jo_lx_derive
F,26,2004,0.00024176244824769544,99271,jo_lx_derive
F,27,2004,0.00024182091146329743,99247,jo_lx_derive
F,28,2004,0.0002519577114177274,99223,jo_lx_derive
F,29,2004,0.0002621020585092948,99198,jo_lx_derive
F,30,2004,0.0002621707740088075,99172,jo_lx_derive
F,31,2004,0.00027232566114621104,99146,jo_lx_derive
F,32,2004,0.00028248872567315786,99119,jo_lx_derive
F,33,2004,0.00029266028196306415,99091,jo_lx_derive
F,34,2004,0.0003028406452524335,99062,jo_lx_derive
F,35,2004,0.0003231278778577096,99032,jo_lx_derive
F,36,2004,0.00034343434343431234,99000,jo_lx_derive
F,37,2004,0.0003637612917567479,98966,jo_lx_derive
F,38,2004,0.0003841099767512013,98930,jo_lx_derive
F,39,2004,0.0004145936981757581,98892,jo_lx_derive
F,40,2004,0.0004552305995892958,98851,jo_lx_derive
F,41,2004,0.0004959213003259411,98806,jo_lx_derive
F,42,2004,0.0005467966827668036,98757,jo_lx_derive
F,43,2004,0.0006281470674650569,98703,jo_lx_derive
F,44,2004,0.0006386796565323039,98641,jo_lx_derive
F,45,2004,0.0006999533364442367,98578,jo_lx_derive
F,46,2004,0.0007512003979331938,98509,jo_lx_derive
F,47,2004,0.0007924010768527445,98435,jo_lx_derive
F,48,2004,0.000854031741513106,98357,jo_lx_derive
F,49,2004,0.0009565190845909344,98273,jo_lx_derive
F,50,2004,0.0010185477546115207,98179,jo_lx_derive
F,51,2004,0.0010501738394559368,98079,jo_lx_derive
F,52,2004,0.0010818976075773756,97976,jo_lx_derive
F,53,2004,0.0011137222846633321,97870,jo_lx_derive
F,54,2004,0.0011251930729022641,97761,jo_lx_derive
F,55,2004,0.0011469416595836224,97651,jo_lx_derive
F,56,2004,0.00118926788259055,97539,jo_lx_derive
F,57,2004,0.0012317419911109795,97423,jo_lx_derive
F,58,2004,0.0012435382259540217,97303,jo_lx_derive
F,59,2004,0.001275956452841065,97182,jo_lx_derive
F,60,2004,0.001298192833151357,97058,jo_lx_derive
F,61,2004,0.0012998803284777205,96932,jo_lx_derive
F,62,2004,0.0013119021548251286,96806,jo_lx_derive
F,63,2004,0.0013343125187476046,96679,jo_lx_derive
F,64,2004,0.00137752459865359,96550,jo_lx_derive
F,65,2004,0.0014312828650548948,96417,jo_lx_derive
F,66,2004,0.0014748802958070018,96279,jo_lx_derive
F,67,2004,0.0015394697150941106,96137,jo_lx_derive
F,68,2004,0.001604350498494611,95989,jo_lx_derive
F,69,2004,0.0016591015808420373,95835,jo_lx_derive
F,70,2004,0.0017454743091266378,95676,jo_lx_derive
F,71,2004,0.0018427582740893067,95509,jo_lx_derive
F,72,2004,0.0019195871314234836,95333,jo_lx_derive
F,73,2004,0.002049395691014144,95150,jo_lx_derive
F,74,2004,0.0021694486862198215,94955,jo_lx_derive
F,75,2004,0.0023219242419445507,94749,jo_lx_derive
F,76,2004,0.002507167112737907,94529,jo_lx_derive
F,77,2004,0.002725575870699548,94292,jo_lx_derive
F,78,2004,0.0029776147179241264,94035,jo_lx_derive
F,79,2004,0.0032958242227081325,93755,jo_lx_derive
F,80,2004,0.003691971834000385,93446,jo_lx_derive
F,81,2004,0.004167516997669152,93101,jo_lx_derive
F,82,2004,0.004788972420264659,92713,jo_lx_derive
F,83,2004,0.005570668371825849,92269,jo_lx_derive
F,84,2004,0.0065827475341943,91755,jo_lx_derive
F,85,2004,0.007909951618742528,91151,jo_lx_derive
F,86,2004,0.009642817649010316,90430,jo_lx_derive
F,87,2004,0.011925232810022557,89558,jo_lx_derive
F,88,2004,0.014815233359701696,88490,jo_lx_derive
F,89,2004,0.018398926346941402,87179,jo_lx_derive
F,90,2004,0.022658486707566428,85575,jo_lx_derive
F,91,2004,0.027535989286909923,83636,jo_lx_derive
F,92,2004,0.03279111799638523,81333,jo_lx_derive
F,93,2004,0.03836473190450762,78666,jo_lx_derive
F,94,2004,0.04441624365482233,75648,jo_lx_derive
F,95,2004,0.05093514829570611,72288,jo_lx_derive
F,96,2004,0.057939538815847014,68606,jo_lx_derive
F,97,2004,0.06538657919574198,64631,jo_lx_derive
F,98,2004,0.07330518996771795,60405,jo_lx_derive
F,99,2004,0.08165853832824199,55977,jo_lx_derive
F,100,2004,0.09049527292533943,51406,jo_lx_derive
F,101,2004,0.09977755913932496,46754,jo_lx_derive
F,102,2004,0.10950604671054198,42089,jo_lx_derive
F,103,2004,0.11966382070437565,37480,jo_lx_derive
F,104,2004,0.13029246855584176,32995,jo_lx_derive
F,105,2004,0.14137858935043213,28696,jo_lx_derive
F,106,2004,0.1528471123016356,24639,jo_lx_derive
F,107,2004,0.16480620897810572,20873,jo_lx_derive
F,108,2004,0.17713531807491534,17433,jo_lx_derive
F,109,2004,0.1900313698152667,14345,jo_lx_derive
F,110,2004,0.2032016524657888,11619,jo_lx_derive
F,111,2004,0.21689349751566211,9258,jo_lx_derive
F,112,2004,0.2310344827586207,7250,jo_lx_derive
F,113,2004,0.24556053811659195,5575,jo_lx_derive
F,114,2004,0.2605801236329054,4206,jo_lx_derive
F,115,2004,0.2758842443729903,3110,jo_lx_derive
F,116,2004,0.2917406749555951,2252,jo_lx_derive
F,117,2004,0.3078369905956113,1595,jo_lx_derive
F,118,2004,0.3242753623188406,1104,jo_lx_derive
F,119,2004,0.3418230563002681,746,jo_lx_derive
F,120,2004,1.0,491,fermeture_hypothese
F,0,2005,0.0025500000000000522,100000,jo_lx_derive
F,1,2005,0.0008220963456815333,99745,jo_lx_derive
F,2,2005,0.00037125111626179486,99663,jo_lx_derive
F,3,2005,0.00021078834842314098,99626,jo_lx_derive
F,4,2005,0.00014055519301237052,99605,jo_lx_derive
F,5,2005,0.00011045174764789945,99591,jo_lx_derive
F,6,2005,0.00010042177144009568,99580,jo_lx_derive
F,7,2005,8.034548558799592e-05,99570,jo_lx_derive
F,8,2005,8.035194150379787e-05,99562,jo_lx_derive
F,9,2005,8.035839845710324e-05,99554,jo_lx_derive
F,10,2005,8.036485644824509e-05,99546,jo_lx_derive
F,11,2005,9.041772991214003e-05,99538,jo_lx_derive
F,12,2005,9.042590601737732e-05,99529,jo_lx_derive
F,13,2005,0.0001004823151125045,99520,jo_lx_derive
F,14,2005,0.00011054165410506744,99510,jo_lx_derive
F,15,2005,0.0001206042271781893,99499,jo_lx_derive
F,16,2005,0.00015077346789027501,99487,jo_lx_derive
F,17,2005,0.00017090236448447094,99472,jo_lx_derive
F,18,2005,0.00020109597305317806,99455,jo_lx_derive
F,19,2005,0.00022125006285511617,99435,jo_lx_derive
F,20,2005,0.00023135807188190416,99413,jo_lx_derive
F,21,2005,0.00024147298520982297,99390,jo_lx_derive
F,22,2005,0.00023146750397518012,99366,jo_lx_derive
F,23,2005,0.00023152109358481887,99343,jo_lx_derive
F,24,2005,0.00024164317358033038,99320,jo_lx_derive
F,25,2005,0.00024170157911695966,99296,jo_lx_derive
F,26,2005,0.00024176001289388793,99272,jo_lx_derive
F,27,2005,0.00024181847493143227,99248,jo_lx_derive
F,28,2005,0.0002519551721357205,99224,jo_lx_derive
F,29,2005,0.00025201866954305263,99199,jo_lx_derive
F,30,2005,0.0002621654869219281,99174,jo_lx_derive
F,31,2005,0.0002723201678299647,99148,jo_lx_derive
F,32,2005,0.00028248302579669815,99121,jo_lx_derive
F,33,2005,0.00029265437518288806,99093,jo_lx_derive
F,34,2005,0.0003028345312121594,99064,jo_lx_derive
F,35,2005,0.0003231213522628673,99034,jo_lx_derive
F,36,2005,0.0003434274055069686,99002,jo_lx_derive
F,37,2005,0.0003637539406676771,98968,jo_lx_derive
F,38,2005,0.0003841022116201076,98932,jo_lx_derive
F,39,2005,0.00041458531356808326,98894,jo_lx_derive
F,40,2005,0.00045522138933562495,98853,jo_lx_derive
F,41,2005,0.0004857906242409227,98808,jo_lx_derive
F,42,2005,0.0005467800729039851,98760,jo_lx_derive
F,43,2005,0.0006281279760095293,98706,jo_lx_derive
F,44,2005,0.0006285227687441441,98644,jo_lx_derive
F,45,2005,0.0006999249355865711,98582,jo_lx_derive
F,46,2005,0.0007308680072680707,98513,jo_lx_derive
F,47,2005,0.0007923527798376906,98441,jo_lx_derive
F,48,2005,0.0008438132224515282,98363,jo_lx_derive
F,49,2005,0.0009462759462759429,98280,jo_lx_derive
F,50,2005,0.001008280118549254,98187,jo_lx_derive
F,51,2005,0.001029687627436604,98088,jo_lx_derive
F,52,2005,0.001071570718564674,97987,jo_lx_derive
F,53,2005,0.0011033693631107289,97882,jo_lx_derive
F,54,2005,0.0011045881318141326,97774,jo_lx_derive
F,55,2005,0.001126287551450833,97666,jo_lx_derive
F,56,2005,0.001168559596539387,97556,jo_lx_derive
F,57,2005,0.0012109767861907539,97442,jo_lx_derive
F,58,2005,0.0012227199868480865,97324,jo_lx_derive
F,59,2005,0.0012550794712206104,97205,jo_lx_derive
F,60,2005,0.0012669571397669888,97083,jo_lx_derive
F,61,2005,0.0012788778877887985,96960,jo_lx_derive
F,62,2005,0.0012908422487504234,96836,jo_lx_derive
F,63,2005,0.0013028507615472362,96711,jo_lx_derive
F,64,2005,0.0013563182688823838,96585,jo_lx_derive
F,65,2005,0.0013996309121446782,96454,jo_lx_derive
F,66,2005,0.0014431212948639027,96319,jo_lx_derive
F,67,2005,0.0015075899355375677,96180,jo_lx_derive
F,68,2005,0.0015619305461550548,96035,jo_lx_derive
F,69,2005,0.0016269489492621858,95885,jo_lx_derive
F,70,2005,0.0017131694679772824,95729,jo_lx_derive
F,71,2005,0.0017893580285669453,95565,jo_lx_derive
F,72,2005,0.0018764282868943827,95394,jo_lx_derive
F,73,2005,0.0019954839048469397,95215,jo_lx_derive
F,74,2005,0.0021152328334649306,95025,jo_lx_derive
F,75,2005,0.0022673584746477626,94824,jo_lx_derive
F,76,2005,0.0024416281749093383,94609,jo_lx_derive
F,77,2005,0.0026489224183602333,94378,jo_lx_derive
F,78,2005,0.002900305966343719,94128,jo_lx_derive
F,79,2005,0.003207074742954563,93855,jo_lx_derive
F,80,2005,0.0035915086474122004,93554,jo_lx_derive
F,81,2005,0.004065738376708317,93218,jo_lx_derive
F,82,2005,0.004653216859294096,92839,jo_lx_derive
F,83,2005,0.0054324888807124605,92407,jo_lx_derive
F,84,2005,0.006419672487895101,91905,jo_lx_derive
F,85,2005,0.007709576739856505,91315,jo_lx_derive
F,86,2005,0.009424904261072009,90611,jo_lx_derive
F,87,2005,0.011653687177601735,89757,jo_lx_derive
F,88,2005,0.014496511142924828,88711,jo_lx_derive
F,89,2005,0.018026880183014016,87425,jo_lx_derive
F,90,2005,0.02223671795827553,85849,jo_lx_derive
F,91,2005,0.027031212771026936,83940,jo_lx_derive
F,92,2005,0.03221461718357799,81671,jo_lx_derive
F,93,2005,0.03775303643724692,79040,jo_lx_derive
F,94,2005,0.04373093510045234,76056,jo_lx_derive
F,95,2005,0.05021311700811215,72730,jo_lx_derive
F,96,2005,0.057138307420597,69078,jo_lx_derive
F,97,2005,0.0645314827040887,65131,jo_lx_derive
F,98,2005,0.07239692752100846,60928,jo_lx_derive
F,99,2005,0.08070138188509657,56517,jo_lx_derive
F,100,2005,0.08947955962737697,51956,jo_lx_derive
F,101,2005,0.09869575327118607,47307,jo_lx_derive
F,102,2005,0.10837750363525489,42638,jo_lx_derive
F,103,2005,0.1184733145697977,38017,jo_lx_derive
F,104,2005,0.1290543968012413,33513,jo_lx_derive
F,105,2005,0.1400575579005071,29188,jo_lx_derive
F,106,2005,0.15147410358565738,25100,jo_lx_derive
F,107,2005,0.16339562400225371,21298,jo_lx_derive
F,108,2005,0.17566505780671227,17818,jo_lx_derive
F,109,2005,0.18845315904139437,14688,jo_lx_derive
F,110,2005,0.20167785234899327,11920,jo_lx_derive
F,111,2005,0.21521647751155948,9516,jo_lx_derive
F,112,2005,0.22937868237814674,7468,jo_lx_derive
F,113,2005,0.24378801042571674,5755,jo_lx_derive
F,114,2005,0.2587316176470589,4352,jo_lx_derive
F,115,2005,0.27402355858648486,3226,jo_lx_derive
F,116,2005,0.2899231426131511,2342,jo_lx_derive
F,117,2005,0.30607336139506913,1663,jo_lx_derive
F,118,2005,0.32235701906412473,1154,jo_lx_derive
F,119,2005,0.34015345268542196,782,jo_lx_derive
F,120,2005,1.0,516,fermeture_hypothese
M,96,1900,0.26519000000000004,100000,jo_lx_derive
M,97,1900,0.2838965174671003,73481,jo_lx_derive
M,98,1900,0.30376282782212083,52620,jo_lx_derive
M,99,1900,0.32476252866033406,36636,jo_lx_derive
M,100,1900,0.346915676287493,24738,jo_lx_derive
M,101,1900,0.37020302054964105,16156,jo_lx_derive
M,102,1900,0.3947911547911548,10175,jo_lx_derive
M,103,1900,0.42042871062033127,6158,jo_lx_derive
M,104,1900,0.4469038946483609,3569,jo_lx_derive
M,105,1900,0.4741641337386018,1974,jo_lx_derive
M,106,1900,0.5019267822736031,1038,jo_lx_derive
M,107,1900,0.5299806576402322,517,jo_lx_derive
M,108,1900,0.5596707818930041,243,jo_lx_derive
M,109,1900,0.5887850467289719,107,jo_lx_derive
M,110,1900,0.6136363636363636,44,jo_lx_derive
M,111,1900,0.6470588235294117,17,jo_lx_derive
M,112,1900,0.6666666666666667,6,jo_lx_derive
M,113,1900,0.5,2,jo_lx_derive
M,114,1900,1.0,1,jo_fin_table
M,115,1900,1.0,0,jo_fin_table
M,116,1900,1.0,0,jo_fin_table
M,117,1900,1.0,0,jo_fin_table
M,118,1900,1.0,0,jo_fin_table
M,119,1900,1.0,0,jo_fin_table
M,120,1900,1.0,0,jo_fin_table
M,95,1901,0.24673,100000,jo_lx_derive
M,96,1901,0.26452666374606715,75327,jo_lx_derive
M,97,1901,0.2834605873540189,55401,jo_lx_derive
M,98,1901,0.30352419578305667,39697,jo_lx_derive
M,99,1901,0.3247251157407407,27648,jo_lx_derive
M,100,1901,0.3470808784145688,18670,jo_lx_derive
M,101,1901,0.3706316652994257,12190,jo_lx_derive
M,102,1901,0.39533368091762255,7672,jo_lx_derive
M,103,1901,0.42099590428971756,4639,jo_lx_derive
M,104,1901,0.44713328369322414,2686,jo_lx_derive
M,105,1901,0.4740740740740741,1485,jo_lx_derive
M,106,1901,0.5019206145966709,781,jo_lx_derive
M,107,1901,0.5295629820051414,389,jo_lx_derive
M,108,1901,0.5573770491803278,183,jo_lx_derive
M,109,1901,0.5802469135802469,81,jo_lx_derive
M,110,1901,0.6176470588235294,34,jo_lx_derive
M,111,1901,0.6153846153846154,13,jo_lx_derive
M,112,1901,0.6,5,jo_lx_derive
M,113,1901,1.0,2,jo_fin_table
M,114,1901,1.0,0,jo_fin_table
M,115,1901,1.0,0,jo_fin_table
M,116,1901,1.0,0,jo_fin_table
M,117,1901,1.0,0,jo_fin_table
M,118,1901,1.0,0,jo_fin_table
M,119,1901,1.0,0,jo_fin_table
M,120,1901,1.0,0,jo_fin_table
M,94,1902,0.22667000000000004,100000,jo_lx_derive
M,95,1902,0.2458458872667555,77333,jo_lx_derive
M,96,1902,0.2638672176403011,58321,jo_lx_derive
M,97,1902,0.28300568340631693,42932,jo_lx_derive
M,98,1902,0.30326164641673703,30782,jo_lx_derive
M,99,1902,0.32470741828693994,21447,jo_lx_derive
M,100,1902,0.34723468894566045,14483,jo_lx_derive
M,101,1902,0.3710598688385869,9454,jo_lx_derive
M,102,1902,0.39572822065253954,5946,jo_lx_derive
M,103,1902,0.4210965766768717,3593,jo_lx_derive
M,104,1902,0.44663461538461535,2080,jo_lx_derive
M,105,1902,0.47350130321459605,1151,jo_lx_derive
M,106,1902,0.5,606,jo_lx_derive
M,107,1902,0.528052805280528,303,jo_lx_derive
M,108,1902,0.5524475524475525,143,jo_lx_derive
M,109,1902,0.59375,64,jo_lx_derive
M,110,1902,0.6153846153846154,26,jo_lx_derive
M,111,1902,0.6,10,jo_lx_derive
M,112,1902,0.75,4,jo_lx_derive
M,113,1902,1.0,1,jo_fin_table
M,114,1902,1.0,0,jo_fin_table
M,115,1902,1.0,0,jo_fin_table
M,116,1902,1.0,0,jo_fin_table
M,117,1902,1.0,0,jo_fin_table
M,118,1902,1.0,0,jo_fin_table
M,119,1902,1.0,0,jo_fin_table
M,120,1902,1.0,0,jo_fin_table
M,93,1903,0.20975999999999995,100000,jo_lx_derive
M,94,1903,0.22558969427009512,79024,jo_lx_derive
M,95,1903,0.24497932905207775,61197,jo_lx_derive
M,96,1903,0.2631749810626556,46205,jo_lx_derive
M,97,1903,0.28253781759436036,34045,jo_lx_derive
M,98,1903,0.30299680668140505,24426,jo_lx_derive
M,99,1903,0.32464023494860494,17025,jo_lx_derive
M,100,1903,0.3474517307357802,11498,jo_lx_derive
M,101,1903,0.37118485938957746,7503,jo_lx_derive
M,102,1903,0.39550657058075456,4718,jo_lx_derive
M,103,1903,0.42075736325385693,2852,jo_lx_derive
M,104,1903,0.4461259079903148,1652,jo_lx_derive
M,105,1903,0.4721311475409836,915,jo_lx_derive
M,106,1903,0.4989648033126294,483,jo_lx_derive
M,107,1903,0.524793388429752,242,jo_lx_derive
M,108,1903,0.5565217391304348,115,jo_lx_derive
M,109,1903,0.5882352941176471,51,jo_lx_derive
M,110,1903,0.6190476190476191,21,jo_lx_derive
M,111,1903,0.625,8,jo_lx_derive
M,112,1903,0.6666666666666667,3,jo_lx_derive
M,113,1903,1.0,1,jo_fin_table
M,114,1903,1.0,0,jo_fin_table
M,115,1903,1.0,0,jo_fin_table
M,116,1903,1.0,0,jo_fin_table
M,117,1903,1.0,0,jo_fin_table
M,118,1903,1.0,0,jo_fin_table
M,119,1903,1.0,0,jo_fin_table
M,120,1903,1.0,0,jo_fin_table
M,92,1904,0.19162999999999997,100000,jo_lx_derive
M,93,1904,0.2084812647673714,80837,jo_lx_derive
M,94,1904,0.22452488122030512,63984,jo_lx_derive
M,95,1904,0.24408480793260512,49618,jo_lx_derive
M,96,1904,0.2625109979470499,37507,jo_lx_derive
M,97,1904,0.2820577708687322,27661,jo_lx_derive
M,98,1904,0.3027342766503852,19859,jo_lx_derive
M,99,1904,0.3245468332490792,13847,jo_lx_derive
M,100,1904,0.34737517374104565,9353,jo_lx_derive
M,101,1904,0.3709043250327654,6104,jo_lx_derive
M,102,1904,0.3950520833333333,3840,jo_lx_derive
M,103,1904,0.4197158846319414,2323,jo_lx_derive
M,104,1904,0.4451038575667656,1348,jo_lx_derive
M,105,1904,0.47058823529411764,748,jo_lx_derive
M,106,1904,0.4974747474747475,396,jo_lx_derive
M,107,1904,0.5226130653266332,199,jo_lx_derive
M,108,1904,0.5473684210526315,95,jo_lx_derive
M,109,1904,0.5813953488372092,43,jo_lx_derive
M,110,1904,0.6111111111111112,18,jo_lx_derive
M,111,1904,0.5714285714285714,7,jo_lx_derive
M,112,1904,0.6666666666666667,3,jo_lx_derive
M,113,1904,1.0,1,jo_fin_table
M,114,1904,1.0,0,jo_fin_table
M,115,1904,1.0,0,jo_fin_table
M,116,1904,1.0,0,jo_fin_table
M,117,1904,1.0,0,jo_fin_table
M,118,1904,1.0,0,jo_fin_table
M,119,1904,1.0,0,jo_fin_table
M,120,1904,1.0,0,jo_fin_table
M,91,1905,0.17498999999999998,100000,jo_lx_derive
M,92,1905,0.18991284954121768,82501,jo_lx_derive
M,93,1905,0.2072179911121751,66833,jo_lx_derive
M,94,1905,0.22344481352861245,52984,jo_lx_derive
M,95,1905,0.24321302709928305,41145,jo_lx_derive
M,96,1905,0.26180229944119726,31138,jo_lx_derive
M,97,1905,0.2815626903332463,22986,jo_lx_derive
M,98,1905,0.3024706309797748,16514,jo_lx_derive
M,99,1905,0.3242468964319819,11519,jo_lx_derive
M,100,1905,0.3468653648509764,7784,jo_lx_derive
M,101,1905,0.3701809598741149,5084,jo_lx_derive
M,102,1905,0.3941286695815116,3202,jo_lx_derive
M,103,1905,0.4185567010309278,1940,jo_lx_derive
M,104,1905,0.44326241134751776,1128,jo_lx_derive
M,105,1905,0.46974522292993626,628,jo_lx_derive
M,106,1905,0.49549549549549554,333,jo_lx_derive
M,107,1905,0.5178571428571428,168,jo_lx_derive
M,108,1905,0.5555555555555556,81,jo_lx_derive
M,109,1905,0.5833333333333333,36,jo_lx_derive
M,110,1905,0.6,15,jo_lx_derive
M,111,1905,0.6666666666666667,6,jo_lx_derive
M,112,1905,0.5,2,jo_lx_derive
M,113,1905,1.0,1,jo_fin_table
M,114,1905,1.0,0,jo_fin_table
M,115,1905,1.0,0,jo_fin_table
M,116,1905,1.0,0,jo_fin_table
M,117,1905,1.0,0,jo_fin_table
M,118,1905,1.0,0,jo_fin_table
M,119,1905,1.0,0,jo_fin_table
M,120,1905,1.0,0,jo_fin_table
M,90,1906,0.16005999999999998,100000,jo_lx_derive
M,91,1906,0.1731552253732409,83994,jo_lx_derive
M,92,1906,0.18820734341252698,69450,jo_lx_derive
M,93,1906,0.20594547615246817,56379,jo_lx_derive
M,94,1906,0.22236865618298784,44768,jo_lx_derive
M,95,1906,0.24232327004280008,34813,jo_lx_derive
M,96,1906,0.26113659627705954,26377,jo_lx_derive
M,97,1906,0.28103032479860435,19489,jo_lx_derive
M,98,1906,0.3020268341421639,14012,jo_lx_derive
M,99,1906,0.3237218813905931,9780,jo_lx_derive
M,100,1906,0.3460840641064409,6614,jo_lx_derive
M,101,1906,0.3692485549132948,4325,jo_lx_derive
M,102,1906,0.39296187683284456,2728,jo_lx_derive
M,103,1906,0.41666666666666663,1656,jo_lx_derive
M,104,1906,0.44202898550724634,966,jo_lx_derive
M,105,1906,0.4675324675324676,539,jo_lx_derive
M,106,1906,0.49128919860627174,287,jo_lx_derive
M,107,1906,0.5205479452054795,146,jo_lx_derive
M,108,1906,0.5428571428571429,70,jo_lx_derive
M,109,1906,0.5625,32,jo_lx_derive
M,110,1906,0.5714285714285714,14,jo_lx_derive
M,111,1906,0.6666666666666667,6,jo_lx_derive
M,112,1906,0.5,2,jo_lx_derive
M,113,1906,1.0,1,jo_fin_table
M,114,1906,1.0,0,jo_fin_table
M,115,1906,1.0,0,jo_fin_table
M,116,1906,1.0,0,jo_fin_table
M,117,1906,1.0,0,jo_fin_table
M,118,1906,1.0,0,jo_fin_table
M,119,1906,1.0,0,jo_fin_table
M,120,1906,1.0,0,jo_fin_table
M,89,1907,0.14226000000000005,100000,jo_lx_derive
M,90,1907,0.15821810805139092,85774,jo_lx_derive
M,91,1907,0.1713225212248799,72203,jo_lx_derive
M,92,1907,0.18651914495345379,59833,jo_lx_derive
M,93,1907,0.20469254001191628,48673,jo_lx_derive
M,94,1907,0.22128648927925598,38710,jo_lx_derive
M,95,1907,0.24144108280254772,30144,jo_lx_derive
M,96,1907,0.2604303332458672,22866,jo_lx_derive
M,97,1907,0.2804092011117024,16911,jo_lx_derive
M,98,1907,0.301257293121867,12169,jo_lx_derive
M,99,1907,0.3228272374456075,8503,jo_lx_derive
M,100,1907,0.3450850989927058,5758,jo_lx_derive
M,101,1907,0.3678069477592151,3771,jo_lx_derive
M,102,1907,0.39135906040268453,2384,jo_lx_derive
M,103,1907,0.4148862853204687,1451,jo_lx_derive
M,104,1907,0.44051825677267376,849,jo_lx_derive
M,105,1907,0.4631578947368421,475,jo_lx_derive
M,106,1907,0.4901960784313726,255,jo_lx_derive
M,107,1907,0.5153846153846153,130,jo_lx_derive
M,108,1907,0.5396825396825398,63,jo_lx_derive
M,109,1907,0.5517241379310345,29,jo_lx_derive
M,110,1907,0.6153846153846154,13,jo_lx_derive
M,111,1907,0.6,5,jo_lx_derive
M,112,1907,0.5,2,jo_lx_derive
M,113,1907,1.0,1,jo_fin_table
M,114,1907,1.0,0,jo_fin_table
M,115,1907,1.0,0,jo_fin_table
M,116,1907,1.0,0,jo_fin_table
M,117,1907,1.0,0,jo_fin_table
M,118,1907,1.0,0,jo_fin_table
M,119,1907,1.0,0,jo_fin_table
M,120,1907,1.0,0,jo_fin_table
M,88,1908,0.12880000000000003,100000,jo_lx_derive
M,89,1908,0.14039256198347105,87120,jo_lx_derive
M,90,1908,0.15640481245576787,74889,jo_lx_derive
M,91,1908,0.16951057363555777,63176,jo_lx_derive
M,92,1908,0.18483999466331213,52467,jo_lx_derive
M,93,1908,0.2034417451892726,42769,jo_lx_derive
M,94,1908,0.22023599859105314,34068,jo_lx_derive
M,95,1908,0.2405420666290231,26565,jo_lx_derive
M,96,1908,0.2595786864931846,20175,jo_lx_derive
M,97,1908,0.27955549605034136,14938,jo_lx_derive
M,98,1908,0.3002230068760453,10762,jo_lx_derive
M,99,1908,0.3217368211392909,7531,jo_lx_derive
M,100,1908,0.3435787000783085,5108,jo_lx_derive
M,101,1908,0.3662391887861617,3353,jo_lx_derive
M,102,1908,0.38964705882352946,2125,jo_lx_derive
M,103,1908,0.4132613723978412,1297,jo_lx_derive
M,104,1908,0.4375821287779238,761,jo_lx_derive
M,105,1908,0.46028037383177567,428,jo_lx_derive
M,106,1908,0.48917748917748916,231,jo_lx_derive
M,107,1908,0.5084745762711864,118,jo_lx_derive
M,108,1908,0.5344827586206897,58,jo_lx_derive
M,109,1908,0.5555555555555556,27,jo_lx_derive
M,110,1908,0.5833333333333333,12,jo_lx_derive
M,111,1908,0.6,5,jo_lx_derive
M,112,1908,0.5,2,jo_lx_derive
M,113,1908,1.0,1,jo_fin_table
M,114,1908,1.0,0,jo_fin_table
M,115,1908,1.0,0,jo_fin_table
M,116,1908,1.0,0,jo_fin_table
M,117,1908,1.0,0,jo_fin_table
M,118,1908,1.0,0,jo_fin_table
M,119,1908,1.0,0,jo_fin_table
M,120,1908,1.0,0,jo_fin_table
M,87,1909,0.11675999999999997,100000,jo_lx_derive
M,88,1909,0.12702096825324938,88324,jo_lx_derive
M,89,1909,0.13856429544128135,77105,jo_lx_derive
M,90,1909,0.15458966290781528,66421,jo_lx_derive
M,91,1909,0.16772033551190502,56153,jo_lx_derive
M,92,1909,0.18318176955172782,46735,jo_lx_derive
M,93,1909,0.20217949389636924,38174,jo_lx_derive
M,94,1909,0.21916863672182818,30456,jo_lx_derive
M,95,1909,0.23956099407089693,23781,jo_lx_derive
M,96,1909,0.2585711125857111,18084,jo_lx_derive
M,97,1909,0.2784158711217184,13408,jo_lx_derive
M,98,1909,0.29901808785529715,9675,jo_lx_derive
M,99,1909,0.32025951046888823,6782,jo_lx_derive
M,100,1909,0.3420824295010846,4610,jo_lx_derive
M,101,1909,0.36465545664358723,3033,jo_lx_derive
M,102,1909,0.38713025428126624,1927,jo_lx_derive
M,103,1909,0.4106689246401355,1181,jo_lx_derive
M,104,1909,0.43534482758620685,696,jo_lx_derive
M,105,1909,0.4580152671755725,393,jo_lx_derive
M,106,1909,0.4835680751173709,213,jo_lx_derive
M,107,1909,0.509090909090909,110,jo_lx_derive
M,108,1909,0.537037037037037,54,jo_lx_derive
M,109,1909,0.56,25,jo_lx_derive
M,110,1909,0.5454545454545454,11,jo_lx_derive
M,111,1909,0.6,5,jo_lx_derive
M,112,1909,0.5,2,jo_lx_derive
M,113,1909,1.0,1,jo_fin_table
M,114,1909,1.0,0,jo_fin_table
M,115,1909,1.0,0,jo_fin_table
M,116,1909,1.0,0,jo_fin_table
M,117,1909,1.0,0,jo_fin_table
M,118,1909,1.0,0,jo_fin_table
M,119,1909,1.0,0,jo_fin_table
M,120,1909,1.0,0,jo_fin_table
M,86,1910,0.10621000000000003,100000,jo_lx_derive
M,87,1910,0.11508296132201079,89379,jo_lx_derive
M,88,1910,0.12525760813219877,79093,jo_lx_derive
M,89,1910,0.13674731882172697,69186,jo_lx_derive
M,90,1910,0.1528003348681457,59725,jo_lx_derive
M,91,1910,0.16595189628253526,50599,jo_lx_derive
M,92,1910,0.1815079854035354,42202,jo_lx_derive
M,93,1910,0.2009437785883852,34542,jo_lx_derive
M,94,1910,0.21803557842107169,27601,jo_lx_derive
M,95,1910,0.23838205995459394,21583,jo_lx_derive
M,96,1910,0.2573914101472199,16438,jo_lx_derive
M,97,1910,0.2771360694683378,12207,jo_lx_derive
M,98,1910,0.2975974614687217,8824,jo_lx_derive
M,99,1910,0.3186511777992901,6198,jo_lx_derive
M,100,1910,0.3402794222116978,4223,jo_lx_derive
M,101,1910,0.3625269203158651,2786,jo_lx_derive
M,102,1910,0.3851351351351351,1776,jo_lx_derive
M,103,1910,0.4084249084249084,1092,jo_lx_derive
M,104,1910,0.43188854489164086,646,jo_lx_derive
M,105,1910,0.45504087193460485,367,jo_lx_derive
M,106,1910,0.48,200,jo_lx_derive
M,107,1910,0.5096153846153846,104,jo_lx_derive
M,108,1910,0.5294117647058824,51,jo_lx_derive
M,109,1910,0.5416666666666667,24,jo_lx_derive
M,110,1910,0.5454545454545454,11,jo_lx_derive
M,111,1910,0.6,5,jo_lx_derive
M,112,1910,0.5,2,jo_lx_derive
M,113,1910,1.0,1,jo_fin_table
M,114,1910,1.0,0,jo_fin_table
M,115,1910,1.0,0,jo_fin_table
M,116,1910,1.0,0,jo_fin_table
M,117,1910,1.0,0,jo_fin_table
M,118,1910,1.0,0,jo_fin_table
M,119,1910,1.0,0,jo_fin_table
M,120,1910,1.0,0,jo_fin_table
M,85,1911,0.09440000000000004,100000,jo_lx_derive
M,86,1911,0.10462676678445226,90560,jo_lx_derive
M,87,1911,0.11342418449774927,81085,jo_lx_derive
M,88,1911,0.12352548408635655,71888,jo_lx_derive
M,89,1911,0.1349511173184358,63008,jo_lx_derive
M,90,1911,0.1510320154114302,54505,jo_lx_derive
M,91,1911,0.16417781427614375,46273,jo_lx_derive
M,92,1911,0.17987899472541113,38676,jo_lx_derive
M,93,1911,0.19962798322771835,31719,jo_lx_derive
M,94,1911,0.21676448576042862,25387,jo_lx_derive
M,95,1911,0.23712532689599675,19884,jo_lx_derive
M,96,1911,0.2559825960841189,15169,jo_lx_derive
M,97,1911,0.2756512493354598,11286,jo_lx_derive
M,98,1911,0.29590214067278287,8175,jo_lx_derive
M,99,1911,0.31688672689367614,5756,jo_lx_derive
M,100,1911,0.33825025432349953,3932,jo_lx_derive
M,101,1911,0.36010760953112986,2602,jo_lx_derive
M,102,1911,0.3825825825825826,1665,jo_lx_derive
M,103,1911,0.4056420233463035,1028,jo_lx_derive
M,104,1911,0.4288052373158756,611,jo_lx_derive
M,105,1911,0.45272206303724927,349,jo_lx_derive
M,106,1911,0.47643979057591623,191,jo_lx_derive
M,107,1911,0.5,100,jo_lx_derive
M,108,1911,0.52,50,jo_lx_derive
M,109,1911,0.5416666666666667,24,jo_lx_derive
M,110,1911,0.5454545454545454,11,jo_lx_derive
M,111,1911,0.6,5,jo_lx_derive
M,112,1911,0.5,2,jo_lx_derive
M,113,1911,1.0,1,jo_fin_table
M,114,1911,1.0,0,jo_fin_table
M,115,1911,1.0,0,jo_fin_table
M,116,1911,1.0,0,jo_fin_table
M,117,1911,1.0,0,jo_fin_table
M,118,1911,1.0,0,jo_fin_table
M,119,1911,1.0,0,jo_fin_table
M,120,1911,1.0,0,jo_fin_table
M,84,1912,0.08411999999999997,100000,jo_lx_derive
M,85,1912,0.0929161025461851,91588,jo_lx_derive
M,86,1912,0.10307181203206628,83078,jo_lx_derive
M,87,1912,0.11177615245252637,74515,jo_lx_derive
M,88,1912,0.12180823739159341,66186,jo_lx_derive
M,89,1912,0.13318078590599414,58124,jo_lx_derive
M,90,1912,0.14927654169064963,50383,jo_lx_derive
M,91,1912,0.16242825813074513,42862,jo_lx_derive
M,92,1912,0.17821727019498612,35900,jo_lx_derive
M,93,1912,0.19825774523761097,29502,jo_lx_derive
M,94,1912,0.21540607956707392,23653,jo_lx_derive
M,95,1912,0.23563961633796748,18558,jo_lx_derive
M,96,1912,0.25449418399718016,14185,jo_lx_derive
M,97,1912,0.2739479905437352,10575,jo_lx_derive
M,98,1912,0.29421724407397765,7678,jo_lx_derive
M,99,1912,0.31481823214615245,5419,jo_lx_derive
M,100,1912,0.33611634796660383,3713,jo_lx_derive
M,101,1912,0.35780933062880327,2465,jo_lx_derive
M,102,1912,0.38029058749210365,1583,jo_lx_derive
M,103,1912,0.4026503567787971,981,jo_lx_derive
M,104,1912,0.4249146757679181,586,jo_lx_derive
M,105,1912,0.4480712166172107,337,jo_lx_derive
M,106,1912,0.4731182795698925,186,jo_lx_derive
M,107,1912,0.5,98,jo_lx_derive
M,108,1912,0.5102040816326531,49,jo_lx_derive
M,109,1912,0.5416666666666667,24,jo_lx_derive
M,110,1912,0.5454545454545454,11,jo_lx_derive
M,111,1912,0.6,5,jo_lx_derive
M,112,1912,0.5,2,jo_lx_derive
M,113,1912,1.0,1,jo_fin_table
M,114,1912,1.0,0,jo_fin_table
M,115,1912,1.0,0,jo_fin_table
M,116,1912,1.0,0,jo_fin_table
M,117,1912,1.0,0,jo_fin_table
M,118,1912,1.0,0,jo_fin_table
M,119,1912,1.0,0,jo_fin_table
M,120,1912,1.0,0,jo_fin_table
M,83,1913,0.07389999999999997,100000,jo_lx_derive
M,84,1913,0.08273404599935208,92610,jo_lx_derive
M,85,1913,0.0914559495220606,84948,jo_lx_derive
M,86,1913,0.10153020899467469,77179,jo_lx_derive
M,87,1913,0.11016252541712934,69343,jo_lx_derive
M,88,1913,0.12010566575910797,61704,jo_lx_derive
M,89,1913,0.13143499161954575,54293,jo_lx_derive
M,90,1913,0.14752846873210768,47157,jo_lx_derive
M,91,1913,0.16069651741293534,40200,jo_lx_derive
M,92,1913,0.1765560165975104,33740,jo_lx_derive
M,93,1913,0.19681099953208792,27783,jo_lx_derive
M,94,1913,0.21389200089625815,22315,jo_lx_derive
M,95,1913,0.2340668110819747,17542,jo_lx_derive
M,96,1913,0.252828222685323,13436,jo_lx_derive
M,97,1913,0.272238270744098,10039,jo_lx_derive
M,98,1913,0.29222556802627975,7306,jo_lx_derive
M,99,1913,0.31270547282924,5171,jo_lx_derive
M,100,1913,0.3337084974676421,3554,jo_lx_derive
M,101,1913,0.355152027027027,2368,jo_lx_derive
M,102,1913,0.3772102161100196,1527,jo_lx_derive
M,103,1913,0.3995793901156677,951,jo_lx_derive
M,104,1913,0.4220665499124343,571,jo_lx_derive
M,105,1913,0.44545454545454544,330,jo_lx_derive
M,106,1913,0.4699453551912568,183,jo_lx_derive
M,107,1913,0.4948453608247423,97,jo_lx_derive
M,108,1913,0.5102040816326531,49,jo_lx_derive
M,109,1913,0.5416666666666667,24,jo_lx_derive
M,110,1913,0.5454545454545454,11,jo_lx_derive
M,111,1913,0.6,5,jo_lx_derive
M,112,1913,0.5,2,jo_lx_derive
M,113,1913,1.0,1,jo_fin_table
M,114,1913,1.0,0,jo_fin_table
M,115,1913,1.0,0,jo_fin_table
M,116,1913,1.0,0,jo_fin_table
M,117,1913,1.0,0,jo_fin_table
M,118,1913,1.0,0,jo_fin_table
M,119,1913,1.0,0,jo_fin_table
M,120,1913,1.0,0,jo_fin_table
M,82,1914,0.06579000000000002,100000,jo_lx_derive
M,83,1914,0.07262820993138586,93421,jo_lx_derive
M,84,1914,0.08137494805854384,86636,jo_lx_derive
M,85,1914,0.09000326690623983,79586,jo_lx_derive
M,86,1914,0.10000966543777534,72423,jo_lx_derive
M,87,1914,0.10856090825406561,65180,jo_lx_derive
M,88,1914,0.11844279223461385,58104,jo_lx_derive
M,89,1914,0.1296903674202491,51222,jo_lx_derive
M,90,1914,0.14580856457076197,44579,jo_lx_derive
M,91,1914,0.15895900627642534,38079,jo_lx_derive
M,92,1914,0.1748891525635421,32026,jo_lx_derive
M,93,1914,0.19526963103122041,26425,jo_lx_derive
M,94,1914,0.21232071478956027,21265,jo_lx_derive
M,95,1914,0.23241791044776117,16750,jo_lx_derive
M,96,1914,0.2510694563272925,12857,jo_lx_derive
M,97,1914,0.2702253608889812,9629,jo_lx_derive
M,98,1914,0.29016650064038707,7027,jo_lx_derive
M,99,1914,0.31034482758620685,4988,jo_lx_derive
M,100,1914,0.33139534883720934,3440,jo_lx_derive
M,101,1914,0.3526086956521739,2300,jo_lx_derive
M,102,1914,0.37407656145063806,1489,jo_lx_derive
M,103,1914,0.39699570815450647,932,jo_lx_derive
M,104,1914,0.41814946619217086,562,jo_lx_derive
M,105,1914,0.44342507645259943,327,jo_lx_derive
M,106,1914,0.46153846153846156,182,jo_lx_derive
M,107,1914,0.4897959183673469,98,jo_lx_derive
M,108,1914,0.52,50,jo_lx_derive
M,109,1914,0.5416666666666667,24,jo_lx_derive
M,110,1914,0.5454545454545454,11,jo_lx_derive
M,111,1914,0.6,5,jo_lx_derive
M,112,1914,0.5,2,jo_lx_derive
M,113,1914,1.0,1,jo_fin_table
M,114,1914,1.0,0,jo_fin_table
M,115,1914,1.0,0,jo_fin_table
M,116,1914,1.0,0,jo_fin_table
M,117,1914,1.0,0,jo_fin_table
M,118,1914,1.0,0,jo_fin_table
M,119,1914,1.0,0,jo_fin_table
M,120,1914,1.0,0,jo_fin_table
M,81,1915,0.05613000000000001,100000,jo_lx_derive
M,82,1915,0.06461694936802742,94387,jo_lx_derive
M,83,1915,0.07136870242841609,88288,jo_lx_derive
M,84,1915,0.0800370790491175,81987,jo_lx_derive
M,85,1915,0.08857805767318527,75425,jo_lx_derive
M,86,1915,0.09851041545443961,68744,jo_lx_derive
M,87,1915,0.10698379913509326,61972,jo_lx_derive
M,88,1915,0.11680098297856967,55342,jo_lx_derive
M,89,1915,0.12795122550022509,48878,jo_lx_derive
M,90,1915,0.14412068318318316,42624,jo_lx_derive
M,91,1915,0.1572325320029604,36481,jo_lx_derive
M,92,1915,0.1731988941291267,30745,jo_lx_derive
M,93,1915,0.19362706530291107,25420,jo_lx_derive
M,94,1915,0.2106546980193189,20498,jo_lx_derive
M,95,1915,0.23065512978986402,16180,jo_lx_derive
M,96,1915,0.24919665809768643,12448,jo_lx_derive
M,97,1915,0.2682430986518297,9346,jo_lx_derive
M,98,1915,0.2879075888287761,6839,jo_lx_derive
M,99,1915,0.3080082135523614,4870,jo_lx_derive
M,100,1915,0.3287833827893175,3370,jo_lx_derive
M,101,1915,0.3496905393457118,2262,jo_lx_derive
M,102,1915,0.371176070700204,1471,jo_lx_derive
M,103,1915,0.3935135135135135,925,jo_lx_derive
M,104,1915,0.4153297682709447,561,jo_lx_derive
M,105,1915,0.4390243902439024,328,jo_lx_derive
M,106,1915,0.4619565217391305,184,jo_lx_derive
M,107,1915,0.48484848484848486,99,jo_lx_derive
M,108,1915,0.5098039215686274,51,jo_lx_derive
M,109,1915,0.52,25,jo_lx_derive
M,110,1915,0.5833333333333333,12,jo_lx_derive
M,111,1915,0.6,5,jo_lx_derive
M,112,1915,0.5,2,jo_lx_derive
M,113,1915,1.0,1,jo_fin_table
M,114,1915,1.0,0,jo_fin_table
M,115,1915,1.0,0,jo_fin_table
M,116,1915,1.0,0,jo_fin_table
M,117,1915,1.0,0,jo_fin_table
M,118,1915,1.0,0,jo_fin_table
M,119,1915,1.0,0,jo_fin_table
M,120,1915,1.0,0,jo_fin_table
M,80,1916,0.04935999999999996,100000,jo_lx_derive
M,81,1916,0.05506816460489772,95064,jo_lx_derive
M,82,1916,0.06346502799763998,89829,jo_lx_derive
M,83,1916,0.07013122860403198,84128,jo_lx_derive
M,84,1916,0.07871861737485297,78228,jo_lx_derive
M,85,1916,0.08717913140002775,72070,jo_lx_derive
M,86,1916,0.09704044872087192,65787,jo_lx_derive
M,87,1916,0.10541555140312775,59403,jo_lx_derive
M,88,1916,0.11516531491691917,53141,jo_lx_derive
M,89,1916,0.126262733672189,47021,jo_lx_derive
M,90,1916,0.14239119852010518,41084,jo_lx_derive
M,91,1916,0.15553158880626672,35234,jo_lx_derive
M,92,1916,0.1715063520871143,29754,jo_lx_derive
M,93,1916,0.19195975822481848,24651,jo_lx_derive
M,94,1916,0.2089462322405743,19919,jo_lx_derive
M,95,1916,0.22878720568636157,15757,jo_lx_derive
M,96,1916,0.24720210664911124,12152,jo_lx_derive
M,97,1916,0.26617839965019674,9148,jo_lx_derive
M,98,1916,0.2855653210189185,6713,jo_lx_derive
M,99,1916,0.3056713928273561,4796,jo_lx_derive
M,100,1916,0.32582582582582587,3330,jo_lx_derive
M,101,1916,0.3469933184855234,2245,jo_lx_derive
M,102,1916,0.3683492496589359,1466,jo_lx_derive
M,103,1916,0.3898488120950324,926,jo_lx_derive
M,104,1916,0.4123893805309734,565,jo_lx_derive
M,105,1916,0.4337349397590361,332,jo_lx_derive
M,106,1916,0.45744680851063835,188,jo_lx_derive
M,107,1916,0.48039215686274506,102,jo_lx_derive
M,108,1916,0.5094339622641509,53,jo_lx_derive
M,109,1916,0.5384615384615384,26,jo_lx_derive
M,110,1916,0.5,12,jo_lx_derive
M,111,1916,0.6666666666666667,6,jo_lx_derive
M,112,1916,0.5,2,jo_lx_derive
M,113,1916,1.0,1,jo_fin_table
M,114,1916,1.0,0,jo_fin_table
M,115,1916,1.0,0,jo_fin_table
M,116,1916,1.0,0,jo_fin_table
M,117,1916,1.0,0,jo_fin_table
M,118,1916,1.0,0,jo_fin_table
M,119,1916,1.0,0,jo_fin_table
M,120,1916,1.0,0,jo_fin_table
M,79,1917,0.04298999999999997,100000,jo_lx_derive
M,80,1917,0.04841119737515809,95701,jo_lx_derive
M,81,1917,0.05402556331532482,91068,jo_lx_derive
M,82,1917,0.06233458698983141,86148,jo_lx_derive
M,83,1917,0.06891727945727799,80778,jo_lx_derive
M,84,1917,0.07740888965709802,75211,jo_lx_derive
M,85,1917,0.08579169609015835,69389,jo_lx_derive
M,86,1917,0.09557664417680811,63436,jo_lx_derive
M,87,1917,0.10388161678838481,57373,jo_lx_derive
M,88,1917,0.11355104740046296,51413,jo_lx_derive
M,89,1917,0.12458584750411406,45575,jo_lx_derive
M,90,1917,0.14071233426072138,39897,jo_lx_derive
M,91,1917,0.1538080098007759,34283,jo_lx_derive
M,92,1917,0.16983798690106855,29010,jo_lx_derive
M,93,1917,0.1902171656355105,24083,jo_lx_derive
M,94,1917,0.20710696338837042,19502,jo_lx_derive
M,95,1917,0.2269287977753347,15463,jo_lx_derive
M,96,1917,0.24510624058892416,11954,jo_lx_derive
M,97,1917,0.26396276595744683,9024,jo_lx_derive
M,98,1917,0.2831978319783198,6642,jo_lx_derive
M,99,1917,0.30308758664146185,4761,jo_lx_derive
M,100,1917,0.323086196503918,3318,jo_lx_derive
M,101,1917,0.3441674087266251,2246,jo_lx_derive
M,102,1917,0.3645621181262729,1473,jo_lx_derive
M,103,1917,0.3867521367521367,936,jo_lx_derive
M,104,1917,0.4076655052264808,574,jo_lx_derive
M,105,1917,0.4294117647058824,340,jo_lx_derive
M,106,1917,0.45360824742268047,194,jo_lx_derive
M,107,1917,0.4716981132075472,106,jo_lx_derive
M,108,1917,0.5,56,jo_lx_derive
M,109,1917,0.5357142857142857,28,jo_lx_derive
M,110,1917,0.5384615384615384,13,jo_lx_derive
M,111,1917,0.5,6,jo_lx_derive
M,112,1917,0.6666666666666667,3,jo_lx_derive
M,113,1917,1.0,1,jo_fin_table
M,114,1917,1.0,0,jo_fin_table
M,115,1917,1.0,0,jo_fin_table
M,116,1917,1.0,0,jo_fin_table
M,117,1917,1.0,0,jo_fin_table
M,118,1917,1.0,0,jo_fin_table
M,119,1917,1.0,0,jo_fin_table
M,120,1917,1.0,0,jo_fin_table
M,78,1918,0.03749999999999998,100000,jo_lx_derive
M,79,1918,0.04212987012987013,96250,jo_lx_derive
M,80,1918,0.04746461304842997,92195,jo_lx_derive
M,81,1918,0.05299536546760952,87819,jo_lx_derive
M,82,1918,0.06122767991342515,83165,jo_lx_derive
M,83,1918,0.06771867354911432,78073,jo_lx_derive
M,84,1918,0.07612727722364188,72786,jo_lx_derive
M,85,1918,0.08443750464718569,67245,jo_lx_derive
M,86,1918,0.09412509948511383,61567,jo_lx_derive
M,87,1918,0.10236319300007168,55772,jo_lx_derive
M,88,1918,0.11195893174600002,50063,jo_lx_derive
M,89,1918,0.12292500787259886,44458,jo_lx_derive
M,90,1918,0.13902495319672759,38993,jo_lx_derive
M,91,1918,0.15209102823781728,33572,jo_lx_derive
M,92,1918,0.16816553080868402,28466,jo_lx_derive
M,93,1918,0.1884792432112843,23679,jo_lx_derive
M,94,1918,0.20524562864279772,19216,jo_lx_derive
M,95,1918,0.22485594552121535,15272,jo_lx_derive
M,96,1918,0.2430309173846934,11838,jo_lx_derive
M,97,1918,0.26168954357772567,8961,jo_lx_derive
M,98,1918,0.280683192261185,6616,jo_lx_derive
M,99,1918,0.30048329480983405,4759,jo_lx_derive
M,100,1918,0.32021628116551515,3329,jo_lx_derive
M,101,1918,0.341140079540433,2263,jo_lx_derive
M,102,1918,0.3615023474178404,1491,jo_lx_derive
M,103,1918,0.38235294117647056,952,jo_lx_derive
M,104,1918,0.40476190476190477,588,jo_lx_derive
M,105,1918,0.4257142857142857,350,jo_lx_derive
M,106,1918,0.4477611940298507,201,jo_lx_derive
M,107,1918,0.46846846846846846,111,jo_lx_derive
M,108,1918,0.4915254237288136,59,jo_lx_derive
M,109,1918,0.5333333333333333,30,jo_lx_derive
M,110,1918,0.5,14,jo_lx_derive
M,111,1918,0.5714285714285714,7,jo_lx_derive
M,112,1918,0.6666666666666667,3,jo_lx_derive
M,113,1918,1.0,1,jo_fin_table
M,114,1918,1.0,0,jo_fin_table
M,115,1918,1.0,0,jo_fin_table
M,116,1918,1.0,0,jo_fin_table
M,117,1918,1.0,0,jo_fin_table
M,118,1918,1.0,0,jo_fin_table
M,119,1918,1.0,0,jo_fin_table
M,120,1918,1.0,0,jo_fin_table
M,77,1919,0.03339000000000003,100000,jo_lx_derive
M,78,1919,0.03672629085153267,96661,jo_lx_derive
M,79,1919,0.04129479868114405,93111,jo_lx_derive
M,80,1919,0.04653507494454778,89266,jo_lx_derive
M,81,1919,0.05200206786352102,85112,jo_lx_derive
M,82,1919,0.060121954242371656,80686,jo_lx_derive
M,83,1919,0.06653919694072663,75835,jo_lx_derive
M,84,1919,0.07487038946729008,70789,jo_lx_derive
M,85,1919,0.08308265510238355,65489,jo_lx_derive
M,86,1919,0.0927258193445244,60048,jo_lx_derive
M,87,1919,0.10086270190895741,54480,jo_lx_derive
M,88,1919,0.1103603143819537,48985,jo_lx_derive
M,89,1919,0.12129695495536841,43579,jo_lx_derive
M,90,1919,0.13736191993314706,38293,jo_lx_derive
M,91,1919,0.15039505948596854,33033,jo_lx_derive
M,92,1919,0.16643506146445752,28065,jo_lx_derive
M,93,1919,0.18667179618705654,23394,jo_lx_derive
M,94,1919,0.20334261838440115,19027,jo_lx_derive
M,95,1919,0.2228526190790342,15158,jo_lx_derive
M,96,1919,0.24083191850594232,11780,jo_lx_derive
M,97,1919,0.2593089567259309,8943,jo_lx_derive
M,98,1919,0.2782306763285024,6624,jo_lx_derive
M,99,1919,0.29763647772432544,4781,jo_lx_derive
M,100,1919,0.3174508636092912,3358,jo_lx_derive
M,101,1919,0.337696335078534,2292,jo_lx_derive
M,102,1919,0.35836627140974964,1518,jo_lx_derive
M,103,1919,0.37885010266940455,974,jo_lx_derive
M,104,1919,0.40165289256198344,605,jo_lx_derive
M,105,1919,0.42265193370165743,362,jo_lx_derive
M,106,1919,0.4449760765550239,209,jo_lx_derive
M,107,1919,0.4655172413793104,116,jo_lx_derive
M,108,1919,0.4838709677419355,62,jo_lx_derive
M,109,1919,0.53125,32,jo_lx_derive
M,110,1919,0.5333333333333333,15,jo_lx_derive
M,111,1919,0.5714285714285714,7,jo_lx_derive
M,112,1919,0.6666666666666667,3,jo_lx_derive
M,113,1919,0.0,1,jo_lx_derive
M,114,1919,1.0,1,jo_fin_table
M,115,1919,1.0,0,jo_fin_table
M,116,1919,1.0,0,jo_fin_table
M,117,1919,1.0,0,jo_fin_table
M,118,1919,1.0,0,jo_fin_table
M,119,1919,1.0,0,jo_fin_table
M,120,1919,1.0,0,jo_fin_table
M,76,1920,0.030510000000000037,100000,jo_lx_derive
M,77,1920,0.03270791859637545,96949,jo_lx_derive
M,78,1920,0.03596792424662498,93778,jo_lx_derive
M,79,1920,0.040451302472208406,90405,jo_lx_derive
M,80,1920,0.04563793977959141,86748,jo_lx_derive
M,81,1920,0.05100919204242105,82789,jo_lx_derive
M,82,1920,0.05904589771656954,78566,jo_lx_derive
M,83,1920,0.06538882952101399,73927,jo_lx_derive
M,84,1920,0.07361093019553355,69093,jo_lx_derive
M,85,1920,0.08177230615401443,64007,jo_lx_derive
M,86,1920,0.09131744168240519,58773,jo_lx_derive
M,87,1920,0.09938958169494061,53406,jo_lx_derive
M,88,1920,0.1087987026487588,48098,jo_lx_derive
M,89,1920,0.11965472996617288,42865,jo_lx_derive
M,90,1920,0.13573245707017167,37736,jo_lx_derive
M,91,1920,0.1487091433126878,32614,jo_lx_derive
M,92,1920,0.16470969600922059,27764,jo_lx_derive
M,93,1920,0.18485619421327237,23191,jo_lx_derive
M,94,1920,0.2013859500634786,18904,jo_lx_derive
M,95,1920,0.22077233887527326,15097,jo_lx_derive
M,96,1920,0.23852431145868747,11764,jo_lx_derive
M,97,1920,0.2568653717347622,8958,jo_lx_derive
M,98,1920,0.27564969205347756,6657,jo_lx_derive
M,99,1920,0.2948983824139362,4822,jo_lx_derive
M,100,1920,0.3144117647058824,3400,jo_lx_derive
M,101,1920,0.3346203346203346,2331,jo_lx_derive
M,102,1920,0.35460992907801414,1551,jo_lx_derive
M,103,1920,0.3756243756243757,1001,jo_lx_derive
M,104,1920,0.39680000000000004,625,jo_lx_derive
M,105,1920,0.4190981432360743,377,jo_lx_derive
M,106,1920,0.4383561643835616,219,jo_lx_derive
M,107,1920,0.46341463414634143,123,jo_lx_derive
M,108,1920,0.48484848484848486,66,jo_lx_derive
M,109,1920,0.5,34,jo_lx_derive
M,110,1920,0.5294117647058824,17,jo_lx_derive
M,111,1920,0.5,8,jo_lx_derive
M,112,1920,0.75,4,jo_lx_derive
M,113,1920,0.0,1,jo_lx_derive
M,114,1920,1.0,1,jo_fin_table
M,115,1920,1.0,0,jo_fin_table
M,116,1920,1.0,0,jo_fin_table
M,117,1920,1.0,0,jo_fin_table
M,118,1920,1.0,0,jo_fin_table
M,119,1920,1.0,0,jo_fin_table
M,120,1920,1.0,0,jo_fin_table
M,75,1921,0.02742,100000,jo_lx_derive
M,76,1921,0.029879290135515824,97258,jo_lx_derive
M,77,1921,0.03201839918602678,94352,jo_lx_derive
M,78,1921,0.035223527608369554,91331,jo_lx_derive
M,79,1921,0.039653176566720405,88114,jo_lx_derive
M,80,1921,0.044729378397541986,84620,jo_lx_derive
M,81,1921,0.05005257623554149,80835,jo_lx_derive
M,82,1921,0.05799007670369449,76789,jo_lx_derive
M,83,1921,0.06424187126741876,72336,jo_lx_derive
M,84,1921,0.07238990087015618,67689,jo_lx_derive
M,85,1921,0.08047587953303925,62789,jo_lx_derive
M,86,1921,0.08992656228349727,57736,jo_lx_derive
M,87,1921,0.09791793544457983,52544,jo_lx_derive
M,88,1921,0.10728074431950041,47399,jo_lx_derive
M,89,1921,0.11804603677269931,42314,jo_lx_derive
M,90,1921,0.13408719419062676,37319,jo_lx_derive
M,91,1921,0.14702150704007422,32315,jo_lx_derive
M,92,1921,0.1630024669859237,27564,jo_lx_derive
M,93,1921,0.18295695895279784,23071,jo_lx_derive
M,94,1921,0.1994694960212201,18850,jo_lx_derive
M,95,1921,0.21862160371106698,15090,jo_lx_derive
M,96,1921,0.2362819099313035,11791,jo_lx_derive
M,97,1921,0.2544142143253748,9005,jo_lx_derive
M,98,1921,0.27301161751563896,6714,jo_lx_derive
M,99,1921,0.2919483712354026,4881,jo_lx_derive
M,100,1921,0.3116319444444444,3456,jo_lx_derive
M,101,1921,0.33123160992013456,2379,jo_lx_derive
M,102,1921,0.3513513513513513,1591,jo_lx_derive
M,103,1921,0.37209302325581395,1032,jo_lx_derive
M,104,1921,0.3935185185185185,648,jo_lx_derive
M,105,1921,0.4122137404580153,393,jo_lx_derive
M,106,1921,0.4372294372294372,231,jo_lx_derive
M,107,1921,0.4538461538461539,130,jo_lx_derive
M,108,1921,0.47887323943661975,71,jo_lx_derive
M,109,1921,0.5135135135135135,37,jo_lx_derive
M,110,1921,0.5,18,jo_lx_derive
M,111,1921,0.5555555555555556,9,jo_lx_derive
M,112,1921,0.5,4,jo_lx_derive
M,113,1921,0.5,2,jo_lx_derive
M,114,1921,1.0,1,jo_fin_table
M,115,1921,1.0,0,jo_fin_table
M,116,1921,1.0,0,jo_fin_table
M,117,1921,1.0,0,jo_fin_table
M,118,1921,1.0,0,jo_fin_table
M,119,1921,1.0,0,jo_fin_table
M,120,1921,1.0,0,jo_fin_table
M,74,1922,0.02515999999999996,100000,jo_lx_derive
M,75,1922,0.026845431045094625,97484,jo_lx_derive
M,76,1922,0.029251478385529217,94867,jo_lx_derive
M,77,1922,0.03135994440342271,92092,jo_lx_derive
M,78,1922,0.0344939688803193,89204,jo_lx_derive
M,79,1922,0.03884960581466901,86127,jo_lx_derive
M,80,1922,0.04386272212222608,82781,jo_lx_derive
M,81,1922,0.04909665192672141,79150,jo_lx_derive
M,82,1922,0.0569462159863946,75264,jo_lx_derive
M,83,1922,0.06311814928569415,70978,jo_lx_derive
M,84,1922,0.07119011098078143,66498,jo_lx_derive
M,85,1922,0.07918852405932253,61764,jo_lx_derive
M,86,1922,0.08856575176269932,56873,jo_lx_derive
M,87,1922,0.0964773516475037,51836,jo_lx_derive
M,88,1922,0.10575424362122343,46835,jo_lx_derive
M,89,1922,0.116446206007354,41882,jo_lx_derive
M,90,1922,0.13246858532630723,37005,jo_lx_derive
M,91,1922,0.14534467183752298,32103,jo_lx_derive
M,92,1922,0.16131501257426106,27437,jo_lx_derive
M,93,1922,0.18108730607100954,23011,jo_lx_derive
M,94,1922,0.19741031628104433,18844,jo_lx_derive
M,95,1922,0.21641100238032263,15124,jo_lx_derive
M,96,1922,0.23398869293730484,11851,jo_lx_derive
M,97,1922,0.2519277373870896,9078,jo_lx_derive
M,98,1922,0.27035782653511997,6791,jo_lx_derive
M,99,1922,0.2892028254288598,4955,jo_lx_derive
M,100,1922,0.3083475298126065,3522,jo_lx_derive
M,101,1922,0.32799671592775037,2436,jo_lx_derive
M,102,1922,0.3481979230299328,1637,jo_lx_derive
M,103,1922,0.36832239925023436,1067,jo_lx_derive
M,104,1922,0.3887240356083086,674,jo_lx_derive
M,105,1922,0.4101941747572816,412,jo_lx_derive
M,106,1922,0.4320987654320988,243,jo_lx_derive
M,107,1922,0.4492753623188406,138,jo_lx_derive
M,108,1922,0.4736842105263158,76,jo_lx_derive
M,109,1922,0.5,40,jo_lx_derive
M,110,1922,0.5,20,jo_lx_derive
M,111,1922,0.6,10,jo_lx_derive
M,112,1922,0.5,4,jo_lx_derive
M,113,1922,0.5,2,jo_lx_derive
M,114,1922,1.0,1,jo_fin_table
M,115,1922,1.0,0,jo_fin_table
M,116,1922,1.0,0,jo_fin_table
M,117,1922,1.0,0,jo_fin_table
M,118,1922,1.0,0,jo_fin_table
M,119,1922,1.0,0,jo_fin_table
M,120,1922,1.0,0,jo_fin_table
M,73,1923,0.022739999999999982,100000,jo_lx_derive
M,74,1923,0.024630088205799927,97726,jo_lx_derive
M,75,1923,0.026290666079165748,95319,jo_lx_derive
M,76,1923,0.028649003911090043,92813,jo_lx_derive
M,77,1923,0.03069192714688196,90154,jo_lx_derive
M,78,1923,0.03379221165619595,87387,jo_lx_derive
M,79,1923,0.0380652343842528,84434,jo_lx_derive
M,80,1923,0.04300664860871706,81220,jo_lx_derive
M,81,1923,0.04815572452300998,77727,jo_lx_derive
M,82,1923,0.0559310121107266,73984,jo_lx_derive
M,83,1923,0.06200784583225949,69846,jo_lx_derive
M,84,1923,0.07001450049606961,65515,jo_lx_derive
M,85,1923,0.07791163340336138,60928,jo_lx_derive
M,86,1923,0.0872180986454495,56181,jo_lx_derive
M,87,1923,0.09504494842144262,51281,jo_lx_derive
M,88,1923,0.10425151378024866,46407,jo_lx_derive
M,89,1923,0.11489330991844882,41569,jo_lx_derive
M,90,1923,0.13084010545484193,36793,jo_lx_derive
M,91,1923,0.1436880452797148,31979,jo_lx_derive
M,92,1923,0.15961875547765114,27384,jo_lx_derive
M,93,1923,0.1791596054404032,23013,jo_lx_derive
M,94,1923,0.1953943885653785,18890,jo_lx_derive
M,95,1923,0.21422462004079212,15199,jo_lx_derive
M,96,1923,0.23160010047726698,11943,jo_lx_derive
M,97,1923,0.24942791762013727,9177,jo_lx_derive
M,98,1923,0.26756678281068524,6888,jo_lx_derive
M,99,1923,0.28642220019821607,5045,jo_lx_derive
M,100,1923,0.30527777777777776,3600,jo_lx_derive
M,101,1923,0.32467013194722116,2501,jo_lx_derive
M,102,1923,0.34458259325044405,1689,jo_lx_derive
M,103,1923,0.3640469738030714,1107,jo_lx_derive
M,104,1923,0.38494318181818177,704,jo_lx_derive
M,105,1923,0.40646651270207856,433,jo_lx_derive
M,106,1923,0.42801556420233466,257,jo_lx_derive
M,107,1923,0.44897959183673475,147,jo_lx_derive
M,108,1923,0.4691358024691358,81,jo_lx_derive
M,109,1923,0.4883720930232558,43,jo_lx_derive
M,110,1923,0.5,22,jo_lx_derive
M,111,1923,0.5454545454545454,11,jo_lx_derive
M,112,1923,0.6,5,jo_lx_derive
M,113,1923,0.5,2,jo_lx_derive
M,114,1923,1.0,1,jo_fin_table
M,115,1923,1.0,0,jo_fin_table
M,116,1923,1.0,0,jo_fin_table
M,117,1923,1.0,0,jo_fin_table
M,118,1923,1.0,0,jo_fin_table
M,119,1923,1.0,0,jo_fin_table
M,120,1923,1.0,0,jo_fin_table
M,72,1924,0.02015,100000,jo_lx_derive
M,73,1924,0.022268714599173345,97985,jo_lx_derive
M,74,1924,0.024111979791864524,95803,jo_lx_derive
M,75,1924,0.02573454697143107,93493,jo_lx_derive
M,76,1924,0.028061084457716268,91087,jo_lx_derive
M,77,1924,0.030045972597169346,88531,jo_lx_derive
M,78,1924,0.03309615586169956,85871,jo_lx_derive
M,79,1924,0.03730022040491876,83029,jo_lx_derive
M,80,1924,0.04217334734524347,79932,jo_lx_derive
M,81,1924,0.047243374564073126,76561,jo_lx_derive
M,82,1924,0.05490513270454045,72944,jo_lx_derive
M,83,1924,0.06093793063432895,68939,jo_lx_derive
M,84,1924,0.06883128919645343,64738,jo_lx_derive
M,85,1924,0.07667297037258225,60282,jo_lx_derive
M,86,1924,0.08587854832914121,55660,jo_lx_derive
M,87,1924,0.09365172955974843,50880,jo_lx_derive
M,88,1924,0.10276482706277779,46115,jo_lx_derive
M,89,1924,0.11335073472544466,41376,jo_lx_derive
M,90,1924,0.12923185956495664,36686,jo_lx_derive
M,91,1924,0.14202535608076383,31945,jo_lx_derive
M,92,1924,0.15791009924109745,27408,jo_lx_derive
M,93,1924,0.17720970537261693,23080,jo_lx_derive
M,94,1924,0.1933649289099526,18990,jo_lx_derive
M,95,1924,0.21197284240762504,15318,jo_lx_derive
M,96,1924,0.22922707315052604,12071,jo_lx_derive
M,97,1924,0.24688306104901114,9304,jo_lx_derive
M,98,1924,0.2648779791636935,7007,jo_lx_derive
M,99,1924,0.28344010871675407,5151,jo_lx_derive
M,100,1924,0.302086155513411,3691,jo_lx_derive
M,101,1924,0.3214285714285714,2576,jo_lx_derive
M,102,1924,0.34096109839816935,1748,jo_lx_derive
M,103,1924,0.36111111111111116,1152,jo_lx_derive
M,104,1924,0.3804347826086957,736,jo_lx_derive
M,105,1924,0.4013157894736842,456,jo_lx_derive
M,106,1924,0.42490842490842495,273,jo_lx_derive
M,107,1924,0.4394904458598726,157,jo_lx_derive
M,108,1924,0.46590909090909094,88,jo_lx_derive
M,109,1924,0.4893617021276596,47,jo_lx_derive
M,110,1924,0.5,24,jo_lx_derive
M,111,1924,0.5,12,jo_lx_derive
M,112,1924,0.6666666666666667,6,jo_lx_derive
M,113,1924,0.5,2,jo_lx_derive
M,114,1924,1.0,1,jo_fin_table
M,115,1924,1.0,0,jo_fin_table
M,116,1924,1.0,0,jo_fin_table
M,117,1924,1.0,0,jo_fin_table
M,118,1924,1.0,0,jo_fin_table
M,119,1924,1.0,0,jo_fin_table
M,120,1924,1.0,0,jo_fin_table
M,71,1925,0.01793,100000,jo_lx_derive
M,72,1925,0.019723644954025676,98207,jo_lx_derive
M,73,1925,0.021803261659914863,96270,jo_lx_derive
M,74,1925,0.023616612332883813,94171,jo_lx_derive
M,75,1925,0.025199299596506686,91947,jo_lx_derive
M,76,1925,0.027468481535200318,89630,jo_lx_derive
M,77,1925,0.029425936123347984,87168,jo_lx_derive
M,78,1925,0.032410198219921305,84603,jo_lx_derive
M,79,1925,0.036549761180537765,81861,jo_lx_derive
M,80,1925,0.041334364579239,78869,jo_lx_derive
M,81,1925,0.04634368924334409,75609,jo_lx_derive
M,82,1925,0.05392136467651343,72105,jo_lx_derive
M,83,1925,0.05986777489482098,68217,jo_lx_derive
M,84,1925,0.06768746199304565,64133,jo_lx_derive
M,85,1925,0.07542815092320043,59792,jo_lx_derive
M,86,1925,0.08458449404869572,55282,jo_lx_derive
M,87,1925,0.09226178713986488,50606,jo_lx_derive
M,88,1925,0.10131266734876021,45937,jo_lx_derive
M,89,1925,0.11178935639367293,41283,jo_lx_derive
M,90,1925,0.12763172248281884,36668,jo_lx_derive
M,91,1925,0.1403963986494936,31988,jo_lx_derive
M,92,1925,0.15619885805724265,27497,jo_lx_derive
M,93,1925,0.175286613222998,23202,jo_lx_derive
M,94,1925,0.19127253723543247,19135,jo_lx_derive
M,95,1925,0.2097576736672052,15475,jo_lx_derive
M,96,1925,0.22683784446806776,12229,jo_lx_derive
M,97,1925,0.2442094130089899,9455,jo_lx_derive
M,98,1925,0.26224461237055696,7146,jo_lx_derive
M,99,1925,0.2803490136570561,5272,jo_lx_derive
M,100,1925,0.29915656299420135,3794,jo_lx_derive
M,101,1925,0.31816472358029335,2659,jo_lx_derive
M,102,1925,0.33701047986762267,1813,jo_lx_derive
M,103,1925,0.3577371048252912,1202,jo_lx_derive
M,104,1925,0.37694300518134716,772,jo_lx_derive
M,105,1925,0.39708939708939706,481,jo_lx_derive
M,106,1925,0.4172413793103448,290,jo_lx_derive
M,107,1925,0.4378698224852071,169,jo_lx_derive
M,108,1925,0.4631578947368421,95,jo_lx_derive
M,109,1925,0.4901960784313726,51,jo_lx_derive
M,110,1925,0.5,26,jo_lx_derive
M,111,1925,0.5384615384615384,13,jo_lx_derive
M,112,1925,0.5,6,jo_lx_derive
M,113,1925,0.6666666666666667,3,jo_lx_derive
M,114,1925,1.0,1,jo_fin_table
M,115,1925,1.0,0,jo_fin_table
M,116,1925,1.0,0,jo_fin_table
M,117,1925,1.0,0,jo_fin_table
M,118,1925,1.0,0,jo_fin_table
M,119,1925,1.0,0,jo_fin_table
M,120,1925,1.0,0,jo_fin_table
M,70,1926,0.015759999999999996,100000,jo_lx_derive
M,71,1926,0.017556693489392816,98424,jo_lx_derive
M,72,1926,0.019307934144121797,96696,jo_lx_derive
M,73,1926,0.021333136487783233,94829,jo_lx_derive
M,74,1926,0.023134280111199668,92806,jo_lx_derive
M,75,1926,0.024663850252043318,90659,jo_lx_derive
M,76,1926,0.026893455322710147,88423,jo_lx_derive
M,77,1926,0.02881050613051306,86045,jo_lx_derive
M,78,1926,0.03174736136706313,83566,jo_lx_derive
M,79,1926,0.03580388812675339,80913,jo_lx_derive
M,80,1926,0.04053014766201801,78016,jo_lx_derive
M,81,1926,0.04546183236700774,74854,jo_lx_derive
M,82,1926,0.05294537515220221,71451,jo_lx_derive
M,83,1926,0.05881657504285631,67668,jo_lx_derive
M,84,1926,0.06655884939078005,63688,jo_lx_derive
M,85,1926,0.07421487325270404,59449,jo_lx_derive
M,86,1926,0.08328942347875068,55037,jo_lx_derive
M,87,1926,0.09089647791013422,50453,jo_lx_derive
M,88,1926,0.09985392548019278,45867,jo_lx_derive
M,89,1926,0.11027684258967718,41287,jo_lx_derive
M,90,1926,0.1260684924048565,36734,jo_lx_derive
M,91,1926,0.13874092763916146,32103,jo_lx_derive
M,92,1926,0.15450830048103004,27649,jo_lx_derive
M,93,1926,0.17333276297215217,23377,jo_lx_derive
M,94,1926,0.1891849935316947,19325,jo_lx_derive
M,95,1926,0.2075435573425235,15669,jo_lx_derive
M,96,1926,0.2243698155754208,12417,jo_lx_derive
M,97,1926,0.24161561623922745,9631,jo_lx_derive
M,98,1926,0.259446878422782,7304,jo_lx_derive
M,99,1926,0.2775004621926419,5409,jo_lx_derive
M,100,1926,0.2958034800409417,3908,jo_lx_derive
M,101,1926,0.3146802325581395,2752,jo_lx_derive
M,102,1926,0.3340402969247084,1886,jo_lx_derive
M,103,1926,0.35350318471337583,1256,jo_lx_derive
M,104,1926,0.37315270935960587,812,jo_lx_derive
M,105,1926,0.3929273084479371,509,jo_lx_derive
M,106,1926,0.4142394822006472,309,jo_lx_derive
M,107,1926,0.43646408839779005,181,jo_lx_derive
M,108,1926,0.4509803921568627,102,jo_lx_derive
M,109,1926,0.4821428571428571,56,jo_lx_derive
M,110,1926,0.48275862068965514,29,jo_lx_derive
M,111,1926,0.5333333333333333,15,jo_lx_derive
M,112,1926,0.5714285714285714,7,jo_lx_derive
M,113,1926,0.6666666666666667,3,jo_lx_derive
M,114,1926,0.0,1,jo_lx_derive
M,115,1926,1.0,1,jo_fin_table
M,116,1926,1.0,0,jo_fin_table
M,117,1926,1.0,0,jo_fin_table
M,118,1926,1.0,0,jo_fin_table
M,119,1926,1.0,0,jo_fin_table
M,120,1926,1.0,0,jo_fin_table
M,69,1927,0.013660000000000005,100000,jo_lx_derive
M,70,1927,0.015420646024697393,98634,jo_lx_derive
M,71,1927,0.017175867288622526,97113,jo_lx_derive
M,72,1927,0.018900937712818866,95445,jo_lx_derive
M,73,1927,0.020898965196868846,93641,jo_lx_derive
M,74,1927,0.022632084115003726,91684,jo_lx_derive
M,75,1927,0.024149359997321707,89609,jo_lx_derive
M,76,1927,0.026336554405626433,87445,jo_lx_derive
M,77,1927,0.028211693406309468,85142,jo_lx_derive
M,78,1927,0.031085327532028084,82740,jo_lx_derive
M,79,1927,0.03508881349166748,80168,jo_lx_derive
M,80,1927,0.03973886626591683,77355,jo_lx_derive
M,81,1927,0.04458744497246936,74281,jo_lx_derive
M,82,1927,0.051994532824190864,70969,jo_lx_derive
M,83,1927,0.057774342662643585,67279,jo_lx_derive
M,84,1927,0.06544989904088849,63392,jo_lx_derive
M,85,1927,0.07302128521513085,59243,jo_lx_derive
M,86,1927,0.08201467669391993,54917,jo_lx_derive
M,87,1927,0.08954039632634436,50413,jo_lx_derive
M,88,1927,0.09843351707008863,45899,jo_lx_derive
M,89,1927,0.10876972523621953,41381,jo_lx_derive
M,90,1927,0.12448481561822122,36880,jo_lx_derive
M,91,1927,0.13713648610982065,32289,jo_lx_derive
M,92,1927,0.15279422849143964,27861,jo_lx_derive
M,93,1927,0.1714116251482799,23604,jo_lx_derive
M,94,1927,0.1870845689743328,19558,jo_lx_derive
M,95,1927,0.20523303352412103,15899,jo_lx_derive
M,96,1927,0.22190566635011078,12636,jo_lx_derive
M,97,1927,0.2391171684296176,9832,jo_lx_derive
M,98,1927,0.25651650848817,7481,jo_lx_derive
M,99,1927,0.27454153182308527,5562,jo_lx_derive
M,100,1927,0.29268897149938045,4035,jo_lx_derive
M,101,1927,0.3114926419060967,2854,jo_lx_derive
M,102,1927,0.3302798982188295,1965,jo_lx_derive
M,103,1927,0.34954407294832823,1316,jo_lx_derive
M,104,1927,0.3691588785046729,856,jo_lx_derive
M,105,1927,0.38888888888888884,540,jo_lx_derive
M,106,1927,0.40909090909090906,330,jo_lx_derive
M,107,1927,0.4307692307692308,195,jo_lx_derive
M,108,1927,0.4504504504504504,111,jo_lx_derive
M,109,1927,0.47540983606557374,61,jo_lx_derive
M,110,1927,0.5,32,jo_lx_derive
M,111,1927,0.5,16,jo_lx_derive
M,112,1927,0.5,8,jo_lx_derive
M,113,1927,0.5,4,jo_lx_derive
M,114,1927,0.5,2,jo_lx_derive
M,115,1927,1.0,1,jo_fin_table
M,116,1927,1.0,0,jo_fin_table
M,117,1927,1.0,0,jo_fin_table
M,118,1927,1.0,0,jo_fin_table
M,119,1927,1.0,0,jo_fin_table
M,120,1927,1.0,0,jo_fin_table
M,68,1928,0.01204000000000005,100000,jo_lx_derive
M,69,1928,0.013360864812340556,98796,jo_lx_derive
M,70,1928,0.015090894168821034,97476,jo_lx_derive
M,71,1928,0.016801208270402546,96005,jo_lx_derive
M,72,1928,0.018507924400372966,94392,jo_lx_derive
M,73,1928,0.02045442279669707,92645,jo_lx_derive
M,74,1928,0.02217079889807161,90750,jo_lx_derive
M,75,1928,0.023642633370145827,88738,jo_lx_derive
M,76,1928,0.025784856879039753,86640,jo_lx_derive
M,77,1928,0.027616520152595747,84406,jo_lx_derive
M,78,1928,0.03043557721596102,82075,jo_lx_derive
M,79,1928,0.03438179373437045,79577,jo_lx_derive
M,80,1928,0.03895056024778443,76841,jo_lx_derive
M,81,1928,0.04373848987108653,73848,jo_lx_derive
M,82,1928,0.051063468237559806,70618,jo_lx_derive
M,83,1928,0.05676595236674031,67012,jo_lx_derive
M,84,1928,0.06434312112390839,63208,jo_lx_derive
M,85,1928,0.0718452511793849,59141,jo_lx_derive
M,86,1928,0.08075858048531659,54892,jo_lx_derive
M,87,1928,0.08821023008779405,50459,jo_lx_derive
M,88,1928,0.09702660406885755,46008,jo_lx_derive
M,89,1928,0.10728384363566335,41544,jo_lx_derive
M,90,1928,0.12292717124598918,37087,jo_lx_derive
M,91,1928,0.13551401869158874,32528,jo_lx_derive
M,92,1928,0.15110241820768133,28120,jo_lx_derive
M,93,1928,0.1694524737128733,23871,jo_lx_derive
M,94,1928,0.1849591445576516,19826,jo_lx_derive
M,95,1928,0.2029828578501145,16159,jo_lx_derive
M,96,1928,0.21950461992390713,12879,jo_lx_derive
M,97,1928,0.23647035415837647,10052,jo_lx_derive
M,98,1928,0.2538110749185668,7675,jo_lx_derive
M,99,1928,0.27152086607298764,5727,jo_lx_derive
M,100,1928,0.289549376797699,4172,jo_lx_derive
M,101,1928,0.30802968960863697,2964,jo_lx_derive
M,102,1928,0.32666991711360316,2051,jo_lx_derive
M,103,1928,0.3461259956553222,1381,jo_lx_derive
M,104,1928,0.36544850498338866,903,jo_lx_derive
M,105,1928,0.3856893542757417,573,jo_lx_derive
M,106,1928,0.40340909090909094,352,jo_lx_derive
M,107,1928,0.4285714285714286,210,jo_lx_derive
M,108,1928,0.44166666666666665,120,jo_lx_derive
M,109,1928,0.4626865671641791,67,jo_lx_derive
M,110,1928,0.5,36,jo_lx_derive
M,111,1928,0.5,18,jo_lx_derive
M,112,1928,0.5555555555555556,9,jo_lx_derive
M,113,1928,0.5,4,jo_lx_derive
M,114,1928,0.5,2,jo_lx_derive
M,115,1928,1.0,1,jo_fin_table
M,116,1928,1.0,0,jo_fin_table
M,117,1928,1.0,0,jo_fin_table
M,118,1928,1.0,0,jo_fin_table
M,119,1928,1.0,0,jo_fin_table
M,120,1928,1.0,0,jo_fin_table
M,67,1929,0.010580000000000034,100000,jo_lx_derive
M,68,1929,0.011774575003537402,98942,jo_lx_derive
M,69,1929,0.013060331161725114,97777,jo_lx_derive
M,70,1929,0.014766839378238306,96500,jo_lx_derive
M,71,1929,0.016450170917696516,95075,jo_lx_derive
M,72,1929,0.018104821892611533,93511,jo_lx_derive
M,73,1929,0.02002875253218328,91818,jo_lx_derive
M,74,1929,0.021705064515053496,89979,jo_lx_derive
M,75,1929,0.02315225047145164,88026,jo_lx_derive
M,76,1929,0.02524770898264872,85988,jo_lx_derive
M,77,1929,0.027035088347232672,83817,jo_lx_derive
M,78,1929,0.029809567019411176,81551,jo_lx_derive
M,79,1929,0.033683013144590546,79120,jo_lx_derive
M,80,1929,0.038192400758616185,76455,jo_lx_derive
M,81,1929,0.042904739239817746,73535,jo_lx_derive
M,82,1929,0.050127877237851615,70380,jo_lx_derive
M,83,1929,0.0557649733740202,66852,jo_lx_derive
M,84,1929,0.06325644762689309,63124,jo_lx_derive
M,85,1929,0.07070741235561717,59131,jo_lx_derive
M,86,1929,0.07950864422201998,54950,jo_lx_derive
M,87,1929,0.08689033431525672,50581,jo_lx_derive
M,88,1929,0.09563504092149133,46186,jo_lx_derive
M,89,1929,0.10579616461969399,41769,jo_lx_derive
M,90,1929,0.12141900937081662,37350,jo_lx_derive
M,91,1929,0.13390217888160905,32815,jo_lx_derive
M,92,1929,0.14939657295661657,28421,jo_lx_derive
M,93,1929,0.16748707342295766,24175,jo_lx_derive
M,94,1929,0.18289774421146776,20126,jo_lx_derive
M,95,1929,0.2006688963210702,16445,jo_lx_derive
M,96,1929,0.21704069988588814,13145,jo_lx_derive
M,97,1929,0.2338709677419355,10292,jo_lx_derive
M,98,1929,0.2509828788839569,7885,jo_lx_derive
M,99,1929,0.26854046732136805,5906,jo_lx_derive
M,100,1929,0.28634259259259254,4320,jo_lx_derive
M,101,1929,0.30489782679208566,3083,jo_lx_derive
M,102,1929,0.322911805879608,2143,jo_lx_derive
M,103,1929,0.3425223983459683,1451,jo_lx_derive
M,104,1929,0.3616352201257862,954,jo_lx_derive
M,105,1929,0.38095238095238093,609,jo_lx_derive
M,106,1929,0.4005305039787799,377,jo_lx_derive
M,107,1929,0.42035398230088494,226,jo_lx_derive
M,108,1929,0.4427480916030534,131,jo_lx_derive
M,109,1929,0.4657534246575342,73,jo_lx_derive
M,110,1929,0.4871794871794872,39,jo_lx_derive
M,111,1929,0.5,20,jo_lx_derive
M,112,1929,0.5,10,jo_lx_derive
M,113,1929,0.6,5,jo_lx_derive
M,114,1929,0.5,2,jo_lx_derive
M,115,1929,1.0,1,jo_fin_table
M,116,1929,1.0,0,jo_fin_table
M,117,1929,1.0,0,jo_fin_table
M,118,1929,1.0,0,jo_fin_table
M,119,1929,1.0,0,jo_fin_table
M,120,1929,1.0,0,jo_fin_table
M,66,1930,0.009419999999999984,100000,jo_lx_derive
M,67,1930,0.010347473197520607,99058,jo_lx_derive
M,68,1930,0.01150632950129038,98033,jo_lx_derive
M,69,1930,0.012775398586244213,96905,jo_lx_derive
M,70,1930,0.014445942697063785,95667,jo_lx_derive
M,71,1930,0.01610012197062094,94285,jo_lx_derive
M,72,1930,0.01772181918138993,92767,jo_lx_derive
M,73,1930,0.01961085565663989,91123,jo_lx_derive
M,74,1930,0.021256828154383456,89336,jo_lx_derive
M,75,1930,0.02265631254503242,87437,jo_lx_derive
M,76,1930,0.024714472945141397,85456,jo_lx_derive
M,77,1930,0.026480610481858347,83344,jo_lx_derive
M,78,1930,0.029185205270098713,81137,jo_lx_derive
M,79,1930,0.03300790920285901,78769,jo_lx_derive
M,80,1930,0.03744305426091976,76169,jo_lx_derive
M,81,1930,0.04207755363694643,73317,jo_lx_derive
M,82,1930,0.049222576603257795,70232,jo_lx_derive
M,83,1930,0.054780980906027676,66775,jo_lx_derive
M,84,1930,0.06220194242438648,63117,jo_lx_derive
M,85,1930,0.06955449308171846,59191,jo_lx_derive
M,86,1930,0.07829465809637937,55074,jo_lx_derive
M,87,1930,0.08557582443560141,50762,jo_lx_derive
M,88,1930,0.09425222973846348,46418,jo_lx_derive
M,89,1930,0.10436933615584043,42043,jo_lx_derive
M,90,1930,0.11987783826849019,37655,jo_lx_derive
M,91,1930,0.13231344859841287,33141,jo_lx_derive
M,92,1930,0.1476909166782584,28756,jo_lx_derive
M,93,1930,0.16557183075604875,24509,jo_lx_derive
M,94,1930,0.1807735563053151,20451,jo_lx_derive
M,95,1930,0.19840038199832877,16754,jo_lx_derive
M,96,1930,0.21459419210722264,13430,jo_lx_derive
M,97,1930,0.23122866894197958,10548,jo_lx_derive
M,98,1930,0.2482426933037366,8109,jo_lx_derive
M,99,1930,0.26558398950131235,6096,jo_lx_derive
M,100,1930,0.283225374134465,4477,jo_lx_derive
M,101,1930,0.30133998130258643,3209,jo_lx_derive
M,102,1930,0.3198037466547725,2242,jo_lx_derive
M,103,1930,0.3383606557377049,1525,jo_lx_derive
M,104,1930,0.3577799801783944,1009,jo_lx_derive
M,105,1930,0.3765432098765432,648,jo_lx_derive
M,106,1930,0.39603960396039606,404,jo_lx_derive
M,107,1930,0.4180327868852459,244,jo_lx_derive
M,108,1930,0.43661971830985913,142,jo_lx_derive
M,109,1930,0.4625,80,jo_lx_derive
M,110,1930,0.4651162790697675,43,jo_lx_derive
M,111,1930,0.5217391304347826,23,jo_lx_derive
M,112,1930,0.5454545454545454,11,jo_lx_derive
M,113,1930,0.6,5,jo_lx_derive
M,114,1930,0.5,2,jo_lx_derive
M,115,1930,1.0,1,jo_fin_table
M,116,1930,1.0,0,jo_fin_table
M,117,1930,1.0,0,jo_fin_table
M,118,1930,1.0,0,jo_fin_table
M,119,1930,1.0,0,jo_fin_table
M,120,1930,1.0,0,jo_fin_table
M,65,1931,0.008549999999999947,100000,jo_lx_derive
M,66,1931,0.009198648444197932,99145,jo_lx_derive
M,67,1931,0.010118799181537796,98233,jo_lx_derive
M,68,1931,0.011250629891298769,97239,jo_lx_derive
M,69,1931,0.012491549222528486,96145,jo_lx_derive
M,70,1931,0.014134647792382826,94944,jo_lx_derive
M,71,1931,0.015758210294651853,93602,jo_lx_derive
M,72,1931,0.01734562071922452,92127,jo_lx_derive
M,73,1931,0.019198267958333792,90529,jo_lx_derive
M,74,1931,0.020812920228401532,88791,jo_lx_derive
M,75,1931,0.022175448282207855,86943,jo_lx_derive
M,76,1931,0.02420749279538903,85015,jo_lx_derive
M,77,1931,0.02591704135877626,82957,jo_lx_derive
M,78,1931,0.02858663234620762,80807,jo_lx_derive
M,79,1931,0.03233244582595518,78497,jo_lx_derive
M,80,1931,0.036704011374557366,75959,jo_lx_derive
M,81,1931,0.04127318199833263,73171,jo_lx_derive
M,82,1931,0.048324328947556006,70151,jo_lx_derive
M,83,1931,0.05381884633243961,66761,jo_lx_derive
M,84,1931,0.06115438196555223,63168,jo_lx_derive
M,85,1931,0.06842593373240036,59305,jo_lx_derive
M,86,1931,0.07709015874165115,55247,jo_lx_derive
M,87,1931,0.08431395622499416,50988,jo_lx_derive
M,88,1931,0.09289125918310526,46689,jo_lx_derive
M,89,1931,0.10292312051378916,42352,jo_lx_derive
M,90,1931,0.1183902297791698,37993,jo_lx_derive
M,91,1931,0.13070607553366176,33495,jo_lx_derive
M,92,1931,0.14603152797334895,29117,jo_lx_derive
M,93,1931,0.163603458676855,24865,jo_lx_derive
M,94,1931,0.17867961725248838,20797,jo_lx_derive
M,95,1931,0.19612434869152862,17081,jo_lx_derive
M,96,1931,0.2121476949967227,13731,jo_lx_derive
M,97,1931,0.22860048068034755,10818,jo_lx_derive
M,98,1931,0.24541641701617734,8345,jo_lx_derive
M,99,1931,0.2625059552167699,6297,jo_lx_derive
M,100,1931,0.2801464254952627,4644,jo_lx_derive
M,101,1931,0.29793598564163926,3343,jo_lx_derive
M,102,1931,0.3161482743928419,2347,jo_lx_derive
M,103,1931,0.33520249221183795,1605,jo_lx_derive
M,104,1931,0.3533270852858482,1067,jo_lx_derive
M,105,1931,0.37246376811594206,690,jo_lx_derive
M,106,1931,0.39260969976905313,433,jo_lx_derive
M,107,1931,0.4106463878326996,263,jo_lx_derive
M,108,1931,0.432258064516129,155,jo_lx_derive
M,109,1931,0.4545454545454546,88,jo_lx_derive
M,110,1931,0.47916666666666663,48,jo_lx_derive
M,111,1931,0.48,25,jo_lx_derive
M,112,1931,0.5384615384615384,13,jo_lx_derive
M,113,1931,0.5,6,jo_lx_derive
M,114,1931,0.6666666666666667,3,jo_lx_derive
M,115,1931,0.0,1,jo_lx_derive
M,116,1931,1.0,1,jo_fin_table
M,117,1931,1.0,0,jo_fin_table
M,118,1931,1.0,0,jo_fin_table
M,119,1931,1.0,0,jo_fin_table
M,120,1931,1.0,0,jo_fin_table
M,64,1932,0.007730000000000015,100000,jo_lx_derive
M,65,1932,0.008344503008253845,99227,jo_lx_derive
M,66,1932,0.009004156546306374,98399,jo_lx_derive
M,67,1932,0.00988586137232983,97513,jo_lx_derive
M,68,1932,0.010999596060031647,96549,jo_lx_derive
M,69,1932,0.012221558955669343,95487,jo_lx_derive
M,70,1932,0.01382527565733671,94320,jo_lx_derive
M,71,1932,0.015416702502795254,93016,jo_lx_derive
M,72,1932,0.016979319080168587,91582,jo_lx_derive
M,73,1932,0.01879436169149251,90027,jo_lx_derive
M,74,1932,0.02037697401935812,88335,jo_lx_derive
M,75,1932,0.021713757439186465,86535,jo_lx_derive
M,76,1932,0.02369589869589872,84656,jo_lx_derive
M,77,1932,0.025384150030248076,82650,jo_lx_derive
M,78,1932,0.027994339060482654,80552,jo_lx_derive
M,79,1932,0.031674265936115,78297,jo_lx_derive
M,80,1932,0.03598137620850206,75817,jo_lx_derive
M,81,1932,0.040484888286883125,73089,jo_lx_derive
M,82,1932,0.04744046770283761,70130,jo_lx_derive
M,83,1932,0.052871877011511415,66803,jo_lx_derive
M,84,1932,0.06012233092570052,63271,jo_lx_derive
M,85,1932,0.0673146450972808,59467,jo_lx_derive
M,86,1932,0.07590509159094183,55464,jo_lx_derive
M,87,1932,0.08303742146954385,51254,jo_lx_derive
M,88,1932,0.09155708753563985,46998,jo_lx_derive
M,89,1932,0.10151071554046143,42695,jo_lx_derive
M,90,1932,0.11686348113969913,38361,jo_lx_derive
M,91,1932,0.12916937245409998,33878,jo_lx_derive
M,92,1932,0.14432919802047317,29502,jo_lx_derive
M,93,1932,0.16166217715100617,25244,jo_lx_derive
M,94,1932,0.17658177007040587,21163,jo_lx_derive
M,95,1932,0.1938482726959715,17426,jo_lx_derive
M,96,1932,0.20970956719817768,14048,jo_lx_derive
M,97,1932,0.22599531615925061,11102,jo_lx_derive
M,98,1932,0.24263935761666477,8593,jo_lx_derive
M,99,1932,0.2595267363245236,6508,jo_lx_derive
M,100,1932,0.2770284291346753,4819,jo_lx_derive
M,101,1932,0.2947761194029851,3484,jo_lx_derive
M,102,1932,0.3125763125763126,2457,jo_lx_derive
M,103,1932,0.3309650680876258,1689,jo_lx_derive
M,104,1932,0.3495575221238938,1130,jo_lx_derive
M,105,1932,0.36870748299319733,735,jo_lx_derive
M,106,1932,0.3879310344827587,464,jo_lx_derive
M,107,1932,0.4084507042253521,284,jo_lx_derive
M,108,1932,0.4285714285714286,168,jo_lx_derive
M,109,1932,0.44791666666666663,96,jo_lx_derive
M,110,1932,0.4716981132075472,53,jo_lx_derive
M,111,1932,0.5,28,jo_lx_derive
M,112,1932,0.5,14,jo_lx_derive
M,113,1932,0.5714285714285714,7,jo_lx_derive
M,114,1932,0.6666666666666667,3,jo_lx_derive
M,115,1932,0.0,1,jo_lx_derive
M,116,1932,1.0,1,jo_fin_table
M,117,1932,1.0,0,jo_fin_table
M,118,1932,1.0,0,jo_fin_table
M,119,1932,1.0,0,jo_fin_table
M,120,1932,1.0,0,jo_fin_table
M,63,1933,0.006820000000000048,100000,jo_lx_derive
M,64,1933,0.007551501238446168,99318,jo_lx_derive
M,65,1933,0.008166950734518341,98568,jo_lx_derive
M,66,1933,0.008786555240735239,97763,jo_lx_derive
M,67,1933,0.009669363493767014,96904,jo_lx_derive
M,68,1933,0.010753696583200467,95967,jo_lx_derive
M,69,1933,0.011955548533206906,94935,jo_lx_derive
M,70,1933,0.01352878464818763,93800,jo_lx_derive
M,71,1933,0.01508683576314962,92531,jo_lx_derive
M,72,1933,0.016623690130026847,91135,jo_lx_derive
M,73,1933,0.0183999107342111,89620,jo_lx_derive
M,74,1933,0.01993838878721399,87971,jo_lx_derive
M,75,1933,0.021260308291868202,86217,jo_lx_derive
M,76,1933,0.023203450891164157,84384,jo_lx_derive
M,77,1933,0.024846529007837348,82426,jo_lx_derive
M,78,1933,0.02740799721316778,80378,jo_lx_derive
M,79,1933,0.031032938919091757,78175,jo_lx_derive
M,80,1933,0.03527439306129454,75749,jo_lx_derive
M,81,1933,0.039711537145750375,73077,jo_lx_derive
M,82,1933,0.046583541147132146,70175,jo_lx_derive
M,83,1933,0.051938540639105635,66906,jo_lx_derive
M,84,1933,0.05910359288045275,63431,jo_lx_derive
M,85,1933,0.06623437552360845,59682,jo_lx_derive
M,86,1933,0.07471872813077574,55729,jo_lx_derive
M,87,1933,0.0817996703190148,51565,jo_lx_derive
M,88,1933,0.09022746953344452,47347,jo_lx_derive
M,89,1933,0.10010446894950664,43075,jo_lx_derive
M,90,1933,0.1153935453912236,38763,jo_lx_derive
M,91,1933,0.12758821813939925,34290,jo_lx_derive
M,92,1933,0.14267090088584322,29915,jo_lx_derive
M,93,1933,0.15970678831832186,25647,jo_lx_derive
M,94,1933,0.17446986218736948,21551,jo_lx_derive
M,95,1933,0.19155752908774104,17791,jo_lx_derive
M,96,1933,0.20732809566849753,14383,jo_lx_derive
M,97,1933,0.22331374440838525,11401,jo_lx_derive
M,98,1933,0.23986448334274424,8855,jo_lx_derive
M,99,1933,0.25672262665280043,6731,jo_lx_derive
M,100,1933,0.27383569858085144,5003,jo_lx_derive
M,101,1933,0.291494632535095,3633,jo_lx_derive
M,102,1933,0.30924630924630925,2574,jo_lx_derive
M,103,1933,0.327334083239595,1778,jo_lx_derive
M,104,1933,0.34615384615384615,1196,jo_lx_derive
M,105,1933,0.36445012787723785,782,jo_lx_derive
M,106,1933,0.3843058350100603,497,jo_lx_derive
M,107,1933,0.4019607843137255,306,jo_lx_derive
M,108,1933,0.42622950819672134,183,jo_lx_derive
M,109,1933,0.4380952380952381,105,jo_lx_derive
M,110,1933,0.4576271186440678,59,jo_lx_derive
M,111,1933,0.5,32,jo_lx_derive
M,112,1933,0.5,16,jo_lx_derive
M,113,1933,0.5,8,jo_lx_derive
M,114,1933,0.5,4,jo_lx_derive
M,115,1933,0.5,2,jo_lx_derive
M,116,1933,1.0,1,jo_fin_table
M,117,1933,1.0,0,jo_fin_table
M,118,1933,1.0,0,jo_fin_table
M,119,1933,1.0,0,jo_fin_table
M,120,1933,1.0,0,jo_fin_table
M,62,1934,0.006299999999999972,100000,jo_lx_derive
M,63,1934,0.006661970413605722,99370,jo_lx_derive
M,64,1934,0.007375288730396723,98708,jo_lx_derive
M,65,1934,0.007981220657277022,97980,jo_lx_derive
M,66,1934,0.00860100002057651,97198,jo_lx_derive
M,67,1934,0.009443556588696778,96362,jo_lx_derive
M,68,1934,0.010518375728114648,95452,jo_lx_derive
M,69,1934,0.011688971709300389,94448,jo_lx_derive
M,70,1934,0.013230630785053155,93344,jo_lx_derive
M,71,1934,0.014765115243895788,92109,jo_lx_derive
M,72,1934,0.016264642034622967,90749,jo_lx_derive
M,73,1934,0.018023366527393447,89273,jo_lx_derive
M,74,1934,0.019517703960576727,87664,jo_lx_derive
M,75,1934,0.02081370051074427,85953,jo_lx_derive
M,76,1934,0.022717551447174578,84164,jo_lx_derive
M,77,1934,0.02432767592277396,82252,jo_lx_derive
M,78,1934,0.02684078703069126,80251,jo_lx_derive
M,79,1934,0.03039809467713228,78097,jo_lx_derive
M,80,1934,0.03458658531753889,75723,jo_lx_derive
M,81,1934,0.03893083825782451,73104,jo_lx_derive
M,82,1934,0.04574568020723624,70258,jo_lx_derive
M,83,1934,0.05101127617683909,67044,jo_lx_derive
M,84,1934,0.05812272098579152,63624,jo_lx_derive
M,85,1934,0.06514701465140338,59926,jo_lx_derive
M,86,1934,0.07357823712113098,56022,jo_lx_derive
M,87,1934,0.08055876685934493,51900,jo_lx_derive
M,88,1934,0.08891636455080787,47719,jo_lx_derive
M,89,1934,0.09872113349894196,43476,jo_lx_derive
M,90,1934,0.11392405063291144,39184,jo_lx_derive
M,91,1934,0.126036866359447,34720,jo_lx_derive
M,92,1934,0.14101634590034273,30344,jo_lx_derive
M,93,1934,0.1577594475350086,26065,jo_lx_derive
M,94,1934,0.1724137931034483,21953,jo_lx_derive
M,95,1934,0.18928885953324526,18168,jo_lx_derive
M,96,1934,0.20483400095050586,14729,jo_lx_derive
M,97,1934,0.22079918032786883,11712,jo_lx_derive
M,98,1934,0.23712469866316022,9126,jo_lx_derive
M,99,1934,0.25366274059178395,6962,jo_lx_derive
M,100,1934,0.27078521939953815,5196,jo_lx_derive
M,101,1934,0.28793877012404323,3789,jo_lx_derive
M,102,1934,0.3057820607857672,2698,jo_lx_derive
M,103,1934,0.32407901761879343,1873,jo_lx_derive
M,104,1934,0.3420221169036335,1266,jo_lx_derive
M,105,1934,0.36014405762304924,833,jo_lx_derive
M,106,1934,0.38086303939962474,533,jo_lx_derive
M,107,1934,0.396969696969697,330,jo_lx_derive
M,108,1934,0.4170854271356784,199,jo_lx_derive
M,109,1934,0.43965517241379315,116,jo_lx_derive
M,110,1934,0.46153846153846156,65,jo_lx_derive
M,111,1934,0.48571428571428577,35,jo_lx_derive
M,112,1934,0.5,18,jo_lx_derive
M,113,1934,0.5555555555555556,9,jo_lx_derive
M,114,1934,0.5,4,jo_lx_derive
M,115,1934,0.5,2,jo_lx_derive
M,116,1934,1.0,1,jo_fin_table
M,117,1934,1.0,0,jo_fin_table
M,118,1934,1.0,0,jo_fin_table
M,119,1934,1.0,0,jo_fin_table
M,120,1934,1.0,0,jo_fin_table
M,61,1935,0.005909999999999971,100000,jo_lx_derive
M,62,1935,0.006146324779446544,99409,jo_lx_derive
M,63,1935,0.006518350573898268,98798,jo_lx_derive
M,64,1935,0.0072131548383153055,98154,jo_lx_derive
M,65,1935,0.007788929253124799,97446,jo_lx_derive
M,66,1935,0.008408576127090561,96687,jo_lx_derive
M,67,1935,0.009230865510983177,95874,jo_lx_derive
M,68,1935,0.010285401467538313,94989,jo_lx_derive
M,69,1935,0.011424073522529055,94012,jo_lx_derive
M,70,1935,0.012954873141233891,92938,jo_lx_derive
M,71,1935,0.014443935727211255,91734,jo_lx_derive
M,72,1935,0.01592761782565899,90409,jo_lx_derive
M,73,1935,0.01763535613528311,88969,jo_lx_derive
M,74,1935,0.01911899313501142,87400,jo_lx_derive
M,75,1935,0.020378168414422193,85729,jo_lx_derive
M,76,1935,0.022230954252101642,83982,jo_lx_derive
M,77,1935,0.02382025208548988,82115,jo_lx_derive
M,78,1935,0.026272782844097398,80159,jo_lx_derive
M,79,1935,0.029787452115869972,78053,jo_lx_derive
M,80,1935,0.0338976336361716,75728,jo_lx_derive
M,81,1935,0.03818974590287172,73161,jo_lx_derive
M,82,1935,0.044907413986669864,70367,jo_lx_derive
M,83,1935,0.050113827428690416,67207,jo_lx_derive
M,84,1935,0.05712808784598755,63839,jo_lx_derive
M,85,1935,0.06409489633173848,60192,jo_lx_derive
M,86,1935,0.07244292966947141,56334,jo_lx_derive
M,87,1935,0.0793447266185674,52253,jo_lx_derive
M,88,1935,0.087617186688008,48107,jo_lx_derive
M,89,1935,0.0973525927276041,43892,jo_lx_derive
M,90,1935,0.11247128902799164,39619,jo_lx_derive
M,91,1935,0.12450587265022894,35163,jo_lx_derive
M,92,1935,0.13935358128958908,30785,jo_lx_derive
M,93,1935,0.15584072466503118,26495,jo_lx_derive
M,94,1935,0.1703478494142896,22366,jo_lx_derive
M,95,1935,0.1870015089458935,18556,jo_lx_derive
M,96,1935,0.20243934773962613,15086,jo_lx_derive
M,97,1935,0.21816821808510634,12032,jo_lx_derive
M,98,1935,0.234399914956947,9407,jo_lx_derive
M,99,1935,0.2507636767564565,7202,jo_lx_derive
M,100,1935,0.2676056338028169,5396,jo_lx_derive
M,101,1935,0.284919028340081,3952,jo_lx_derive
M,102,1935,0.3021939136588818,2826,jo_lx_derive
M,103,1935,0.3199797160243407,1972,jo_lx_derive
M,104,1935,0.3385533184190902,1341,jo_lx_derive
M,105,1935,0.3562570462232244,887,jo_lx_derive
M,106,1935,0.3765323992994746,571,jo_lx_derive
M,107,1935,0.3932584269662921,356,jo_lx_derive
M,108,1935,0.41666666666666663,216,jo_lx_derive
M,109,1935,0.4285714285714286,126,jo_lx_derive
M,110,1935,0.45833333333333337,72,jo_lx_derive
M,111,1935,0.46153846153846156,39,jo_lx_derive
M,112,1935,0.5238095238095238,21,jo_lx_derive
M,113,1935,0.5,10,jo_lx_derive
M,114,1935,0.6,5,jo_lx_derive
M,115,1935,0.5,2,jo_lx_derive
M,116,1935,1.0,1,jo_fin_table
M,117,1935,1.0,0,jo_fin_table
M,118,1935,1.0,0,jo_fin_table
M,119,1935,1.0,0,jo_fin_table
M,120,1935,1.0,0,jo_fin_table
M,60,1936,0.005499999999999949,100000,jo_lx_derive
M,61,1936,0.005771744595273964,99450,jo_lx_derive
M,62,1936,0.006007524576236878,98876,jo_lx_derive
M,63,1936,0.006369426751592355,98282,jo_lx_derive
M,64,1936,0.0070451380355534,97656,jo_lx_derive
M,65,1936,0.0076210708687401985,96968,jo_lx_derive
M,66,1936,0.008209583389622632,96229,jo_lx_derive
M,67,1936,0.009021469210700017,95439,jo_lx_derive
M,68,1936,0.010055192539491165,94578,jo_lx_derive
M,69,1936,0.011182671665224797,93627,jo_lx_derive
M,70,1936,0.012670123136746647,92580,jo_lx_derive
M,71,1936,0.01413458487861985,91407,jo_lx_derive
M,72,1936,0.015591189036231468,90115,jo_lx_derive
M,73,1936,0.017258482696426602,88710,jo_lx_derive
M,74,1936,0.018720104612349298,87179,jo_lx_derive
M,75,1936,0.019942253965656298,85547,jo_lx_derive
M,76,1936,0.02177932038024355,83841,jo_lx_derive
M,77,1936,0.02331280863256724,82015,jo_lx_derive
M,78,1936,0.02572937343170667,80103,jo_lx_derive
M,79,1936,0.029189410830065876,78042,jo_lx_derive
M,80,1936,0.03322158280977772,75764,jo_lx_derive
M,81,1936,0.03746228514478411,73247,jo_lx_derive
M,82,1936,0.04408323050082974,70503,jo_lx_derive
M,83,1936,0.04923213888270639,67395,jo_lx_derive
M,84,1936,0.05615119309580663,64077,jo_lx_derive
M,85,1936,0.06306321202400833,60479,jo_lx_derive
M,86,1936,0.07129621459454694,56665,jo_lx_derive
M,87,1936,0.07815676959619955,52625,jo_lx_derive
M,88,1936,0.0863497691292876,48512,jo_lx_derive
M,89,1936,0.09599981950680236,44323,jo_lx_derive
M,90,1936,0.11101128082260159,40068,jo_lx_derive
M,91,1936,0.12299270072992696,35620,jo_lx_derive
M,92,1936,0.1376804635231601,31239,jo_lx_derive
M,93,1936,0.15394609844828866,26938,jo_lx_derive
M,94,1936,0.16826817603439959,22791,jo_lx_derive
M,95,1936,0.18479637054230846,18956,jo_lx_derive
M,96,1936,0.20002588494143536,15453,jo_lx_derive
M,97,1936,0.21558000323572235,12362,jo_lx_derive
M,98,1936,0.23161802619366811,9697,jo_lx_derive
M,99,1936,0.24788618977318477,7451,jo_lx_derive
M,100,1936,0.2646324054246967,5604,jo_lx_derive
M,101,1936,0.2814850764377578,4121,jo_lx_derive
M,102,1936,0.29888551165146915,2961,jo_lx_derive
M,103,1936,0.3164739884393064,2076,jo_lx_derive
M,104,1936,0.3347427766032417,1419,jo_lx_derive
M,105,1936,0.3527542372881356,944,jo_lx_derive
M,106,1936,0.37152209492635024,611,jo_lx_derive
M,107,1936,0.390625,384,jo_lx_derive
M,108,1936,0.41025641025641024,234,jo_lx_derive
M,109,1936,0.427536231884058,138,jo_lx_derive
M,110,1936,0.44303797468354433,79,jo_lx_derive
M,111,1936,0.4772727272727273,44,jo_lx_derive
M,112,1936,0.4782608695652174,23,jo_lx_derive
M,113,1936,0.5,12,jo_lx_derive
M,114,1936,0.5,6,jo_lx_derive
M,115,1936,0.6666666666666667,3,jo_lx_derive
M,116,1936,0.0,1,jo_lx_derive
M,117,1936,1.0,1,jo_fin_table
M,118,1936,1.0,0,jo_fin_table
M,119,1936,1.0,0,jo_fin_table
M,120,1936,1.0,0,jo_fin_table
M,59,1937,0.005249999999999977,100000,jo_lx_derive
M,60,1937,0.005368182960542867,99475,jo_lx_derive
M,61,1937,0.005639724684407876,98941,jo_lx_derive
M,62,1937,0.005874998729455294,98383,jo_lx_derive
M,63,1937,0.006216451101681897,97805,jo_lx_derive
M,64,1937,0.006893216868833374,97197,jo_lx_derive
M,65,1937,0.007448693111771876,96527,jo_lx_derive
M,66,1937,0.008026469605878384,95808,jo_lx_derive
M,67,1937,0.008817432843359008,95039,jo_lx_derive
M,68,1937,0.009830044267046034,94201,jo_lx_derive
M,69,1937,0.010935406057357322,93275,jo_lx_derive
M,70,1937,0.01238957238090077,92255,jo_lx_derive
M,71,1937,0.013840108876986612,91112,jo_lx_derive
M,72,1937,0.015258594784699153,89851,jo_lx_derive
M,73,1937,0.01689647377938519,88480,jo_lx_derive
M,74,1937,0.01832499856297065,86985,jo_lx_derive
M,75,1937,0.019521963672986642,85391,jo_lx_derive
M,76,1937,0.021320051598108014,83724,jo_lx_derive
M,77,1937,0.022821855282588288,81939,jo_lx_derive
M,78,1937,0.02520326218636426,80069,jo_lx_derive
M,79,1937,0.02858387464606471,78051,jo_lx_derive
M,80,1937,0.03257715642310732,75820,jo_lx_derive
M,81,1937,0.03672801635991818,73350,jo_lx_derive
M,82,1937,0.04329427083333337,70656,jo_lx_derive
M,83,1937,0.04834534076956076,67597,jo_lx_derive
M,84,1937,0.05521615445599959,64329,jo_lx_derive
M,85,1937,0.06201359066752221,60777,jo_lx_derive
M,86,1937,0.07020067358967164,57008,jo_lx_derive
M,87,1937,0.07697241821680567,53006,jo_lx_derive
M,88,1937,0.08510812247067001,48926,jo_lx_derive
M,89,1937,0.09465618158259237,44762,jo_lx_derive
M,90,1937,0.10958667489204199,40525,jo_lx_derive
M,91,1937,0.1214665779847024,36084,jo_lx_derive
M,92,1937,0.13605249045771428,31701,jo_lx_derive
M,93,1937,0.15203738863735938,27388,jo_lx_derive
M,94,1937,0.1662073716844643,23224,jo_lx_derive
M,95,1937,0.18255525717826893,19364,jo_lx_derive
M,96,1937,0.19761197801503572,15829,jo_lx_derive
M,97,1937,0.2130540902291158,12701,jo_lx_derive
M,98,1937,0.22891445722861425,9995,jo_lx_derive
M,99,1937,0.24497210328273,7707,jo_lx_derive
M,100,1937,0.2615569685512975,5819,jo_lx_derive
M,101,1937,0.27833372120083777,4297,jo_lx_derive
M,102,1937,0.29538858432763626,3101,jo_lx_derive
M,103,1937,0.31304347826086953,2185,jo_lx_derive
M,104,1937,0.33111259160559625,1501,jo_lx_derive
M,105,1937,0.34860557768924305,1004,jo_lx_derive
M,106,1937,0.3669724770642202,654,jo_lx_derive
M,107,1937,0.38647342995169087,414,jo_lx_derive
M,108,1937,0.405511811023622,254,jo_lx_derive
M,109,1937,0.42384105960264906,151,jo_lx_derive
M,110,1937,0.4482758620689655,87,jo_lx_derive
M,111,1937,0.45833333333333337,48,jo_lx_derive
M,112,1937,0.5,26,jo_lx_derive
M,113,1937,0.46153846153846156,13,jo_lx_derive
M,114,1937,0.5714285714285714,7,jo_lx_derive
M,115,1937,0.6666666666666667,3,jo_lx_derive
M,116,1937,0.0,1,jo_lx_derive
M,117,1937,1.0,1,jo_fin_table
M,118,1937,1.0,0,jo_fin_table
M,119,1937,1.0,0,jo_fin_table
M,120,1937,1.0,0,jo_fin_table
M,58,1938,0.005140000000000033,100000,jo_lx_derive
M,59,1938,0.005126349436101574,99486,jo_lx_derive
M,60,1938,0.0052537989007436225,98976,jo_lx_derive
M,61,1938,0.005515153977411202,98456,jo_lx_derive
M,62,1938,0.005739789404879847,97913,jo_lx_derive
M,63,1938,0.006070815913549965,97351,jo_lx_derive
M,64,1938,0.006727986771393191,96760,jo_lx_derive
M,65,1938,0.007283396976349721,96109,jo_lx_derive
M,66,1938,0.00783993124338378,95409,jo_lx_derive
M,67,1938,0.00862023430980019,94661,jo_lx_derive
M,68,1938,0.009611593585167055,93845,jo_lx_derive
M,69,1938,0.010694726875611904,92943,jo_lx_derive
M,70,1938,0.01212628739844912,91949,jo_lx_derive
M,71,1938,0.013541185018825508,90834,jo_lx_derive
M,72,1938,0.014932369090665643,89604,jo_lx_derive
M,73,1938,0.016540910429837075,88266,jo_lx_derive
M,74,1938,0.017948068105891335,86806,jo_lx_derive
M,75,1938,0.01910895270270274,85248,jo_lx_derive
M,76,1938,0.020868462909147456,83619,jo_lx_derive
M,77,1938,0.02233920414295132,81874,jo_lx_derive
M,78,1938,0.024673621088137976,80045,jo_lx_derive
M,79,1938,0.0280133213782503,78070,jo_lx_derive
M,80,1938,0.03191755729214707,75883,jo_lx_derive
M,81,1938,0.03603272484719788,73461,jo_lx_derive
M,82,1938,0.04250571920806623,70814,jo_lx_derive
M,83,1938,0.0474898236092266,67804,jo_lx_derive
M,84,1938,0.0542704075312771,64584,jo_lx_derive
M,85,1938,0.06101933561453199,61079,jo_lx_derive
M,86,1938,0.06909959548054123,57352,jo_lx_derive
M,87,1938,0.07580213152522053,53389,jo_lx_derive
M,88,1938,0.08386364557577719,49342,jo_lx_derive
M,89,1938,0.09333244845588884,45204,jo_lx_derive
M,90,1938,0.10818592167866292,40985,jo_lx_derive
M,91,1938,0.1199419988509206,36551,jo_lx_derive
M,92,1938,0.1344234774769173,32167,jo_lx_derive
M,93,1938,0.15016341629853103,27843,jo_lx_derive
M,94,1938,0.16414504268447294,23662,jo_lx_derive
M,95,1938,0.18035190615835772,19778,jo_lx_derive
M,96,1938,0.19523780149281356,16211,jo_lx_derive
M,97,1938,0.21048597271194236,13046,jo_lx_derive
M,98,1938,0.22621359223300974,10300,jo_lx_derive
M,99,1938,0.24215809284818068,7970,jo_lx_derive
M,100,1938,0.25844370860927157,6040,jo_lx_derive
M,101,1938,0.2750613976334003,4479,jo_lx_derive
M,102,1938,0.2922697874961503,3247,jo_lx_derive
M,103,1938,0.30939947780678856,2298,jo_lx_derive
M,104,1938,0.3270321361058601,1587,jo_lx_derive
M,105,1938,0.3455056179775281,1068,jo_lx_derive
M,106,1938,0.36337625178826893,699,jo_lx_derive
M,107,1938,0.3820224719101124,445,jo_lx_derive
M,108,1938,0.4,275,jo_lx_derive
M,109,1938,0.4181818181818182,165,jo_lx_derive
M,110,1938,0.4375,96,jo_lx_derive
M,111,1938,0.4629629629629629,54,jo_lx_derive
M,112,1938,0.48275862068965514,29,jo_lx_derive
M,113,1938,0.4666666666666667,15,jo_lx_derive
M,114,1938,0.5,8,jo_lx_derive
M,115,1938,0.5,4,jo_lx_derive
M,116,1938,0.5,2,jo_lx_derive
M,117,1938,1.0,1,jo_fin_table
M,118,1938,1.0,0,jo_fin_table
M,119,1938,1.0,0,jo_fin_table
M,120,1938,1.0,0,jo_fin_table
M,57,1939,0.0047399999999999665,100000,jo_lx_derive
M,58,1939,0.005023812873018119,99526,jo_lx_derive
M,59,1939,0.005018883929473028,99026,jo_lx_derive
M,60,1939,0.005135543850034008,98529,jo_lx_derive
M,61,1939,0.005386490925599063,98023,jo_lx_derive
M,62,1939,0.005610544130468242,97495,jo_lx_derive
M,63,1939,0.005931014564508841,96948,jo_lx_derive
M,64,1939,0.006578606041111046,96373,jo_lx_derive
M,65,1939,0.007113088709930104,95739,jo_lx_derive
M,66,1939,0.007669002082938858,95058,jo_lx_derive
M,67,1939,0.0084279489870559,94329,jo_lx_derive
M,68,1939,0.009397652190647254,93534,jo_lx_derive
M,69,1939,0.010458151206087063,92655,jo_lx_derive
M,70,1939,0.011855681347206826,91686,jo_lx_derive
M,71,1939,0.01325621695603707,90599,jo_lx_derive
M,72,1939,0.014608827937985236,89398,jo_lx_derive
M,73,1939,0.016198973800118033,88092,jo_lx_derive
M,74,1939,0.017561876189926773,86665,jo_lx_derive
M,75,1939,0.018709700151509856,85143,jo_lx_derive
M,76,1939,0.02043087971274682,83550,jo_lx_derive
M,77,1939,0.02187114353090669,81843,jo_lx_derive
M,78,1939,0.02417148639026645,80053,jo_lx_derive
M,79,1939,0.027432857984075354,78118,jo_lx_derive
M,80,1939,0.03128660743665679,75975,jo_lx_derive
M,81,1939,0.03534063425636569,73598,jo_lx_derive
M,82,1939,0.04172007267912725,70997,jo_lx_derive
M,83,1939,0.04665245829352538,68035,jo_lx_derive
M,84,1939,0.053344845130355645,64861,jo_lx_derive
M,85,1939,0.060015309196918665,61401,jo_lx_derive
M,86,1939,0.0680400582160926,57716,jo_lx_derive
M,87,1939,0.0746621056349811,53789,jo_lx_derive
M,88,1939,0.08261507242882682,49773,jo_lx_derive
M,89,1939,0.09204791835483239,45661,jo_lx_derive
M,90,1939,0.10675864730570694,41458,jo_lx_derive
M,91,1939,0.1184651112551307,37032,jo_lx_derive
M,92,1939,0.132792158064022,32645,jo_lx_derive
M,93,1939,0.14828682444365948,28310,jo_lx_derive
M,94,1939,0.16211844724618452,24112,jo_lx_derive
M,95,1939,0.17814186011978417,20203,jo_lx_derive
M,96,1939,0.1928450975668513,16604,jo_lx_derive
M,97,1939,0.2080286524399343,13402,jo_lx_derive
M,98,1939,0.22347842472206525,10614,jo_lx_derive
M,99,1939,0.23926231497209416,8242,jo_lx_derive
M,100,1939,0.25550239234449756,6270,jo_lx_derive
M,101,1939,0.27185089974293064,4668,jo_lx_derive
M,102,1939,0.2889085025007355,3399,jo_lx_derive
M,103,1939,0.30575093090608196,2417,jo_lx_derive
M,104,1939,0.32359952324195473,1678,jo_lx_derive
M,105,1939,0.34096916299559477,1135,jo_lx_derive
M,106,1939,0.35962566844919786,748,jo_lx_derive
M,107,1939,0.3778705636743215,479,jo_lx_derive
M,108,1939,0.3959731543624161,298,jo_lx_derive
M,109,1939,0.41666666666666663,180,jo_lx_derive
M,110,1939,0.4380952380952381,105,jo_lx_derive
M,111,1939,0.4576271186440678,59,jo_lx_derive
M,112,1939,0.46875,32,jo_lx_derive
M,113,1939,0.47058823529411764,17,jo_lx_derive
M,114,1939,0.5555555555555556,9,jo_lx_derive
M,115,1939,0.5,4,jo_lx_derive
M,116,1939,0.5,2,jo_lx_derive
M,117,1939,1.0,1,jo_fin_table
M,118,1939,1.0,0,jo_fin_table
M,119,1939,1.0,0,jo_fin_table
M,120,1939,1.0,0,jo_fin_table
M,56,1940,0.0042999999999999705,100000,jo_lx_derive
M,57,1940,0.0046399517927085965,99570,jo_lx_derive
M,58,1940,0.004913831375872757,99108,jo_lx_derive
M,59,1940,0.004897537035722599,98621,jo_lx_derive
M,60,1940,0.005013348550001018,98138,jo_lx_derive
M,61,1940,0.005274153575159257,97646,jo_lx_derive
M,62,1940,0.0054771391213928045,97131,jo_lx_derive
M,63,1940,0.005797161461298717,96599,jo_lx_derive
M,64,1940,0.006424473391018259,96039,jo_lx_derive
M,65,1940,0.006958563014818342,95422,jo_lx_derive
M,66,1940,0.007492771058907999,94758,jo_lx_derive
M,67,1940,0.008229840081660389,94048,jo_lx_derive
M,68,1940,0.009198704890966414,93274,jo_lx_derive
M,69,1940,0.010225502077562343,92416,jo_lx_derive
M,70,1940,0.011599304697663793,91471,jo_lx_derive
M,71,1940,0.012963167791173569,90410,jo_lx_derive
M,72,1940,0.014310047289271433,89238,jo_lx_derive
M,73,1940,0.015859301281249683,87961,jo_lx_derive
M,74,1940,0.017189196682300234,86566,jo_lx_derive
M,75,1940,0.01831260725451933,85078,jo_lx_derive
M,76,1940,0.02000718390804601,83520,jo_lx_derive
M,77,1940,0.021405270681376654,81849,jo_lx_derive
M,78,1940,0.023658813688402835,80097,jo_lx_derive
M,79,1940,0.026879107951203296,78202,jo_lx_derive
M,80,1940,0.030670170827858056,76100,jo_lx_derive
M,81,1940,0.03466366618767458,73766,jo_lx_derive
M,82,1940,0.040949879930907596,71209,jo_lx_derive
M,83,1940,0.04583193006603903,68293,jo_lx_derive
M,84,1940,0.05243773306937982,65163,jo_lx_derive
M,85,1940,0.059032164026819545,61746,jo_lx_derive
M,86,1940,0.06696958744255688,58101,jo_lx_derive
M,87,1940,0.07352886921232249,54210,jo_lx_derive
M,88,1940,0.08141525963682705,50224,jo_lx_derive
M,89,1940,0.09075539178497882,46135,jo_lx_derive
M,90,1940,0.10536855154000191,41948,jo_lx_derive
M,91,1940,0.11697932210616069,37528,jo_lx_derive
M,92,1940,0.13120888406059505,33138,jo_lx_derive
M,93,1940,0.1464050017367141,28790,jo_lx_derive
M,94,1940,0.16008138351983725,24575,jo_lx_derive
M,95,1940,0.17596046703163604,20641,jo_lx_derive
M,96,1940,0.19054618143335877,17009,jo_lx_derive
M,97,1940,0.2054764671702498,13768,jo_lx_derive
M,98,1940,0.22076972300941589,10939,jo_lx_derive
M,99,1940,0.23650868137024872,8524,jo_lx_derive
M,100,1940,0.25245851259987706,6508,jo_lx_derive
M,101,1940,0.26885919835560124,4865,jo_lx_derive
M,102,1940,0.2853528254146753,3557,jo_lx_derive
M,103,1940,0.3025177025963808,2542,jo_lx_derive
M,104,1940,0.31979695431472077,1773,jo_lx_derive
M,105,1940,0.3374792703150912,1206,jo_lx_derive
M,106,1940,0.3554443053817271,799,jo_lx_derive
M,107,1940,0.37281553398058254,515,jo_lx_derive
M,108,1940,0.3931888544891641,323,jo_lx_derive
M,109,1940,0.40816326530612246,196,jo_lx_derive
M,110,1940,0.43103448275862066,116,jo_lx_derive
M,111,1940,0.4545454545454546,66,jo_lx_derive
M,112,1940,0.4722222222222222,36,jo_lx_derive
M,113,1940,0.4736842105263158,19,jo_lx_derive
M,114,1940,0.5,10,jo_lx_derive
M,115,1940,0.6,5,jo_lx_derive
M,116,1940,0.5,2,jo_lx_derive
M,117,1940,1.0,1,jo_fin_table
M,118,1940,1.0,0,jo_fin_table
M,119,1940,1.0,0,jo_fin_table
M,120,1940,1.0,0,jo_fin_table
M,55,1941,0.003920000000000035,100000,jo_lx_derive
M,56,1941,0.004196450084330561,99608,jo_lx_derive
M,57,1941,0.004536747656013751,99190,jo_lx_derive
M,58,1941,0.004810613733036262,98740,jo_lx_derive
M,59,1941,0.004793161349412323,98265,jo_lx_derive
M,60,1941,0.004898051005174153,97794,jo_lx_derive
M,61,1941,0.0051482299748240035,97315,jo_lx_derive
M,62,1941,0.005350465841717056,96814,jo_lx_derive
M,63,1941,0.0056700174462075426,96296,jo_lx_derive
M,64,1941,0.006287206266318512,95750,jo_lx_derive
M,65,1941,0.006789422793963107,95148,jo_lx_derive
M,66,1941,0.007322596347167254,94502,jo_lx_derive
M,67,1941,0.008048182496535605,93810,jo_lx_derive
M,68,1941,0.008983934232443147,93055,jo_lx_derive
M,69,1941,0.010008783439421354,92219,jo_lx_derive
M,70,1941,0.011347704171048023,91296,jo_lx_derive
M,71,1941,0.012685575005539573,90260,jo_lx_derive
M,72,1941,0.014004376367614868,89115,jo_lx_derive
M,73,1941,0.015523461595365773,87867,jo_lx_derive
M,74,1941,0.016831786180826147,86503,jo_lx_derive
M,75,1941,0.01793126153773794,85047,jo_lx_derive
M,76,1941,0.019587653552357476,83522,jo_lx_derive
M,77,1941,0.020955963168307168,81886,jo_lx_derive
M,78,1941,0.023163278034177393,80170,jo_lx_derive
M,79,1941,0.026330238913079618,78313,jo_lx_derive
M,80,1941,0.03005862218200417,76251,jo_lx_derive
M,81,1941,0.033991806271042035,73959,jo_lx_derive
M,82,1941,0.04019875428651409,71445,jo_lx_derive
M,83,1941,0.04501771834395463,68573,jo_lx_derive
M,84,1941,0.05155300369544635,65486,jo_lx_derive
M,85,1941,0.05805828369022703,62110,jo_lx_derive
M,86,1941,0.06592711609462598,58504,jo_lx_derive
M,87,1941,0.07241019635112633,54647,jo_lx_derive
M,88,1941,0.08021305977510362,50690,jo_lx_derive
M,89,1941,0.08948181194234728,46624,jo_lx_derive
M,90,1941,0.10399981155187032,42452,jo_lx_derive
M,91,1941,0.11551909982385566,38037,jo_lx_derive
M,92,1941,0.1295960526706893,33643,jo_lx_derive
M,93,1941,0.1445548611822559,29283,jo_lx_derive
M,94,1941,0.1580838323353293,25050,jo_lx_derive
M,95,1941,0.17377904220009488,21090,jo_lx_derive
M,96,1941,0.1881779053084649,17425,jo_lx_derive
M,97,1941,0.2030255902728687,14146,jo_lx_derive
M,98,1941,0.2182011708355508,11274,jo_lx_derive
M,99,1941,0.23360562741093716,8814,jo_lx_derive
M,100,1941,0.2494448556624722,6755,jo_lx_derive
M,101,1941,0.2656804733727811,5070,jo_lx_derive
M,102,1941,0.2822992210582863,3723,jo_lx_derive
M,103,1941,0.29902694610778446,2672,jo_lx_derive
M,104,1941,0.3160704751735184,1873,jo_lx_derive
M,105,1941,0.3341139734582358,1281,jo_lx_derive
M,106,1941,0.35052754982415,853,jo_lx_derive
M,107,1941,0.37003610108303253,554,jo_lx_derive
M,108,1941,0.3868194842406877,349,jo_lx_derive
M,109,1941,0.40654205607476634,214,jo_lx_derive
M,110,1941,0.4251968503937008,127,jo_lx_derive
M,111,1941,0.452054794520548,73,jo_lx_derive
M,112,1941,0.44999999999999996,40,jo_lx_derive
M,113,1941,0.5,22,jo_lx_derive
M,114,1941,0.4545454545454546,11,jo_lx_derive
M,115,1941,0.5,6,jo_lx_derive
M,116,1941,0.6666666666666667,3,jo_lx_derive
M,117,1941,0.0,1,jo_lx_derive
M,118,1941,1.0,1,jo_fin_table
M,119,1941,1.0,0,jo_fin_table
M,120,1941,1.0,0,jo_fin_table
M,54,1942,0.0033600000000000296,100000,jo_lx_derive
M,55,1942,0.0038328784716648023,99664,jo_lx_derive
M,56,1942,0.004109506254910245,99282,jo_lx_derive
M,57,1942,0.004429880453911017,98874,jo_lx_derive
M,58,1942,0.0047035637368442185,98436,jo_lx_derive
M,59,1942,0.00468496422483744,97973,jo_lx_derive
M,60,1942,0.0047890559304305524,97514,jo_lx_derive
M,61,1942,0.0050284913495523,97047,jo_lx_derive
M,62,1942,0.005240319390217407,96559,jo_lx_derive
M,63,1942,0.005528197974035143,96053,jo_lx_derive
M,64,1942,0.006145181214798678,95522,jo_lx_derive
M,65,1942,0.00663611945015008,94935,jo_lx_derive
M,66,1942,0.007157626849053633,94305,jo_lx_derive
M,67,1942,0.007871408736516039,93630,jo_lx_derive
M,68,1942,0.008784300216377994,92893,jo_lx_derive
M,69,1942,0.009774427924454487,92077,jo_lx_derive
M,70,1942,0.011110258069469303,91177,jo_lx_derive
M,71,1942,0.01241071824675033,90164,jo_lx_derive
M,72,1942,0.013700937728114981,89045,jo_lx_derive
M,73,1942,0.015200683176772034,87825,jo_lx_derive
M,74,1942,0.01647589316684006,86490,jo_lx_derive
M,75,1942,0.01756304002821374,85065,jo_lx_derive
M,76,1942,0.019169329073482455,83571,jo_lx_derive
M,77,1942,0.020507752930986056,81969,jo_lx_derive
M,78,1942,0.02268084894380229,80288,jo_lx_derive
M,79,1942,0.025794282946971392,78467,jo_lx_derive
M,80,1942,0.02947294062242456,76443,jo_lx_derive
M,81,1942,0.033333333333333326,74190,jo_lx_derive
M,82,1942,0.03946065786354702,71717,jo_lx_derive
M,83,1942,0.04421734144323308,68887,jo_lx_derive
M,84,1942,0.050667517200528533,65841,jo_lx_derive
M,85,1942,0.05711543076553871,62505,jo_lx_derive
M,86,1942,0.06488504284381102,58935,jo_lx_derive
M,87,1942,0.07131062764239449,55111,jo_lx_derive
M,88,1942,0.07905277349016238,51181,jo_lx_derive
M,89,1942,0.08821470245040841,47135,jo_lx_derive
M,90,1942,0.10263629383158435,42977,jo_lx_derive
M,91,1942,0.11406420162837738,38566,jo_lx_derive
M,92,1942,0.12798899522931484,34167,jo_lx_derive
M,93,1942,0.14271329797945898,29794,jo_lx_derive
M,94,1942,0.1561349933442957,25542,jo_lx_derive
M,95,1942,0.17161547740558603,21554,jo_lx_derive
M,96,1942,0.18588630635676284,17855,jo_lx_derive
M,97,1942,0.20053659878921304,14536,jo_lx_derive
M,98,1942,0.21555804147663715,11621,jo_lx_derive
M,99,1942,0.23080298376480912,9116,jo_lx_derive
M,100,1942,0.24657729606389045,7012,jo_lx_derive
M,101,1942,0.2625402233579406,5283,jo_lx_derive
M,102,1942,0.2790041067761807,3896,jo_lx_derive
M,103,1942,0.29547881808472765,2809,jo_lx_derive
M,104,1942,0.31278423446184944,1979,jo_lx_derive
M,105,1942,0.33014705882352946,1360,jo_lx_derive
M,106,1942,0.34687156970362243,911,jo_lx_derive
M,107,1942,0.36638655462184877,595,jo_lx_derive
M,108,1942,0.3846153846153846,377,jo_lx_derive
M,109,1942,0.40086206896551724,232,jo_lx_derive
M,110,1942,0.4244604316546763,139,jo_lx_derive
M,111,1942,0.4375,80,jo_lx_derive
M,112,1942,0.4666666666666667,45,jo_lx_derive
M,113,1942,0.45833333333333337,24,jo_lx_derive
M,114,1942,0.5384615384615384,13,jo_lx_derive
M,115,1942,0.5,6,jo_lx_derive
M,116,1942,0.6666666666666667,3,jo_lx_derive
M,117,1942,0.0,1,jo_lx_derive
M,118,1942,1.0,1,jo_fin_table
M,119,1942,1.0,0,jo_fin_table
M,120,1942,1.0,0,jo_fin_table
M,53,1943,0.002889999999999948,100000,jo_lx_derive
M,54,1943,0.0032794776905256118,99711,jo_lx_derive
M,55,1943,0.003743057232552527,99384,jo_lx_derive
M,56,1943,0.004019714782046657,99012,jo_lx_derive
M,57,1943,0.004340154541951469,98614,jo_lx_derive
M,58,1943,0.004593322876988548,98186,jo_lx_derive
M,59,1943,0.004583823604645265,97735,jo_lx_derive
M,60,1943,0.004676883859097258,97287,jo_lx_derive
M,61,1943,0.004915730337078705,96832,jo_lx_derive
M,62,1943,0.005116443189837727,96356,jo_lx_derive
M,63,1943,0.0054035446418325694,95863,jo_lx_derive
M,64,1943,0.00600975405107762,95345,jo_lx_derive
M,65,1943,0.006478706791035349,94772,jo_lx_derive
M,66,1943,0.006998874232672758,94158,jo_lx_derive
M,67,1943,0.007689921817345624,93499,jo_lx_derive
M,68,1943,0.008590213408062097,92780,jo_lx_derive
M,69,1943,0.009566985203787626,91983,jo_lx_derive
M,70,1943,0.010866821070656285,91103,jo_lx_derive
M,71,1943,0.01215140989646335,90113,jo_lx_derive
M,72,1943,0.013401783908872367,89018,jo_lx_derive
M,73,1943,0.014881867349843425,87825,jo_lx_derive
M,74,1943,0.01613537067431059,86518,jo_lx_derive
M,75,1943,0.017175348323582584,85122,jo_lx_derive
M,76,1943,0.01876643557255553,83660,jo_lx_derive
M,77,1943,0.020087708612498423,82090,jo_lx_derive
M,78,1943,0.022202608122723455,80441,jo_lx_derive
M,79,1943,0.025274934842031693,78655,jo_lx_derive
M,80,1943,0.0288781353124552,76667,jo_lx_derive
M,81,1943,0.03269176527473705,74453,jo_lx_derive
M,82,1943,0.03873977700329079,72019,jo_lx_derive
M,83,1943,0.04342110965057999,69229,jo_lx_derive
M,84,1943,0.049816529000498266,66223,jo_lx_derive
M,85,1943,0.05617888246138203,62924,jo_lx_derive
M,86,1943,0.06386704608597549,59389,jo_lx_derive
M,87,1943,0.07022087919994247,55596,jo_lx_derive
M,88,1943,0.077884392169001,51692,jo_lx_derive
M,89,1943,0.08698023748583894,47666,jo_lx_derive
M,90,1943,0.10128676470588238,43520,jo_lx_derive
M,91,1943,0.11262528124360816,39112,jo_lx_derive
M,92,1943,0.12640101420462735,34707,jo_lx_derive
M,93,1943,0.14089709762532987,30320,jo_lx_derive
M,94,1943,0.1541385135135135,26048,jo_lx_derive
M,95,1943,0.16947306313257382,22033,jo_lx_derive
M,96,1943,0.18361659107055028,18299,jo_lx_derive
M,97,1943,0.19807216011781248,14939,jo_lx_derive
M,98,1943,0.2129382303839733,11980,jo_lx_derive
M,99,1943,0.22812599427298763,9429,jo_lx_derive
M,100,1943,0.24361088211046988,7278,jo_lx_derive
M,101,1943,0.2595821980018165,5505,jo_lx_derive
M,102,1943,0.2757605495583906,4076,jo_lx_derive
M,103,1943,0.29234417344173447,2952,jo_lx_derive
M,104,1943,0.30876017233125896,2089,jo_lx_derive
M,105,1943,0.3261772853185596,1444,jo_lx_derive
M,106,1943,0.3442959917780062,973,jo_lx_derive
M,107,1943,0.3605015673981191,638,jo_lx_derive
M,108,1943,0.3799019607843137,408,jo_lx_derive
M,109,1943,0.39920948616600793,253,jo_lx_derive
M,110,1943,0.4144736842105263,152,jo_lx_derive
M,111,1943,0.4382022471910112,89,jo_lx_derive
M,112,1943,0.45999999999999996,50,jo_lx_derive
M,113,1943,0.4814814814814815,27,jo_lx_derive
M,114,1943,0.5,14,jo_lx_derive
M,115,1943,0.4285714285714286,7,jo_lx_derive
M,116,1943,0.5,4,jo_lx_derive
M,117,1943,0.5,2,jo_lx_derive
M,118,1943,1.0,1,jo_fin_table
M,119,1943,1.0,0,jo_fin_table
M,120,1943,1.0,0,jo_fin_table
M,52,1944,0.0025600000000000067,100000,jo_lx_derive
M,53,1944,0.0028272377285851746,99744,jo_lx_derive
M,54,1944,0.0032072550320725313,99462,jo_lx_derive
M,55,1944,0.0036613780095418047,99143,jo_lx_derive
M,56,1944,0.003927920631706772,98780,jo_lx_derive
M,57,1944,0.004248312870965165,98392,jo_lx_derive
M,58,1944,0.004490987404821678,97974,jo_lx_derive
M,59,1944,0.004480488855168496,97534,jo_lx_derive
M,60,1944,0.004572746840788122,97097,jo_lx_derive
M,61,1944,0.004811025006983716,96653,jo_lx_derive
M,62,1944,0.004990227471202258,96188,jo_lx_derive
M,63,1944,0.005286914364525441,95708,jo_lx_derive
M,64,1944,0.005861221402911676,95202,jo_lx_derive
M,65,1944,0.00633954608850007,94644,jo_lx_derive
M,66,1944,0.006837225128663138,94044,jo_lx_derive
M,67,1944,0.007515979486301005,93401,jo_lx_derive
M,68,1944,0.008403542648788065,92699,jo_lx_derive
M,69,1944,0.009355961705831195,91920,jo_lx_derive
M,70,1944,0.010619371842741088,91060,jo_lx_derive
M,71,1944,0.011898815668253904,90093,jo_lx_derive
M,72,1944,0.013120499657384266,89021,jo_lx_derive
M,73,1944,0.014558410071369265,87853,jo_lx_derive
M,74,1944,0.015801510846212508,86574,jo_lx_derive
M,75,1944,0.016818064455554782,85206,jo_lx_derive
M,76,1944,0.018371074212455096,83773,jo_lx_derive
M,77,1944,0.019663399567089068,82234,jo_lx_derive
M,78,1944,0.021744793281814,80617,jo_lx_derive
M,79,1944,0.024751470886589577,78864,jo_lx_derive
M,80,1944,0.02830507593093401,76912,jo_lx_derive
M,81,1944,0.03204656452799892,74735,jo_lx_derive
M,82,1944,0.0380425767210395,72340,jo_lx_derive
M,83,1944,0.04265103178708973,69588,jo_lx_derive
M,84,1944,0.04896427499249478,66620,jo_lx_derive
M,85,1944,0.05524164272862153,63358,jo_lx_derive
M,86,1944,0.06288215443215606,59858,jo_lx_derive
M,87,1944,0.06915178093913787,56094,jo_lx_derive
M,88,1944,0.07672124868332852,52215,jo_lx_derive
M,89,1944,0.08575162314090734,48209,jo_lx_derive
M,90,1944,0.09994327850255247,44075,jo_lx_derive
M,91,1944,0.111192336778422,39670,jo_lx_derive
M,92,1944,0.12484755665220226,35259,jo_lx_derive
M,93,1944,0.13909323654276173,30857,jo_lx_derive
M,94,1944,0.15219273480143047,26565,jo_lx_derive
M,95,1944,0.16734748246159314,22522,jo_lx_derive
M,96,1944,0.18130432464139068,18753,jo_lx_derive
M,97,1944,0.19566208558587894,15353,jo_lx_derive
M,98,1944,0.21038140740140898,12349,jo_lx_derive
M,99,1944,0.22541277817659722,9751,jo_lx_derive
M,100,1944,0.24069905997616836,7553,jo_lx_derive
M,101,1944,0.2564952048823017,5735,jo_lx_derive
M,102,1944,0.27251407129455907,4264,jo_lx_derive
M,103,1944,0.2888459058671825,3102,jo_lx_derive
M,104,1944,0.3055303717135086,2206,jo_lx_derive
M,105,1944,0.3231070496083551,1532,jo_lx_derive
M,106,1944,0.33944069431051105,1037,jo_lx_derive
M,107,1944,0.35766423357664234,685,jo_lx_derive
M,108,1944,0.375,440,jo_lx_derive
M,109,1944,0.3927272727272727,275,jo_lx_derive
M,110,1944,0.4131736526946108,167,jo_lx_derive
M,111,1944,0.4285714285714286,98,jo_lx_derive
M,112,1944,0.4464285714285714,56,jo_lx_derive
M,113,1944,0.4838709677419355,31,jo_lx_derive
M,114,1944,0.5,16,jo_lx_derive
M,115,1944,0.5,8,jo_lx_derive
M,116,1944,0.5,4,jo_lx_derive
M,117,1944,0.5,2,jo_lx_derive
M,118,1944,1.0,1,jo_fin_table
M,119,1944,1.0,0,jo_fin_table
M,120,1944,1.0,0,jo_fin_table
M,51,1945,0.0023199999999999887,100000,jo_lx_derive
M,52,1945,0.002505813487290509,99768,jo_lx_derive
M,53,1945,0.0027532707650876898,99518,jo_lx_derive
M,54,1945,0.003133690701704883,99244,jo_lx_derive
M,55,1945,0.0035882870225304453,98933,jo_lx_derive
M,56,1945,0.003844671224816909,98578,jo_lx_derive
M,57,1945,0.004144645057485352,98199,jo_lx_derive
M,58,1945,0.004397087696335067,97792,jo_lx_derive
M,59,1945,0.004375423676588386,97362,jo_lx_derive
M,60,1945,0.004477180820335103,96936,jo_lx_derive
M,61,1945,0.004694203228948646,96502,jo_lx_derive
M,62,1945,0.004882924340701145,96049,jo_lx_derive
M,63,1945,0.0051579828415986295,95580,jo_lx_derive
M,64,1945,0.005731593172568328,95087,jo_lx_derive
M,65,1945,0.0061983033995473,94542,jo_lx_derive
M,66,1945,0.0066733364553620556,93956,jo_lx_derive
M,67,1945,0.00735034126584444,93329,jo_lx_derive
M,68,1945,0.00821432811977163,92643,jo_lx_derive
M,69,1945,0.009142160597287785,91882,jo_lx_derive
M,70,1945,0.010401792579249114,91042,jo_lx_derive
M,71,1945,0.011632166046950387,90095,jo_lx_derive
M,72,1945,0.01284714813525445,89047,jo_lx_derive
M,73,1945,0.01425434854328067,87903,jo_lx_derive
M,74,1945,0.015464512406231923,86650,jo_lx_derive
M,75,1945,0.01645762513187199,85310,jo_lx_derive
M,76,1945,0.017996329225561936,83906,jo_lx_derive
M,77,1945,0.019236370697606642,82396,jo_lx_derive
M,78,1945,0.021296605660120482,80811,jo_lx_derive
M,79,1945,0.024238209634593555,79090,jo_lx_derive
M,80,1945,0.027755821336477804,77173,jo_lx_derive
M,81,1945,0.031427010169130076,75031,jo_lx_derive
M,82,1945,0.03734536898160257,72673,jo_lx_derive
M,83,1945,0.04188167355165173,69959,jo_lx_derive
M,84,1945,0.04812842202628709,67029,jo_lx_derive
M,85,1945,0.05433913765810383,63803,jo_lx_derive
M,86,1945,0.061886767435693435,60336,jo_lx_derive
M,87,1945,0.0680894668032932,56602,jo_lx_derive
M,88,1945,0.07560476226586788,52748,jo_lx_derive
M,89,1945,0.08453650533223955,48760,jo_lx_derive
M,90,1945,0.09861552936959539,44638,jo_lx_derive
M,91,1945,0.10977731384829503,40236,jo_lx_derive
M,92,1945,0.12328652391189032,35819,jo_lx_derive
M,93,1945,0.13731172181001816,31403,jo_lx_derive
M,94,1945,0.15027130781440334,27091,jo_lx_derive
M,95,1945,0.1652041702867072,23020,jo_lx_derive
M,96,1945,0.17906020710828952,19217,jo_lx_derive
M,97,1945,0.19326825557809335,15776,jo_lx_derive
M,98,1945,0.2078258819831853,12727,jo_lx_derive
M,99,1945,0.2226740726046419,10082,jo_lx_derive
M,100,1945,0.23784611458466254,7837,jo_lx_derive
M,101,1945,0.2534739661811485,5973,jo_lx_derive
M,102,1945,0.2693429019959632,4459,jo_lx_derive
M,103,1945,0.28575813382443216,3258,jo_lx_derive
M,104,1945,0.3021057155135367,2327,jo_lx_derive
M,105,1945,0.31896551724137934,1624,jo_lx_derive
M,106,1945,0.3363471971066908,1106,jo_lx_derive
M,107,1945,0.35286103542234337,734,jo_lx_derive
M,108,1945,0.3726315789473684,475,jo_lx_derive
M,109,1945,0.38926174496644295,298,jo_lx_derive
M,110,1945,0.4065934065934066,182,jo_lx_derive
M,111,1945,0.42592592592592593,108,jo_lx_derive
M,112,1945,0.4516129032258065,62,jo_lx_derive
M,113,1945,0.47058823529411764,34,jo_lx_derive
M,114,1945,0.5,18,jo_lx_derive
M,115,1945,0.4444444444444444,9,jo_lx_derive
M,116,1945,0.6,5,jo_lx_derive
M,117,1945,0.5,2,jo_lx_derive
M,118,1945,1.0,1,jo_fin_table
M,119,1945,1.0,0,jo_fin_table
M,120,1945,1.0,0,jo_fin_table
M,50,1946,0.0020499999999999963,100000,jo_lx_derive
M,51,1946,0.002264642517160187,99795,jo_lx_derive
M,52,1946,0.0024505619218833097,99569,jo_lx_derive
M,53,1946,0.002688144978605589,99325,jo_lx_derive
M,54,1946,0.0030689091239476385,99058,jo_lx_derive
M,55,1946,0.0035036555481297027,98754,jo_lx_derive
M,56,1946,0.0037598569222014877,98408,jo_lx_derive
M,57,1946,0.004059650339664267,98038,jo_lx_derive
M,58,1946,0.004291274068004891,97640,jo_lx_derive
M,59,1946,0.004278910934880309,97221,jo_lx_derive
M,60,1946,0.004379939052734927,96805,jo_lx_derive
M,61,1946,0.004585966113653139,96381,jo_lx_derive
M,62,1946,0.004773866727816656,95939,jo_lx_derive
M,63,1946,0.005037651469925963,95481,jo_lx_derive
M,64,1946,0.005600000000000049,95000,jo_lx_derive
M,65,1946,0.006054960409874188,94468,jo_lx_derive
M,66,1946,0.006528499616597072,93896,jo_lx_derive
M,67,1946,0.007182444818455647,93283,jo_lx_derive
M,68,1946,0.008033429432153127,92613,jo_lx_derive
M,69,1946,0.008947523103549626,91869,jo_lx_derive
M,70,1946,0.010170571243423687,91047,jo_lx_derive
M,71,1946,0.011384693911518973,90121,jo_lx_derive
M,72,1946,0.012570851338458922,89095,jo_lx_derive
M,73,1946,0.01394714407502129,87975,jo_lx_derive
M,74,1946,0.015147323281228364,86748,jo_lx_derive
M,75,1946,0.016105999953180183,85434,jo_lx_derive
M,76,1946,0.017618787028004457,84058,jo_lx_derive
M,77,1946,0.01883090933310727,82577,jo_lx_derive
M,78,1946,0.020846189923724445,81022,jo_lx_derive
M,79,1946,0.023747998941172077,79333,jo_lx_derive
M,80,1946,0.027204999418972475,77449,jo_lx_derive
M,81,1946,0.030819463247590995,75342,jo_lx_derive
M,82,1946,0.03664749383730481,73020,jo_lx_derive
M,83,1946,0.041140680086432346,70344,jo_lx_derive
M,84,1946,0.04730911786508529,67450,jo_lx_derive
M,85,1946,0.05343998506045844,64259,jo_lx_derive
M,86,1946,0.06091245376078913,60825,jo_lx_derive
M,87,1946,0.0670518207282913,57120,jo_lx_derive
M,88,1946,0.07447926440232688,53290,jo_lx_derive
M,89,1946,0.08335191906084627,49321,jo_lx_derive
M,90,1946,0.0973014819730148,45210,jo_lx_derive
M,91,1946,0.10837764328244837,40811,jo_lx_derive
M,92,1946,0.12174343190062653,36388,jo_lx_derive
M,93,1946,0.1355216221290444,31958,jo_lx_derive
M,94,1946,0.148333152350961,27627,jo_lx_derive
M,95,1946,0.16316035530621786,23529,jo_lx_derive
M,96,1946,0.1768410360589131,19690,jo_lx_derive
M,97,1946,0.19089338598223105,16208,jo_lx_derive
M,98,1946,0.20527680341619647,13114,jo_lx_derive
M,99,1946,0.22001535213970447,10422,jo_lx_derive
M,100,1946,0.23508426620740563,8129,jo_lx_derive
M,101,1946,0.2504020585397234,6218,jo_lx_derive
M,102,1946,0.2662518772795538,4661,jo_lx_derive
M,103,1946,0.2824561403508772,3420,jo_lx_derive
M,104,1946,0.2986960065199674,2454,jo_lx_derive
M,105,1946,0.315514235909355,1721,jo_lx_derive
M,106,1946,0.33276740237691005,1178,jo_lx_derive
M,107,1946,0.3498727735368957,786,jo_lx_derive
M,108,1946,0.3679060665362035,511,jo_lx_derive
M,109,1946,0.38390092879256965,323,jo_lx_derive
M,110,1946,0.40201005025125625,199,jo_lx_derive
M,111,1946,0.4285714285714286,119,jo_lx_derive
M,112,1946,0.4411764705882353,68,jo_lx_derive
M,113,1946,0.4473684210526315,38,jo_lx_derive
M,114,1946,0.47619047619047616,21,jo_lx_derive
M,115,1946,0.5454545454545454,11,jo_lx_derive
M,116,1946,0.4,5,jo_lx_derive
M,117,1946,0.6666666666666667,3,jo_lx_derive
M,118,1946,0.0,1,jo_lx_derive
M,119,1946,1.0,1,jo_fin_table
M,120,1946,1.0,0,jo_fin_table
M,49,1947,0.0019500000000000073,100000,jo_lx_derive
M,50,1947,0.0020139271579580065,99805,jo_lx_derive
M,51,1947,0.002208746636681247,99604,jo_lx_derive
M,52,1947,0.0023947516702890193,99384,jo_lx_derive
M,53,1947,0.002622395255481802,99146,jo_lx_derive
M,54,1947,0.00300345852800199,98886,jo_lx_derive
M,55,1947,0.0034283743622514073,98589,jo_lx_derive
M,56,1947,0.0036742628573754876,98251,jo_lx_derive
M,57,1947,0.003963632648891657,97890,jo_lx_derive
M,58,1947,0.004205041947857535,97502,jo_lx_derive
M,59,1947,0.004181600955794451,97092,jo_lx_derive
M,60,1947,0.0042715594812071656,96686,jo_lx_derive
M,61,1947,0.004487239412919508,96273,jo_lx_derive
M,62,1947,0.004663974708110308,95841,jo_lx_derive
M,63,1947,0.004926934608046607,95394,jo_lx_derive
M,64,1947,0.00546753192027305,94924,jo_lx_derive
M,65,1947,0.005921296541496757,94405,jo_lx_derive
M,66,1947,0.006382797348848168,93846,jo_lx_derive
M,67,1947,0.007024354670927768,93247,jo_lx_derive
M,68,1947,0.007840850181441206,92592,jo_lx_derive
M,69,1947,0.008751877734961777,91866,jo_lx_derive
M,70,1947,0.009949265335705393,91062,jo_lx_derive
M,71,1947,0.011136252717511841,90156,jo_lx_derive
M,72,1947,0.012304827709978428,89152,jo_lx_derive
M,73,1947,0.013661915848049544,88055,jo_lx_derive
M,74,1947,0.014818311610555912,86852,jo_lx_derive
M,75,1947,0.015777479109448933,85565,jo_lx_derive
M,76,1947,0.017241584040847857,84215,jo_lx_derive
M,77,1947,0.018438190979060742,82763,jo_lx_derive
M,78,1947,0.020409419353250358,81237,jo_lx_derive
M,79,1947,0.023259905251385438,79579,jo_lx_derive
M,80,1947,0.026657060518731956,77728,jo_lx_derive
M,81,1947,0.030228930950618627,75656,jo_lx_derive
M,82,1947,0.03598249942073628,73369,jo_lx_derive
M,83,1947,0.04039361506595596,70729,jo_lx_derive
M,84,1947,0.04649929278642151,67872,jo_lx_derive
M,85,1947,0.052568143890228125,64716,jo_lx_derive
M,86,1947,0.05995368105163579,61314,jo_lx_derive
M,87,1947,0.06601547590131507,57638,jo_lx_derive
M,88,1947,0.07337506733787824,53833,jo_lx_derive
M,89,1947,0.08217228314255354,49883,jo_lx_derive
M,90,1947,0.09601607548488555,45784,jo_lx_derive
M,91,1947,0.1069875326181502,41388,jo_lx_derive
M,92,1947,0.12018398268398267,36960,jo_lx_derive
M,93,1947,0.13377206470262626,32518,jo_lx_derive
M,94,1947,0.14644277193978983,28168,jo_lx_derive
M,95,1947,0.1610863868901551,24043,jo_lx_derive
M,96,1947,0.17461576598909267,20170,jo_lx_derive
M,97,1947,0.18855117731859683,16648,jo_lx_derive
M,98,1947,0.20275371974239398,13509,jo_lx_derive
M,99,1947,0.21736304549675023,10770,jo_lx_derive
M,100,1947,0.23229327322339544,8429,jo_lx_derive
M,101,1947,0.24756606397774683,6471,jo_lx_derive
M,102,1947,0.2630930375847197,4869,jo_lx_derive
M,103,1947,0.27898550724637683,3588,jo_lx_derive
M,104,1947,0.29532276768457677,2587,jo_lx_derive
M,105,1947,0.31212287438288533,1823,jo_lx_derive
M,106,1947,0.32854864433811803,1254,jo_lx_derive
M,107,1947,0.3456057007125891,842,jo_lx_derive
M,108,1947,0.3647912885662432,551,jo_lx_derive
M,109,1947,0.38,350,jo_lx_derive
M,110,1947,0.40092165898617516,217,jo_lx_derive
M,111,1947,0.41538461538461535,130,jo_lx_derive
M,112,1947,0.4342105263157895,76,jo_lx_derive
M,113,1947,0.4651162790697675,43,jo_lx_derive
M,114,1947,0.4782608695652174,23,jo_lx_derive
M,115,1947,0.5,12,jo_lx_derive
M,116,1947,0.5,6,jo_lx_derive
M,117,1947,0.6666666666666667,3,jo_lx_derive
M,118,1947,0.0,1,jo_lx_derive
M,119,1947,1.0,1,jo_fin_table
M,120,1947,1.0,0,jo_fin_table
M,48,1948,0.0018200000000000438,100000,jo_lx_derive
M,49,1948,0.0019034643050351852,99818,jo_lx_derive
M,50,1948,0.0019673184245392328,99628,jo_lx_derive
M,51,1948,0.0021522246359321207,99432,jo_lx_derive
M,52,1948,0.002338285391763617,99218,jo_lx_derive
M,53,1948,0.0025761218758207916,98986,jo_lx_derive
M,54,1948,0.0029271454760916304,98731,jo_lx_derive
M,55,1948,0.0033522277076857288,98442,jo_lx_derive
M,56,1948,0.0035979288975864776,98112,jo_lx_derive
M,57,1948,0.003876880900991253,97759,jo_lx_derive
M,58,1948,0.004107619634421855,97380,jo_lx_derive
M,59,1948,0.004093627552072543,96980,jo_lx_derive
M,60,1948,0.004172576954536544,96583,jo_lx_derive
M,61,1948,0.00438760657101267,96180,jo_lx_derive
M,62,1948,0.004553144384803365,95758,jo_lx_derive
M,63,1948,0.004815257757915248,95322,jo_lx_derive
M,64,1948,0.00534454950823815,94863,jo_lx_derive
M,65,1948,0.005786595447030418,94356,jo_lx_derive
M,66,1948,0.006236008954269234,93810,jo_lx_derive
M,67,1948,0.006865111289890091,93225,jo_lx_derive
M,68,1948,0.007668628827563806,92585,jo_lx_derive
M,69,1948,0.008555102040816331,91875,jo_lx_derive
M,70,1948,0.009737729034241194,91089,jo_lx_derive
M,71,1948,0.01089776279905097,90202,jo_lx_derive
M,72,1948,0.012037794640155086,89219,jo_lx_derive
M,73,1948,0.01337568778716891,88145,jo_lx_derive
M,74,1948,0.014511418255410136,86966,jo_lx_derive
M,75,1948,0.015436852422290648,85704,jo_lx_derive
M,76,1948,0.0168758369775186,84381,jo_lx_derive
M,77,1948,0.018045493448412997,82957,jo_lx_derive
M,78,1948,0.019985268843604187,81460,jo_lx_derive
M,79,1948,0.02278534923339015,79832,jo_lx_derive
M,80,1948,0.026123851153012967,78013,jo_lx_derive
M,81,1948,0.029641329384666015,75975,jo_lx_derive
M,82,1948,0.03532140580280241,73723,jo_lx_derive
M,83,1948,0.03967997300299497,71119,jo_lx_derive
M,84,1948,0.04569746841003264,68297,jo_lx_derive
M,85,1948,0.051706149502884546,65176,jo_lx_derive
M,86,1948,0.059007216127884066,61806,jo_lx_derive
M,87,1948,0.0650114341718393,58159,jo_lx_derive
M,88,1948,0.07229026444518005,54378,jo_lx_derive
M,89,1948,0.08099589668364815,50447,jo_lx_derive
M,90,1948,0.09471322879144106,46361,jo_lx_derive
M,91,1948,0.10562306409340005,41970,jo_lx_derive
M,92,1948,0.11868289953912137,37537,jo_lx_derive
M,93,1948,0.13200532011365695,33082,jo_lx_derive
M,94,1948,0.1445585930698241,28715,jo_lx_derive
M,95,1948,0.15905390001628394,24564,jo_lx_derive
M,96,1948,0.17243549402139713,20657,jo_lx_derive
M,97,1948,0.18619479379935655,17095,jo_lx_derive
M,98,1948,0.2002587694077056,13912,jo_lx_derive
M,99,1948,0.21472227215531192,11126,jo_lx_derive
M,100,1948,0.22948380450955708,8737,jo_lx_derive
M,101,1948,0.24465240641711228,6732,jo_lx_derive
M,102,1948,0.26017699115044246,5085,jo_lx_derive
M,103,1948,0.27591706539074956,3762,jo_lx_derive
M,104,1948,0.2918502202643172,2724,jo_lx_derive
M,105,1948,0.3084499740798341,1929,jo_lx_derive
M,106,1948,0.32533733133433285,1334,jo_lx_derive
M,107,1948,0.3422222222222222,900,jo_lx_derive
M,108,1948,0.35979729729729726,592,jo_lx_derive
M,109,1948,0.37730870712401055,379,jo_lx_derive
M,110,1948,0.39406779661016944,236,jo_lx_derive
M,111,1948,0.4125874125874126,143,jo_lx_derive
M,112,1948,0.4285714285714286,84,jo_lx_derive
M,113,1948,0.45833333333333337,48,jo_lx_derive
M,114,1948,0.46153846153846156,26,jo_lx_derive
M,115,1948,0.5,14,jo_lx_derive
M,116,1948,0.5714285714285714,7,jo_lx_derive
M,117,1948,0.33333333333333337,3,jo_lx_derive
M,118,1948,0.5,2,jo_lx_derive
M,119,1948,1.0,1,jo_fin_table
M,120,1948,1.0,0,jo_fin_table
M,47,1949,0.0016800000000000148,100000,jo_lx_derive
M,48,1949,0.0017729786040547868,99832,jo_lx_derive
M,49,1949,0.0018664392152927256,99655,jo_lx_derive
M,50,1949,0.0019201962420453134,99469,jo_lx_derive
M,51,1949,0.0021051995406837776,99278,jo_lx_derive
M,52,1949,0.002291332303747895,99069,jo_lx_derive
M,53,1949,0.002509054855223458,98842,jo_lx_derive
M,54,1949,0.002860214617522394,98594,jo_lx_derive
M,55,1949,0.0032752868418911563,98312,jo_lx_derive
M,56,1949,0.0035207674252474286,97990,jo_lx_derive
M,57,1949,0.003799477699831022,97645,jo_lx_derive
M,58,1949,0.004019573575672841,97274,jo_lx_derive
M,59,1949,0.003994508840560296,96883,jo_lx_derive
M,60,1949,0.004083070800862232,96496,jo_lx_derive
M,61,1949,0.004276705999875174,96102,jo_lx_derive
M,62,1949,0.004451829325641921,95691,jo_lx_derive
M,63,1949,0.004702671495302568,95265,jo_lx_derive
M,64,1949,0.005231129438813764,94817,jo_lx_derive
M,65,1949,0.005650915490717834,94321,jo_lx_derive
M,66,1949,0.006088198916705756,93788,jo_lx_derive
M,67,1949,0.006715513264747841,93217,jo_lx_derive
M,68,1949,0.007495328919657429,92591,jo_lx_derive
M,69,1949,0.008368064245840467,91897,jo_lx_derive
M,70,1949,0.009525063646738663,91128,jo_lx_derive
M,71,1949,0.010669177930423213,90260,jo_lx_derive
M,72,1949,0.01178091089286315,89297,jo_lx_derive
M,73,1949,0.013088560258371573,88245,jo_lx_derive
M,74,1949,0.01420369732460669,87090,jo_lx_derive
M,75,1949,0.015118865968574147,85853,jo_lx_derive
M,76,1949,0.016509963928803773,84555,jo_lx_derive
M,77,1949,0.017676980242667617,83159,jo_lx_derive
M,78,1949,0.019561997331342007,81689,jo_lx_derive
M,79,1949,0.02232460576094697,80091,jo_lx_derive
M,80,1949,0.025605660064109914,78303,jo_lx_derive
M,81,1949,0.029057118142022054,76298,jo_lx_derive
M,82,1949,0.03466475884504794,74081,jo_lx_derive
M,83,1949,0.03897193517262598,71513,jo_lx_derive
M,84,1949,0.04491749847219395,68726,jo_lx_derive
M,85,1949,0.050853913069973666,65639,jo_lx_derive
M,86,1949,0.05807290412673949,62301,jo_lx_derive
M,87,1949,0.06400490772455392,58683,jo_lx_derive
M,88,1949,0.07122180348462503,54927,jo_lx_derive
M,89,1949,0.07983926296187394,51015,jo_lx_derive
M,90,1949,0.09345575390907934,46942,jo_lx_derive
M,91,1949,0.10424156973328635,42555,jo_lx_derive
M,92,1949,0.11718565544741466,38119,jo_lx_derive
M,93,1949,0.13030429097824792,33652,jo_lx_derive
M,94,1949,0.14268630197833743,29267,jo_lx_derive
M,95,1949,0.15698856163564623,25091,jo_lx_derive
M,96,1949,0.17029122541603636,21152,jo_lx_derive
M,97,1949,0.18387464387464392,17550,jo_lx_derive
M,98,1949,0.19779375829086088,14323,jo_lx_derive
M,99,1949,0.21209747606614449,11490,jo_lx_derive
M,100,1949,0.22677565447917813,9053,jo_lx_derive
M,101,1949,0.24185714285714288,7000,jo_lx_derive
M,102,1949,0.25701903146787264,5307,jo_lx_derive
M,103,1949,0.27263504945472994,3943,jo_lx_derive
M,104,1949,0.2887029288702929,2868,jo_lx_derive
M,105,1949,0.30490196078431375,2040,jo_lx_derive
M,106,1949,0.32157968970380824,1418,jo_lx_derive
M,107,1949,0.33887733887733884,962,jo_lx_derive
M,108,1949,0.35534591194968557,636,jo_lx_derive
M,109,1949,0.37317073170731707,410,jo_lx_derive
M,110,1949,0.3929961089494164,257,jo_lx_derive
M,111,1949,0.41025641025641024,156,jo_lx_derive
M,112,1949,0.42391304347826086,92,jo_lx_derive
M,113,1949,0.4528301886792453,53,jo_lx_derive
M,114,1949,0.4482758620689655,29,jo_lx_derive
M,115,1949,0.5,16,jo_lx_derive
M,116,1949,0.5,8,jo_lx_derive
M,117,1949,0.5,4,jo_lx_derive
M,118,1949,0.5,2,jo_lx_derive
M,119,1949,1.0,1,jo_fin_table
M,120,1949,1.0,0,jo_fin_table
M,46,1950,0.0014899999999999913,100000,jo_lx_derive
M,47,1950,0.0016424472463971718,99851,jo_lx_derive
M,48,1950,0.0017354319018527686,99687,jo_lx_derive
M,49,1950,0.0018188395602628527,99514,jo_lx_derive
M,50,1950,0.0018724895049982981,99333,jo_lx_derive
M,51,1950,0.00206763694312484,99147,jo_lx_derive
M,52,1950,0.0022235248933718532,98942,jo_lx_derive
M,53,1950,0.002461457425903091,98722,jo_lx_derive
M,54,1950,0.0028026279714457036,98479,jo_lx_derive
M,55,1950,0.003197458326120395,98203,jo_lx_derive
M,56,1950,0.003442674866430351,97889,jo_lx_derive
M,57,1950,0.0037108413974085153,97552,jo_lx_derive
M,58,1950,0.003930445519086279,97190,jo_lx_derive
M,59,1950,0.003904635980497506,96808,jo_lx_derive
M,60,1950,0.003992533443949009,96430,jo_lx_derive
M,61,1950,0.004185538029048863,96045,jo_lx_derive
M,62,1950,0.00434950806645551,95643,jo_lx_derive
M,63,1950,0.004589034622533572,95227,jo_lx_derive
M,64,1950,0.0051060238421773985,94790,jo_lx_derive
M,65,1950,0.005524568956376097,94306,jo_lx_derive
M,66,1950,0.005960441435197472,93785,jo_lx_derive
M,67,1950,0.006553965631905245,93226,jo_lx_derive
M,68,1950,0.00734222318198996,92615,jo_lx_derive
M,69,1950,0.00817969217381842,91935,jo_lx_derive
M,70,1950,0.009310946119342467,91183,jo_lx_derive
M,71,1950,0.010439037350277847,90334,jo_lx_derive
M,72,1950,0.011533599579376053,89391,jo_lx_derive
M,73,1950,0.012811226799456787,88360,jo_lx_derive
M,74,1950,0.013906085201999319,87228,jo_lx_derive
M,75,1950,0.01478811835145033,86015,jo_lx_derive
M,76,1950,0.016178327413473692,84743,jo_lx_derive
M,77,1950,0.01729597466775412,83372,jo_lx_derive
M,78,1950,0.019150494324423284,81930,jo_lx_derive
M,79,1950,0.021863839424596465,80361,jo_lx_derive
M,80,1950,0.025100503791155693,78604,jo_lx_derive
M,81,1950,0.028487165768422695,76631,jo_lx_derive
M,82,1950,0.034037180313776005,74448,jo_lx_derive
M,83,1950,0.03826793113997273,71914,jo_lx_derive
M,84,1950,0.044142737341314575,69162,jo_lx_derive
M,85,1950,0.0500083195933988,66109,jo_lx_derive
M,86,1950,0.05716287438498158,62803,jo_lx_derive
M,87,1950,0.06302670021785761,59213,jo_lx_derive
M,88,1950,0.07015014148987941,55481,jo_lx_derive
M,89,1950,0.07871833142724227,51589,jo_lx_derive
M,90,1950,0.09219828311732037,47528,jo_lx_derive
M,91,1950,0.10288323367171925,43146,jo_lx_derive
M,92,1950,0.11568966853540708,38707,jo_lx_derive
M,93,1950,0.12857518478483154,34229,jo_lx_derive
M,94,1950,0.1408408207053775,29828,jo_lx_derive
M,95,1950,0.15499278105123504,25627,jo_lx_derive
M,96,1950,0.16813668898637724,21655,jo_lx_derive
M,97,1950,0.1815809925613412,18014,jo_lx_derive
M,98,1950,0.19541477311266364,14743,jo_lx_derive
M,99,1950,0.20949249704940143,11862,jo_lx_derive
M,100,1950,0.2240588674416124,9377,jo_lx_derive
M,101,1950,0.23886750962067071,7276,jo_lx_derive
M,102,1950,0.2540628385698809,5538,jo_lx_derive
M,103,1950,0.2696683611716292,4131,jo_lx_derive
M,104,1950,0.2853828306264501,3017,jo_lx_derive
M,105,1950,0.3014842300556586,2156,jo_lx_derive
M,106,1950,0.3180610889774237,1506,jo_lx_derive
M,107,1950,0.3349561830574489,1027,jo_lx_derive
M,108,1950,0.3513909224011713,683,jo_lx_derive
M,109,1950,0.3702031602708804,443,jo_lx_derive
M,110,1950,0.3870967741935484,279,jo_lx_derive
M,111,1950,0.4035087719298246,171,jo_lx_derive
M,112,1950,0.42156862745098034,102,jo_lx_derive
M,113,1950,0.44067796610169496,59,jo_lx_derive
M,114,1950,0.4545454545454546,33,jo_lx_derive
M,115,1950,0.5,18,jo_lx_derive
M,116,1950,0.4444444444444444,9,jo_lx_derive
M,117,1950,0.6,5,jo_lx_derive
M,118,1950,0.5,2,jo_lx_derive
M,119,1950,1.0,1,jo_fin_table
M,120,1950,1.0,0,jo_fin_table
M,45,1951,0.0013199999999999878,100000,jo_lx_derive
M,46,1951,0.0014519165298193526,99868,jo_lx_derive
M,47,1951,0.0016044443107408046,99723,jo_lx_derive
M,48,1951,0.0016974177154163161,99563,jo_lx_derive
M,49,1951,0.001780791597078335,99394,jo_lx_derive
M,50,1951,0.001824284144854249,99217,jo_lx_derive
M,51,1951,0.0020194676683226165,99036,jo_lx_derive
M,52,1951,0.0021854385041887303,98836,jo_lx_derive
M,53,1951,0.002393023727438659,98620,jo_lx_derive
M,54,1951,0.0027443486745812873,98384,jo_lx_derive
M,55,1951,0.0031290131887395933,98114,jo_lx_derive
M,56,1951,0.0033637674195098333,97807,jo_lx_derive
M,57,1951,0.0036315886661605346,97478,jo_lx_derive
M,58,1951,0.0038404513817388297,97124,jo_lx_derive
M,59,1951,0.0038139140680716332,96751,jo_lx_derive
M,60,1951,0.0039011433670187445,96382,jo_lx_derive
M,61,1951,0.004093494156615196,96006,jo_lx_derive
M,62,1951,0.00424628450106157,95613,jo_lx_derive
M,63,1951,0.004495467770227024,95207,jo_lx_derive
M,64,1951,0.004990556979921679,94779,jo_lx_derive
M,65,1951,0.005397323606133209,94306,jo_lx_derive
M,66,1951,0.005821081697708896,93797,jo_lx_derive
M,67,1951,0.00640207611714616,93251,jo_lx_derive
M,68,1951,0.007177240054395906,92654,jo_lx_derive
M,69,1951,0.00800095663611955,91989,jo_lx_derive
M,70,1951,0.00910654992164639,91253,jo_lx_derive
M,71,1951,0.010218752073610449,90422,jo_lx_derive
M,72,1951,0.011285168383651012,89498,jo_lx_derive
M,73,1951,0.012544073772714937,88488,jo_lx_derive
M,74,1951,0.013607544233102176,87378,jo_lx_derive
M,75,1951,0.014479806007727247,86189,jo_lx_derive
M,76,1951,0.015834520431829202,84941,jo_lx_derive
M,77,1951,0.01692664720800041,83596,jo_lx_derive
M,78,1951,0.01875129287791577,82181,jo_lx_derive
M,79,1951,0.021416170634920628,80640,jo_lx_derive
M,80,1951,0.024596707766781134,78913,jo_lx_derive
M,81,1951,0.02794522683573253,76972,jo_lx_derive
M,82,1951,0.03339971398404196,74821,jo_lx_derive
M,83,1951,0.037581925278615036,72322,jo_lx_derive
M,84,1951,0.04338831101660823,69604,jo_lx_derive
M,85,1951,0.04918599062837914,66584,jo_lx_derive
M,86,1951,0.05626372237754507,63309,jo_lx_derive
M,87,1951,0.062044956232112036,59747,jo_lx_derive
M,88,1951,0.06911134903640259,56040,jo_lx_derive
M,89,1951,0.07757777905572494,52167,jo_lx_derive
M,90,1951,0.09096009975062347,48120,jo_lx_derive
M,91,1951,0.10154767619962046,43743,jo_lx_derive
M,92,1951,0.11419556754281057,39301,jo_lx_derive
M,93,1951,0.1269066153448425,34813,jo_lx_derive
M,94,1951,0.1390031255140648,30395,jo_lx_derive
M,95,1951,0.15303782957585021,26170,jo_lx_derive
M,96,1951,0.16598240469208214,22165,jo_lx_derive
M,97,1951,0.17932489451476796,18486,jo_lx_derive
M,98,1951,0.19293388702129066,15171,jo_lx_derive
M,99,1951,0.20704018294674942,12244,jo_lx_derive
M,100,1951,0.22134102379235765,9709,jo_lx_derive
M,101,1951,0.23611111111111116,7560,jo_lx_derive
M,102,1951,0.25108225108225113,5775,jo_lx_derive
M,103,1951,0.2665895953757226,4325,jo_lx_derive
M,104,1951,0.282156368221942,3172,jo_lx_derive
M,105,1951,0.29819938515590694,2277,jo_lx_derive
M,106,1951,0.3147684605757196,1598,jo_lx_derive
M,107,1951,0.3305936073059361,1095,jo_lx_derive
M,108,1951,0.3478854024556617,733,jo_lx_derive
M,109,1951,0.36610878661087864,478,jo_lx_derive
M,110,1951,0.3828382838283828,303,jo_lx_derive
M,111,1951,0.4010695187165776,187,jo_lx_derive
M,112,1951,0.4196428571428571,112,jo_lx_derive
M,113,1951,0.4307692307692308,65,jo_lx_derive
M,114,1951,0.45945945945945943,37,jo_lx_derive
M,115,1951,0.5,20,jo_lx_derive
M,116,1951,0.5,10,jo_lx_derive
M,117,1951,0.4,5,jo_lx_derive
M,118,1951,0.6666666666666667,3,jo_lx_derive
M,119,1951,0.0,1,jo_lx_derive
M,120,1951,1.0,1,fermeture_hypothese
M,44,1952,0.0012100000000000444,100000,jo_lx_derive
M,45,1952,0.0012815506763182993,99879,jo_lx_derive
M,46,1952,0.0014235446261190443,99751,jo_lx_derive
M,47,1952,0.0015661235430532994,99609,jo_lx_derive
M,48,1952,0.001659075141021371,99453,jo_lx_derive
M,49,1952,0.0017424059302232342,99288,jo_lx_derive
M,50,1952,0.0017858043686627134,99115,jo_lx_derive
M,51,1952,0.001970931290303013,98938,jo_lx_derive
M,52,1952,0.00212673303424038,98743,jo_lx_derive
M,53,1952,0.0023443922340739,98533,jo_lx_derive
M,54,1952,0.0026856015137026734,98302,jo_lx_derive
M,55,1952,0.0030600379444705172,98038,jo_lx_derive
M,56,1952,0.003284290654607225,97738,jo_lx_derive
M,57,1952,0.0035517414824928206,97417,jo_lx_derive
M,58,1952,0.0037601343346622684,97071,jo_lx_derive
M,59,1952,0.003732963828511182,96706,jo_lx_derive
M,60,1952,0.0038092272562146867,96345,jo_lx_derive
M,61,1952,0.004000916876784277,95978,jo_lx_derive
M,62,1952,0.004152980312571941,95594,jo_lx_derive
M,63,1952,0.004380390138344681,95197,jo_lx_derive
M,64,1952,0.004874446085672113,94780,jo_lx_derive
M,65,1952,0.005280010178332906,94318,jo_lx_derive
M,66,1952,0.00569175015988066,93820,jo_lx_derive
M,67,1952,0.006260317732564413,93286,jo_lx_derive
M,68,1952,0.007011714957606108,92702,jo_lx_derive
M,69,1952,0.007821666014861117,92052,jo_lx_derive
M,70,1952,0.00891253886918053,91332,jo_lx_derive
M,71,1952,0.009998011445237376,90518,jo_lx_derive
M,72,1952,0.01104750426835388,89613,jo_lx_derive
M,73,1952,0.012276722746916713,88623,jo_lx_derive
M,74,1952,0.013320386131261741,87535,jo_lx_derive
M,75,1952,0.014171751438594837,86369,jo_lx_derive
M,76,1952,0.01550296552939101,85145,jo_lx_derive
M,77,1952,0.016570235609901562,83825,jo_lx_derive
M,78,1952,0.018353631908389567,82436,jo_lx_derive
M,79,1952,0.02098290967957195,80923,jo_lx_derive
M,80,1952,0.02410855159356262,79225,jo_lx_derive
M,81,1952,0.027394425402573863,77315,jo_lx_derive
M,82,1952,0.03279386145723895,75197,jo_lx_derive
M,83,1952,0.03690310871567837,72731,jo_lx_derive
M,84,1952,0.04264279697917117,70047,jo_lx_derive
M,85,1952,0.048374589919475075,67060,jo_lx_derive
M,86,1952,0.055362291588316404,63816,jo_lx_derive
M,87,1952,0.06109516779191482,60283,jo_lx_derive
M,88,1952,0.06807420494699645,56600,jo_lx_derive
M,89,1952,0.07647828312510663,52747,jo_lx_derive
M,90,1952,0.08972964095826574,48713,jo_lx_derive
M,91,1952,0.10022100942672862,44342,jo_lx_derive
M,92,1952,0.11271241666248932,39898,jo_lx_derive
M,93,1952,0.12522245134318244,35401,jo_lx_derive
M,94,1952,0.13720614828209765,30968,jo_lx_derive
M,95,1952,0.15105355739361503,26719,jo_lx_derive
M,96,1952,0.16391129921086278,22683,jo_lx_derive
M,97,1952,0.1770630108093857,18965,jo_lx_derive
M,98,1952,0.19061959377202542,15607,jo_lx_derive
M,99,1952,0.20448068397720076,12632,jo_lx_derive
M,100,1952,0.21872823166484223,10049,jo_lx_derive
M,101,1952,0.2332186982549994,7851,jo_lx_derive
M,102,1952,0.24817275747508305,6020,jo_lx_derive
M,103,1952,0.2635881573133009,4526,jo_lx_derive
M,104,1952,0.279027902790279,3333,jo_lx_derive
M,105,1952,0.2946317103620475,2403,jo_lx_derive
M,106,1952,0.31091445427728615,1695,jo_lx_derive
M,107,1952,0.3279109589041096,1168,jo_lx_derive
M,108,1952,0.3439490445859873,785,jo_lx_derive
M,109,1952,0.36116504854368936,515,jo_lx_derive
M,110,1952,0.3799392097264438,329,jo_lx_derive
M,111,1952,0.3970588235294118,204,jo_lx_derive
M,112,1952,0.41463414634146345,123,jo_lx_derive
M,113,1952,0.4305555555555556,72,jo_lx_derive
M,114,1952,0.46341463414634143,41,jo_lx_derive
M,115,1952,0.4545454545454546,22,jo_lx_derive
M,116,1952,0.5,12,jo_lx_derive
M,117,1952,0.5,6,jo_lx_derive
M,118,1952,0.6666666666666667,3,jo_lx_derive
M,119,1952,0.0,1,jo_lx_derive
M,120,1952,1.0,1,fermeture_hypothese
M,43,1953,0.0010999999999999899,100000,jo_lx_derive
M,44,1953,0.0011812994293722845,99890,jo_lx_derive
M,45,1953,0.001252856512849343,99772,jo_lx_derive
M,46,1953,0.0013949240820094744,99647,jo_lx_derive
M,47,1953,0.001527515375648214,99508,jo_lx_derive
M,48,1953,0.0016204356052981206,99356,jo_lx_derive
M,49,1953,0.0017037149049851097,99195,jo_lx_derive
M,50,1953,0.0017470159352089842,99026,jo_lx_derive
M,51,1953,0.0019220458660840212,98853,jo_lx_derive
M,52,1953,0.0020777799174969136,98663,jo_lx_derive
M,53,1953,0.002295394990757482,98458,jo_lx_derive
M,54,1953,0.0026162553953904544,98232,jo_lx_derive
M,55,1953,0.0029905588160245022,97975,jo_lx_derive
M,56,1953,0.0032145123973710277,97682,jo_lx_derive
M,57,1953,0.003481636677347799,97368,jo_lx_derive
M,58,1953,0.003669006173412037,97029,jo_lx_derive
M,59,1953,0.0036514849027132756,96673,jo_lx_derive
M,60,1953,0.00372715946843849,96320,jo_lx_derive
M,61,1953,0.003907837559008365,95961,jo_lx_derive
M,62,1953,0.004048710062143024,95586,jo_lx_derive
M,63,1953,0.004285759304194392,95199,jo_lx_derive
M,64,1953,0.004768385184247492,94791,jo_lx_derive
M,65,1953,0.005162234070744898,94339,jo_lx_derive
M,66,1953,0.005551293525977052,93852,jo_lx_derive
M,67,1953,0.006128724646687567,93331,jo_lx_derive
M,68,1953,0.006856477538567662,92759,jo_lx_derive
M,69,1953,0.007641956948861828,92123,jo_lx_derive
M,70,1953,0.008718100176112187,91419,jo_lx_derive
M,71,1953,0.009787910220476315,90622,jo_lx_derive
M,72,1953,0.01080960606229453,89735,jo_lx_derive
M,73,1953,0.012020503576860242,88765,jo_lx_derive
M,74,1953,0.013044767269492996,87698,jo_lx_derive
M,75,1953,0.013864177276613487,86554,jo_lx_derive
M,76,1953,0.015172106755395154,85354,jo_lx_derive
M,77,1953,0.016226697914559995,84059,jo_lx_derive
M,78,1953,0.017969647499848862,82695,jo_lx_derive
M,79,1953,0.020551909271139923,81209,jo_lx_derive
M,80,1953,0.0236233341714861,79540,jo_lx_derive
M,81,1953,0.02686032886519618,77661,jo_lx_derive
M,82,1953,0.03219318557724116,75575,jo_lx_derive
M,83,1953,0.03623089333078122,73142,jo_lx_derive
M,84,1953,0.04191965045678947,70492,jo_lx_derive
M,85,1953,0.04757392244251302,67537,jo_lx_derive
M,86,1953,0.054474224239786095,64324,jo_lx_derive
M,87,1953,0.06016113120683986,60820,jo_lx_derive
M,88,1953,0.06705620965343506,57161,jo_lx_derive
M,89,1953,0.07538253825382535,53328,jo_lx_derive
M,90,1953,0.08850490792569154,49308,jo_lx_derive
M,91,1953,0.09890085439658236,44944,jo_lx_derive
M,92,1953,0.11126200646929552,40499,jo_lx_derive
M,93,1953,0.12357958491928989,35993,jo_lx_derive
M,94,1953,0.13539388175622125,31545,jo_lx_derive
M,95,1953,0.1491163745691868,27274,jo_lx_derive
M,96,1953,0.16180462791399142,23207,jo_lx_derive
M,97,1953,0.17484063335389677,19452,jo_lx_derive
M,98,1953,0.18827487383963615,16051,jo_lx_derive
M,99,1953,0.202010898764295,13029,jo_lx_derive
M,100,1953,0.21612003462537266,10397,jo_lx_derive
M,101,1953,0.23055214723926376,8150,jo_lx_derive
M,102,1953,0.24525594004146067,6271,jo_lx_derive
M,103,1953,0.26030002112824846,4733,jo_lx_derive
M,104,1953,0.2759211653813196,3501,jo_lx_derive
M,105,1953,0.29151873767258385,2535,jo_lx_derive
M,106,1953,0.30790645879732736,1796,jo_lx_derive
M,107,1953,0.32421560740144806,1243,jo_lx_derive
M,108,1953,0.3404761904761905,840,jo_lx_derive
M,109,1953,0.3574007220216606,554,jo_lx_derive
M,110,1953,0.3764044943820225,356,jo_lx_derive
M,111,1953,0.3918918918918919,222,jo_lx_derive
M,112,1953,0.40740740740740744,135,jo_lx_derive
M,113,1953,0.4375,80,jo_lx_derive
M,114,1953,0.4444444444444444,45,jo_lx_derive
M,115,1953,0.48,25,jo_lx_derive
M,116,1953,0.46153846153846156,13,jo_lx_derive
M,117,1953,0.5714285714285714,7,jo_lx_derive
M,118,1953,0.33333333333333337,3,jo_lx_derive
M,119,1953,0.5,2,jo_lx_derive
M,120,1953,1.0,1,fermeture_hypothese
M,42,1954,0.0009700000000000264,100000,jo_lx_derive
M,43,1954,0.001071038907740518,99903,jo_lx_derive
M,44,1954,0.001152350795623036,99796,jo_lx_derive
M,45,1954,0.0012339362566587964,99681,jo_lx_derive
M,46,1954,0.0013559934912312777,99558,jo_lx_derive
M,47,1954,0.0014986471943111423,99423,jo_lx_derive
M,48,1954,0.001581481556097275,99274,jo_lx_derive
M,49,1954,0.0016646992947728645,99117,jo_lx_derive
M,50,1954,0.001697792869269965,98952,jo_lx_derive
M,51,1954,0.0018828960155490293,98784,jo_lx_derive
M,52,1954,0.002038580904277998,98598,jo_lx_derive
M,53,1954,0.0022358405235931578,98397,jo_lx_derive
M,54,1954,0.002556606944600026,98177,jo_lx_derive
M,55,1954,0.0029307844699058005,97926,jo_lx_derive
M,56,1954,0.003144235397740669,97639,jo_lx_derive
M,57,1954,0.0033904574035260593,97332,jo_lx_derive
M,58,1954,0.0035978639615678043,97002,jo_lx_derive
M,59,1954,0.0035694701664718,96653,jo_lx_derive
M,60,1954,0.003644557046143637,96308,jo_lx_derive
M,61,1954,0.0038142084475337734,95957,jo_lx_derive
M,62,1954,0.0039648084024647146,95591,jo_lx_derive
M,63,1954,0.00418014535982858,95212,jo_lx_derive
M,64,1954,0.0046617588119898246,94814,jo_lx_derive
M,65,1954,0.00503327258085029,94372,jo_lx_derive
M,66,1954,0.005431483433975481,93897,jo_lx_derive
M,67,1954,0.005985843854069639,93387,jo_lx_derive
M,68,1954,0.006711337096565684,92828,jo_lx_derive
M,69,1954,0.007472479800444631,92205,jo_lx_derive
M,70,1954,0.008534026836837239,91516,jo_lx_derive
M,71,1954,0.009566319501846055,90735,jo_lx_derive
M,72,1954,0.010582304961776812,89867,jo_lx_derive
M,73,1954,0.011763912006837907,88916,jo_lx_derive
M,74,1954,0.012768863093205907,87870,jo_lx_derive
M,75,1954,0.013579563793977956,86748,jo_lx_derive
M,76,1954,0.014853336449690335,85570,jo_lx_derive
M,77,1954,0.015872074401831582,84299,jo_lx_derive
M,78,1954,0.017598630681886718,82961,jo_lx_derive
M,79,1954,0.02012245248524558,81501,jo_lx_derive
M,80,1954,0.023152727864664824,79861,jo_lx_derive
M,81,1954,0.026342101215197644,78012,jo_lx_derive
M,82,1954,0.03159682451913581,75957,jo_lx_derive
M,83,1954,0.035591446089427214,73557,jo_lx_derive
M,84,1954,0.04119031844260557,70939,jo_lx_derive
M,85,1954,0.04678242204154848,68017,jo_lx_derive
M,86,1954,0.053613017660214424,64835,jo_lx_derive
M,87,1954,0.05922521553480342,61359,jo_lx_derive
M,88,1954,0.06607189259419666,57725,jo_lx_derive
M,89,1954,0.0742891061193448,53911,jo_lx_derive
M,90,1954,0.08730413176772334,49906,jo_lx_derive
M,91,1954,0.09760916814858722,45549,jo_lx_derive
M,92,1954,0.109821667518186,41103,jo_lx_derive
M,93,1954,0.12192188909235013,36589,jo_lx_derive
M,94,1954,0.13362176294820716,32128,jo_lx_derive
M,95,1954,0.14718879109035388,27835,jo_lx_derive
M,96,1954,0.15974387058724404,23738,jo_lx_derive
M,97,1954,0.17266619873658884,19946,jo_lx_derive
M,98,1954,0.18591685856259843,16502,jo_lx_derive
M,99,1954,0.19956825963972014,13434,jo_lx_derive
M,100,1954,0.2135218078675718,10753,jo_lx_derive
M,101,1954,0.22774033345157862,8457,jo_lx_derive
M,102,1954,0.24253559944878278,6531,jo_lx_derive
M,103,1954,0.25732767333737616,4947,jo_lx_derive
M,104,1954,0.2727272727272727,3674,jo_lx_derive
M,105,1954,0.2881736526946108,2672,jo_lx_derive
M,106,1954,0.30441640378548895,1902,jo_lx_derive
M,107,1954,0.3204837490551776,1323,jo_lx_derive
M,108,1954,0.3370411568409344,899,jo_lx_derive
M,109,1954,0.3540268456375839,596,jo_lx_derive
M,110,1954,0.37142857142857144,385,jo_lx_derive
M,111,1954,0.38842975206611574,242,jo_lx_derive
M,112,1954,0.4054054054054054,148,jo_lx_derive
M,113,1954,0.4204545454545454,88,jo_lx_derive
M,114,1954,0.4509803921568627,51,jo_lx_derive
M,115,1954,0.4642857142857143,28,jo_lx_derive
M,116,1954,0.4666666666666667,15,jo_lx_derive
M,117,1954,0.5,8,jo_lx_derive
M,118,1954,0.5,4,jo_lx_derive
M,119,1954,0.5,2,jo_lx_derive
M,120,1954,1.0,1,fermeture_hypothese
M,41,1955,0.0008700000000000374,100000,jo_lx_derive
M,42,1955,0.0009408185121054791,99913,jo_lx_derive
M,43,1955,0.0010519039461425184,99819,jo_lx_derive
M,44,1955,0.0011232123874280742,99714,jo_lx_derive
M,45,1955,0.00120479508443605,99602,jo_lx_derive
M,46,1955,0.00132687320319258,99482,jo_lx_derive
M,47,1955,0.0014594866633115267,99350,jo_lx_derive
M,48,1955,0.0015523411118391062,99205,jo_lx_derive
M,49,1955,0.0016254252859637663,99051,jo_lx_derive
M,50,1955,0.0016584083324906462,98890,jo_lx_derive
M,51,1955,0.0018434860117901852,98726,jo_lx_derive
M,52,1955,0.0019889592466308947,98544,jo_lx_derive
M,53,1955,0.002186114613413559,98348,jo_lx_derive
M,54,1955,0.00249661174120841,98133,jo_lx_derive
M,55,1955,0.0028706276560968025,97888,jo_lx_derive
M,56,1955,0.0030735500527626636,97607,jo_lx_derive
M,57,1955,0.003319391205154787,97307,jo_lx_derive
M,58,1955,0.00351604388352722,96984,jo_lx_derive
M,59,1955,0.0034870606251875547,96643,jo_lx_derive
M,60,1955,0.003551180611799931,96306,jo_lx_derive
M,61,1955,0.0037305656287774935,95964,jo_lx_derive
M,62,1955,0.0038805095914482557,95606,jo_lx_derive
M,63,1955,0.004084632750564365,95235,jo_lx_derive
M,64,1955,0.004554751913628419,94846,jo_lx_derive
M,65,1955,0.004925117037727467,94414,jo_lx_derive
M,66,1955,0.005300748278321166,93949,jo_lx_derive
M,67,1955,0.00585333490278328,93451,jo_lx_derive
M,68,1955,0.006555153707052397,92904,jo_lx_derive
M,69,1955,0.0073135056070209314,92295,jo_lx_derive
M,70,1955,0.008349705304518618,91620,jo_lx_derive
M,71,1955,0.009355566562104456,90855,jo_lx_derive
M,72,1955,0.010354980278873382,90005,jo_lx_derive
M,73,1955,0.011518642012731117,89073,jo_lx_derive
M,74,1955,0.012504684997785231,88047,jo_lx_derive
M,75,1955,0.013284107376992593,86946,jo_lx_derive
M,76,1955,0.014535324218158063,85791,jo_lx_derive
M,77,1955,0.01554220287660868,84544,jo_lx_derive
M,78,1955,0.01722936441187073,83230,jo_lx_derive
M,79,1955,0.019707565162110585,81796,jo_lx_derive
M,80,1955,0.022697795071335958,80184,jo_lx_derive
M,81,1955,0.02582818641212803,78364,jo_lx_derive
M,82,1955,0.031006025674613524,76340,jo_lx_derive
M,83,1955,0.03495870114771604,73973,jo_lx_derive
M,84,1955,0.04048356143275389,71387,jo_lx_derive
M,85,1955,0.04600201468677456,68497,jo_lx_derive
M,86,1955,0.05276528020077742,65346,jo_lx_derive
M,87,1955,0.058305599534718366,61898,jo_lx_derive
M,88,1955,0.06507231210005315,58289,jo_lx_derive
M,89,1955,0.0732163828537874,54496,jo_lx_derive
M,90,1955,0.08612838078644125,50506,jo_lx_derive
M,91,1955,0.09630383915417284,46156,jo_lx_derive
M,92,1955,0.1083886744503848,41711,jo_lx_derive
M,93,1955,0.12030115622479165,37190,jo_lx_derive
M,94,1955,0.1318926519134368,32716,jo_lx_derive
M,95,1955,0.1452765747684941,28401,jo_lx_derive
M,96,1955,0.15773429454170962,24275,jo_lx_derive
M,97,1955,0.17049789689914896,20446,jo_lx_derive
M,98,1955,0.18360849056603779,16960,jo_lx_derive
M,99,1955,0.19709663440704894,13846,jo_lx_derive
M,100,1955,0.21093820275254116,11117,jo_lx_derive
M,101,1955,0.2251481988144095,8772,jo_lx_derive
M,102,1955,0.23951743416213034,6797,jo_lx_derive
M,103,1955,0.2545946991681176,5169,jo_lx_derive
M,104,1955,0.2696600051907605,3853,jo_lx_derive
M,105,1955,0.2850035536602701,2814,jo_lx_derive
M,106,1955,0.3006958250497018,2012,jo_lx_derive
M,107,1955,0.31698649609097374,1407,jo_lx_derive
M,108,1955,0.3340270551508845,961,jo_lx_derive
M,109,1955,0.35,640,jo_lx_derive
M,110,1955,0.36778846153846156,416,jo_lx_derive
M,111,1955,0.3840304182509505,263,jo_lx_derive
M,112,1955,0.4012345679012346,162,jo_lx_derive
M,113,1955,0.4226804123711341,97,jo_lx_derive
M,114,1955,0.4464285714285714,56,jo_lx_derive
M,115,1955,0.4516129032258065,31,jo_lx_derive
M,116,1955,0.47058823529411764,17,jo_lx_derive
M,117,1955,0.4444444444444444,9,jo_lx_derive
M,118,1955,0.6,5,jo_lx_derive
M,119,1955,0.5,2,jo_lx_derive
M,120,1955,1.0,1,fermeture_hypothese
M,40,1956,0.0007800000000000029,100000,jo_lx_derive
M,41,1956,0.0008506635175437038,99922,jo_lx_derive
M,42,1956,0.0009215020483387404,99837,jo_lx_derive
M,43,1956,0.0010226076495062353,99745,jo_lx_derive
M,44,1956,0.0011039410696185303,99643,jo_lx_derive
M,45,1956,0.001175489536133778,99533,jo_lx_derive
M,46,1956,0.001297577854671328,99416,jo_lx_derive
M,47,1956,0.0014301973067974982,99287,jo_lx_derive
M,48,1956,0.0015129355993745985,99145,jo_lx_derive
M,49,1956,0.0015859386837718814,98995,jo_lx_derive
M,50,1956,0.0016289281450454496,98838,jo_lx_derive
M,51,1956,0.0017937310619495772,98677,jo_lx_derive
M,52,1956,0.0019390862944161924,98500,jo_lx_derive
M,53,1956,0.0021462938286422872,98309,jo_lx_derive
M,54,1956,0.0024363391710330307,98098,jo_lx_derive
M,55,1956,0.0027999468623223223,97859,jo_lx_derive
M,56,1956,0.003012758108315805,97585,jo_lx_derive
M,57,1956,0.003247987994778545,97291,jo_lx_derive
M,58,1956,0.003433874709976803,96975,jo_lx_derive
M,59,1956,0.0034146644316135344,96642,jo_lx_derive
M,60,1956,0.0034782789268211767,96312,jo_lx_derive
M,61,1956,0.0036362878606333027,95977,jo_lx_derive
M,62,1956,0.003785502154180831,95628,jo_lx_derive
M,63,1956,0.003999328196838348,95266,jo_lx_derive
M,64,1956,0.00444748906571113,94885,jo_lx_derive
M,65,1956,0.004806114563373987,94463,jo_lx_derive
M,66,1956,0.005190992351796098,94009,jo_lx_derive
M,67,1956,0.005720640284000433,93521,jo_lx_derive
M,68,1956,0.0064095670315961195,92986,jo_lx_derive
M,69,1956,0.007143630263015455,92390,jo_lx_derive
M,70,1956,0.008165267633271522,91730,jo_lx_derive
M,71,1956,0.009166749101460758,90981,jo_lx_derive
M,72,1956,0.010127902204177586,90147,jo_lx_derive
M,73,1956,0.01127372974426788,89234,jo_lx_derive
M,74,1956,0.012241011923652345,88228,jo_lx_derive
M,75,1956,0.013000872079680592,87148,jo_lx_derive
M,76,1956,0.014230076149508775,86015,jo_lx_derive
M,77,1956,0.015213878831479732,84791,jo_lx_derive
M,78,1956,0.01686207350810165,83501,jo_lx_derive
M,79,1956,0.019319552215170566,82093,jo_lx_derive
M,80,1956,0.0222340914454644,80507,jo_lx_derive
M,81,1956,0.02533124992060165,78717,jo_lx_derive
M,82,1956,0.030434159248204584,76723,jo_lx_derive
M,83,1956,0.0343200516212292,74388,jo_lx_derive
M,84,1956,0.03978561982320594,71835,jo_lx_derive
M,85,1956,0.045232468793945824,68977,jo_lx_derive
M,86,1956,0.05193069833123287,65857,jo_lx_derive
M,87,1956,0.057401861075964566,62437,jo_lx_derive
M,88,1956,0.06409188996312842,58853,jo_lx_derive
M,89,1956,0.07218460086055078,55081,jo_lx_derive
M,90,1956,0.08492319733881226,51105,jo_lx_derive
M,91,1956,0.09504971666844864,46765,jo_lx_derive
M,92,1956,0.10697069943289228,42320,jo_lx_derive
M,93,1956,0.11869923001614058,37793,jo_lx_derive
M,94,1956,0.13015282072837542,33307,jo_lx_derive
M,95,1956,0.14337981499378716,28972,jo_lx_derive
M,96,1956,0.15569344830365062,24818,jo_lx_derive
M,97,1956,0.16836880786484676,20954,jo_lx_derive
M,98,1956,0.18133823023068973,17426,jo_lx_derive
M,99,1956,0.1947287256413851,14266,jo_lx_derive
M,100,1956,0.20839136490250698,11488,jo_lx_derive
M,101,1956,0.22245436551572462,9094,jo_lx_derive
M,102,1956,0.2368830434167727,7071,jo_lx_derive
M,103,1956,0.2514825796886583,5396,jo_lx_derive
M,104,1956,0.26665016093092353,4039,jo_lx_derive
M,105,1956,0.28190411883862254,2962,jo_lx_derive
M,106,1956,0.29760225669957685,2127,jo_lx_derive
M,107,1956,0.3139223560910308,1494,jo_lx_derive
M,108,1956,0.32975609756097557,1025,jo_lx_derive
M,109,1956,0.346433770014556,687,jo_lx_derive
M,110,1956,0.36302895322939865,449,jo_lx_derive
M,111,1956,0.38111888111888115,286,jo_lx_derive
M,112,1956,0.4011299435028248,177,jo_lx_derive
M,113,1956,0.41509433962264153,106,jo_lx_derive
M,114,1956,0.4354838709677419,62,jo_lx_derive
M,115,1956,0.4571428571428572,35,jo_lx_derive
M,116,1956,0.4736842105263158,19,jo_lx_derive
M,117,1956,0.5,10,jo_lx_derive
M,118,1956,0.4,5,jo_lx_derive
M,119,1956,0.6666666666666667,3,jo_lx_derive
M,120,1956,1.0,1,fermeture_hypothese
M,39,1957,0.0007099999999999884,100000,jo_lx_derive
M,40,1957,0.0007705470884328269,99929,jo_lx_derive
M,41,1957,0.0008212153987902093,99852,jo_lx_derive
M,42,1957,0.0009020747719755695,99770,jo_lx_derive
M,43,1957,0.0010032102728732006,99680,jo_lx_derive
M,44,1957,0.0010745129544085241,99580,jo_lx_derive
M,45,1957,0.00115609260804439,99473,jo_lx_derive
M,46,1957,0.0012681414682259584,99358,jo_lx_derive
M,47,1957,0.001390680425669144,99232,jo_lx_derive
M,48,1957,0.0014834399660927922,99094,jo_lx_derive
M,49,1957,0.001546282353178996,98947,jo_lx_derive
M,50,1957,0.0015891653339271672,98794,jo_lx_derive
M,51,1957,0.0017539057351704246,98637,jo_lx_derive
M,52,1957,0.0018991712707182584,98464,jo_lx_derive
M,53,1957,0.0020961160800594403,98277,jo_lx_derive
M,54,1957,0.0023860264502247874,98071,jo_lx_derive
M,55,1957,0.002739249977002589,97837,jo_lx_derive
M,56,1957,0.0029415080609619393,97569,jo_lx_derive
M,57,1957,0.003176332723422659,97282,jo_lx_derive
M,58,1957,0.0033617604900333387,96973,jo_lx_derive
M,59,1957,0.003331712313884516,96647,jo_lx_derive
M,60,1957,0.003394757331949161,96325,jo_lx_derive
M,61,1957,0.0035625742202962662,95998,jo_lx_derive
M,62,1957,0.003700761060466684,95656,jo_lx_derive
M,63,1957,0.003903380831462133,95302,jo_lx_derive
M,64,1957,0.0043505741072369375,94930,jo_lx_derive
M,65,1957,0.004697567633335842,94517,jo_lx_derive
M,66,1957,0.005070530332826673,94073,jo_lx_derive
M,67,1957,0.005587845634428823,93596,jo_lx_derive
M,68,1957,0.006263900379272158,93073,jo_lx_derive
M,69,1957,0.006995350848740367,92490,jo_lx_derive
M,70,1957,0.00798101107324456,91843,jo_lx_derive
M,71,1957,0.008967182526616213,91110,jo_lx_derive
M,72,1957,0.009923249864330574,90293,jo_lx_derive
M,73,1957,0.011029452889917968,89397,jo_lx_derive
M,74,1957,0.011978147515580684,88411,jo_lx_derive
M,75,1957,0.012730103489330569,87352,jo_lx_derive
M,76,1957,0.013926252319109489,86240,jo_lx_derive
M,77,1957,0.014887287009489714,85039,jo_lx_derive
M,78,1957,0.016520836068900535,83773,jo_lx_derive
M,79,1957,0.01891029142239864,82389,jo_lx_derive
M,80,1957,0.021786195890190596,80831,jo_lx_derive
M,81,1957,0.024838750474263316,79070,jo_lx_derive
M,82,1957,0.029867973957928062,77106,jo_lx_derive
M,83,1957,0.03370185687739802,74803,jo_lx_derive
M,84,1957,0.03911070529315741,72282,jo_lx_derive
M,85,1957,0.04448923763587931,69455,jo_lx_derive
M,86,1957,0.051096210351842086,66365,jo_lx_derive
M,87,1957,0.05649950773335022,62974,jo_lx_derive
M,88,1957,0.06314797360980207,59416,jo_lx_derive
M,89,1957,0.07112316757688986,55664,jo_lx_derive
M,90,1957,0.08378299970989267,51705,jo_lx_derive
M,91,1957,0.09376649146138094,47373,jo_lx_derive
M,92,1957,0.10556474342549671,42931,jo_lx_derive
M,93,1957,0.11711242480272921,38399,jo_lx_derive
M,94,1957,0.12842900123886491,33902,jo_lx_derive
M,95,1957,0.1415324218221199,29548,jo_lx_derive
M,96,1957,0.153709690136403,25366,jo_lx_derive
M,97,1957,0.16625518237294457,21467,jo_lx_derive
M,98,1957,0.1790702871829255,17898,jo_lx_derive
M,99,1957,0.1923364867624039,14693,jo_lx_derive
M,100,1957,0.20594927108789074,11867,jo_lx_derive
M,101,1957,0.21978138597049768,9423,jo_lx_derive
M,102,1957,0.23408596300326445,7352,jo_lx_derive
M,103,1957,0.24862369028591724,5631,jo_lx_derive
M,104,1957,0.2635310801229024,4231,jo_lx_derive
M,105,1957,0.2788831835686778,3116,jo_lx_derive
M,106,1957,0.29417000445037833,2247,jo_lx_derive
M,107,1957,0.31021437578814626,1586,jo_lx_derive
M,108,1957,0.32632541133455206,1094,jo_lx_derive
M,109,1957,0.34328358208955223,737,jo_lx_derive
M,110,1957,0.359504132231405,484,jo_lx_derive
M,111,1957,0.3774193548387097,310,jo_lx_derive
M,112,1957,0.3937823834196891,193,jo_lx_derive
M,113,1957,0.41025641025641024,117,jo_lx_derive
M,114,1957,0.4347826086956522,69,jo_lx_derive
M,115,1957,0.4358974358974359,39,jo_lx_derive
M,116,1957,0.5,22,jo_lx_derive
M,117,1957,0.4545454545454546,11,jo_lx_derive
M,118,1957,0.5,6,jo_lx_derive
M,119,1957,0.6666666666666667,3,jo_lx_derive
M,120,1957,1.0,1,fermeture_hypothese
M,38,1958,0.0006599999999999939,100000,jo_lx_derive
M,39,1958,0.0006904557007625378,99934,jo_lx_derive
M,40,1958,0.000751013868722783,99865,jo_lx_derive
M,41,1958,0.0008117045796172118,99790,jo_lx_derive
M,42,1958,0.0008825682736763873,99709,jo_lx_derive
M,43,1958,0.0009736902861846586,99621,jo_lx_derive
M,44,1958,0.0010550219042643194,99524,jo_lx_derive
M,45,1958,0.0011164867882397234,99419,jo_lx_derive
M,46,1958,0.0012385709107020082,99308,jo_lx_derive
M,47,1958,0.001371175076876563,99185,jo_lx_derive
M,48,1958,0.0014437298710738844,99049,jo_lx_derive
M,49,1958,0.0015165915111318151,98906,jo_lx_derive
M,50,1958,0.0015492729555672824,98756,jo_lx_derive
M,51,1958,0.0017139437948135994,98603,jo_lx_derive
M,52,1958,0.001859113720868777,98434,jo_lx_derive
M,53,1958,0.0020457807045221044,98251,jo_lx_derive
M,54,1958,0.0023355430902600727,98050,jo_lx_derive
M,55,1958,0.0026681387432146986,97821,jo_lx_derive
M,56,1958,0.002880278802788072,97560,jo_lx_derive
M,57,1958,0.0031044727022275787,97279,jo_lx_derive
M,58,1958,0.003289439764067814,96977,jo_lx_derive
M,59,1958,0.0032589128680502455,96658,jo_lx_derive
M,60,1958,0.0033214660120610695,96343,jo_lx_derive
M,61,1958,0.0034783333159763563,96023,jo_lx_derive
M,62,1958,0.0036158806132365884,95689,jo_lx_derive
M,63,1958,0.003817794699138899,95343,jo_lx_derive
M,64,1958,0.004243043199022911,94979,jo_lx_derive
M,65,1958,0.004599475554051713,94576,jo_lx_derive
M,66,1958,0.004950021775846913,94141,jo_lx_derive
M,67,1958,0.0054657058980517315,93675,jo_lx_derive
M,68,1958,0.006118308770649339,93163,jo_lx_derive
M,69,1958,0.006836369919972385,92593,jo_lx_derive
M,70,1958,0.007818616789908694,91960,jo_lx_derive
M,71,1958,0.008767988075536248,91241,jo_lx_derive
M,72,1958,0.009707986422087367,90441,jo_lx_derive
M,73,1958,0.010796869242879259,89563,jo_lx_derive
M,74,1958,0.011727391755835481,88596,jo_lx_derive
M,75,1958,0.01246045433260623,87557,jo_lx_derive
M,76,1958,0.013635417389494142,86466,jo_lx_derive
M,77,1958,0.01457431965012257,85287,jo_lx_derive
M,78,1958,0.016158202846128233,84044,jo_lx_derive
M,79,1958,0.0185279249207847,82686,jo_lx_derive
M,80,1958,0.021354461887276077,81154,jo_lx_derive
M,81,1958,0.024351242114805882,79421,jo_lx_derive
M,82,1958,0.029321047401499656,77487,jo_lx_derive
M,83,1958,0.03309180349664298,75215,jo_lx_derive
M,84,1958,0.038431922558644804,72726,jo_lx_derive
M,85,1958,0.043743118216527765,69931,jo_lx_derive
M,86,1958,0.050290106472066,66872,jo_lx_derive
M,87,1958,0.05562991072131507,63509,jo_lx_derive
M,88,1958,0.062191543283980244,59976,jo_lx_derive
M,89,1958,0.07010276286313688,56246,jo_lx_derive
M,90,1958,0.08261476397147394,52303,jo_lx_derive
M,91,1958,0.0925347005126923,47982,jo_lx_derive
M,92,1958,0.10417527904092605,43542,jo_lx_derive
M,93,1958,0.11554632620622474,39006,jo_lx_derive
M,94,1958,0.12672831096553527,34499,jo_lx_derive
M,95,1958,0.13970856706608692,30127,jo_lx_derive
M,96,1958,0.15170923682382897,25918,jo_lx_derive
M,97,1958,0.16414991358137,21986,jo_lx_derive
M,98,1958,0.1768514991565544,18377,jo_lx_derive
M,99,1958,0.18999140609506182,15127,jo_lx_derive
M,100,1958,0.20346037705051823,12253,jo_lx_derive
M,101,1958,0.21721311475409832,9760,jo_lx_derive
M,102,1958,0.231282722513089,7640,jo_lx_derive
M,103,1958,0.24587093478631028,5873,jo_lx_derive
M,104,1958,0.26055543011966587,4429,jo_lx_derive
M,105,1958,0.2757251908396947,3275,jo_lx_derive
M,106,1958,0.2913153456998314,2372,jo_lx_derive
M,107,1958,0.30696014277215944,1681,jo_lx_derive
M,108,1958,0.32274678111587984,1165,jo_lx_derive
M,109,1958,0.33967046894803554,789,jo_lx_derive
M,110,1958,0.3550863723608445,521,jo_lx_derive
M,111,1958,0.375,336,jo_lx_derive
M,112,1958,0.3904761904761904,210,jo_lx_derive
M,113,1958,0.40625,128,jo_lx_derive
M,114,1958,0.42105263157894735,76,jo_lx_derive
M,115,1958,0.4545454545454546,44,jo_lx_derive
M,116,1958,0.45833333333333337,24,jo_lx_derive
M,117,1958,0.46153846153846156,13,jo_lx_derive
M,118,1958,0.5714285714285714,7,jo_lx_derive
M,119,1958,0.33333333333333337,3,jo_lx_derive
M,120,1958,1.0,2,fermeture_hypothese
M,37,1959,0.0006099999999999994,100000,jo_lx_derive
M,38,1959,0.0006403906382893565,99939,jo_lx_derive
M,39,1959,0.0006808510638297571,99875,jo_lx_derive
M,40,1959,0.0007314116244351299,99807,jo_lx_derive
M,41,1959,0.0007921070046322809,99734,jo_lx_derive
M,42,1959,0.0008629772715870176,99655,jo_lx_derive
M,43,1959,0.0009541122236841337,99569,jo_lx_derive
M,44,1959,0.0010253935701791672,99474,jo_lx_derive
M,45,1959,0.0010968884595258244,99372,jo_lx_derive
M,46,1959,0.0012089096642253772,99263,jo_lx_derive
M,47,1959,0.0013414966260855143,99143,jo_lx_derive
M,48,1959,0.0014139985860014415,99010,jo_lx_derive
M,49,1959,0.0014766865581066213,98870,jo_lx_derive
M,50,1959,0.0015193873830071647,98724,jo_lx_derive
M,51,1959,0.0016738693773206137,98574,jo_lx_derive
M,52,1959,0.0018087776524504662,98409,jo_lx_derive
M,53,1959,0.0019952968003990046,98231,jo_lx_derive
M,54,1959,0.002284898250624723,98035,jo_lx_derive
M,55,1959,0.0026172925335595787,97811,jo_lx_derive
M,56,1959,0.002808672031161863,97555,jo_lx_derive
M,57,1959,0.0030427318798120773,97281,jo_lx_derive
M,58,1959,0.0032169923183997806,96985,jo_lx_derive
M,59,1959,0.003185998158741321,96673,jo_lx_derive
M,60,1959,0.0032376900326882563,96365,jo_lx_derive
M,61,1959,0.003404370503784393,96053,jo_lx_derive
M,62,1959,0.0035309111422183737,95726,jo_lx_derive
M,63,1959,0.0037321256342517373,95388,jo_lx_derive
M,64,1959,0.004145971883155131,95032,jo_lx_derive
M,65,1959,0.004490796508801909,94638,jo_lx_derive
M,66,1959,0.004840096377357717,94213,jo_lx_derive
M,67,1959,0.005343601011124521,93757,jo_lx_derive
M,68,1959,0.005983529209916738,93256,jo_lx_derive
M,69,1959,0.006688385941444275,92698,jo_lx_derive
M,70,1959,0.007645691696170687,92078,jo_lx_derive
M,71,1959,0.00858012125987695,91374,jo_lx_derive
M,72,1959,0.009493321558670886,90590,jo_lx_derive
M,73,1959,0.010576172963334463,89730,jo_lx_derive
M,74,1959,0.011477681035356624,88781,jo_lx_derive
M,75,1959,0.012192064902805333,87762,jo_lx_derive
M,76,1959,0.013346098832648923,86692,jo_lx_derive
M,77,1959,0.014263167124568876,85535,jo_lx_derive
M,78,1959,0.01583348158690623,84315,jo_lx_derive
M,79,1959,0.018136900457941696,82980,jo_lx_derive
M,80,1959,0.020938938324639444,81475,jo_lx_derive
M,81,1959,0.023868921510862617,79769,jo_lx_derive
M,82,1959,0.02878058177615106,77865,jo_lx_derive
M,83,1959,0.032489685814027336,75624,jo_lx_derive
M,84,1959,0.03776292590922137,73167,jo_lx_derive
M,85,1959,0.04302312368615424,70404,jo_lx_derive
M,86,1959,0.04948423005565861,67375,jo_lx_derive
M,87,1959,0.05476179322621444,64041,jo_lx_derive
M,88,1959,0.0612548319952424,60534,jo_lx_derive
M,89,1959,0.06908809347833733,56826,jo_lx_derive
M,90,1959,0.08147448015122871,52900,jo_lx_derive
M,91,1959,0.09129450504218972,48590,jo_lx_derive
M,92,1959,0.10279929338225302,44154,jo_lx_derive
M,93,1959,0.1139972232740124,39615,jo_lx_derive
M,94,1959,0.12504629761531671,35099,jo_lx_derive
M,95,1959,0.13787040052100297,30710,jo_lx_derive
M,96,1959,0.14979604169814176,26476,jo_lx_derive
M,97,1959,0.16206130608618396,22510,jo_lx_derive
M,98,1959,0.17468985261372072,18862,jo_lx_derive
M,99,1959,0.18764052161623945,15567,jo_lx_derive
M,100,1959,0.2010121777637197,12646,jo_lx_derive
M,101,1959,0.21466745843230406,10104,jo_lx_derive
M,102,1959,0.22860743541272843,7935,jo_lx_derive
M,103,1959,0.24293416108479005,6121,jo_lx_derive
M,104,1959,0.25766076823478634,4634,jo_lx_derive
M,105,1959,0.27267441860465114,3440,jo_lx_derive
M,106,1959,0.28816946442845726,2502,jo_lx_derive
M,107,1959,0.30320044918585065,1781,jo_lx_derive
M,108,1959,0.3199033037872683,1241,jo_lx_derive
M,109,1959,0.3353080568720379,844,jo_lx_derive
M,110,1959,0.3529411764705882,561,jo_lx_derive
M,111,1959,0.36914600550964183,363,jo_lx_derive
M,112,1959,0.388646288209607,229,jo_lx_derive
M,113,1959,0.4,140,jo_lx_derive
M,114,1959,0.4285714285714286,84,jo_lx_derive
M,115,1959,0.4375,48,jo_lx_derive
M,116,1959,0.4444444444444444,27,jo_lx_derive
M,117,1959,0.4666666666666667,15,jo_lx_derive
M,118,1959,0.5,8,jo_lx_derive
M,119,1959,0.5,4,jo_lx_derive
M,120,1959,1.0,2,fermeture_hypothese
M,36,1960,0.0005699999999999594,100000,jo_lx_derive
M,37,1960,0.0005903364918002918,99943,jo_lx_derive
M,38,1960,0.0006307316487125236,99884,jo_lx_derive
M,39,1960,0.0006611835184980874,99821,jo_lx_derive
M,40,1960,0.0007217683324144408,99755,jo_lx_derive
M,41,1960,0.0007724486622593396,99683,jo_lx_derive
M,42,1960,0.000833283135554086,99606,jo_lx_derive
M,43,1960,0.0009445052902343765,99523,jo_lx_derive
M,44,1960,0.0009956853634252028,99429,jo_lx_derive
M,45,1960,0.0010772173562870746,99330,jo_lx_derive
M,46,1960,0.0011791620894349153,99223,jo_lx_derive
M,47,1960,0.0013117268379311264,99106,jo_lx_derive
M,48,1960,0.0013740704817329918,98976,jo_lx_derive
M,49,1960,0.0014467826790772742,98840,jo_lx_derive
M,50,1960,0.0014792749526327809,98697,jo_lx_derive
M,51,1960,0.0016438189363883193,98551,jo_lx_derive
M,52,1960,0.0017684903800221363,98389,jo_lx_derive
M,53,1960,0.0019447131293590658,98215,jo_lx_derive
M,54,1960,0.0022341467395740056,98024,jo_lx_derive
M,55,1960,0.0025663309646746235,97805,jo_lx_derive
M,56,1960,0.0027471964245443514,97554,jo_lx_derive
M,57,1960,0.0029706227000801944,97286,jo_lx_derive
M,58,1960,0.003144427147231399,96997,jo_lx_derive
M,59,1960,0.0031129772887105167,96692,jo_lx_derive
M,60,1960,0.0031745702399601505,96391,jo_lx_derive
M,61,1960,0.0033199771036062087,96085,jo_lx_derive
M,62,1960,0.00344589937973816,95766,jo_lx_derive
M,63,1960,0.00364642273355964,95436,jo_lx_derive
M,64,1960,0.004059397610634341,95088,jo_lx_derive
M,65,1960,0.004382167219277311,94702,jo_lx_derive
M,66,1960,0.0047302385270503455,94287,jo_lx_derive
M,67,1960,0.005221598235312874,93841,jo_lx_derive
M,68,1960,0.00584889288813184,93351,jo_lx_derive
M,69,1960,0.006540595873067212,92805,jo_lx_derive
M,70,1960,0.007483893359942706,92198,jo_lx_derive
M,71,1960,0.008392708834200291,91508,jo_lx_derive
M,72,1960,0.009301300418778968,90740,jo_lx_derive
M,73,1960,0.010345287888226418,89896,jo_lx_derive
M,74,1960,0.011229008834835796,88966,jo_lx_derive
M,75,1960,0.011947662191503672,87967,jo_lx_derive
M,76,1960,0.013058585300750103,86916,jo_lx_derive
M,77,1960,0.013965796621629445,85781,jo_lx_derive
M,78,1960,0.015487745764515282,84583,jo_lx_derive
M,79,1960,0.017772867556110628,83273,jo_lx_derive
M,80,1960,0.020502977027374025,81793,jo_lx_derive
M,81,1960,0.023416046732238294,80116,jo_lx_derive
M,82,1960,0.028246421267893673,78240,jo_lx_derive
M,83,1960,0.0319084571879521,76030,jo_lx_derive
M,84,1960,0.03710396174120967,73604,jo_lx_derive
M,85,1960,0.042301017312657896,70873,jo_lx_derive
M,86,1960,0.04869244935543282,67875,jo_lx_derive
M,87,1960,0.05391048474523774,64570,jo_lx_derive
M,88,1960,0.06033819509240612,61089,jo_lx_derive
M,89,1960,0.06808006550180301,57403,jo_lx_derive
M,90,1960,0.08036265071502013,53495,jo_lx_derive
M,91,1960,0.0900682982356289,49196,jo_lx_derive
M,92,1960,0.10141851893220155,44765,jo_lx_derive
M,93,1960,0.11246737103791171,40225,jo_lx_derive
M,94,1960,0.12341390997451052,35701,jo_lx_derive
M,95,1960,0.13606007349416838,31295,jo_lx_derive
M,96,1960,0.14787143544032255,27037,jo_lx_derive
M,97,1960,0.15998958288120146,23039,jo_lx_derive
M,98,1960,0.17253139048209576,19353,jo_lx_derive
M,99,1960,0.18533782939927568,16014,jo_lx_derive
M,100,1960,0.1986049363789667,13046,jo_lx_derive
M,101,1960,0.21205164992826397,10455,jo_lx_derive
M,102,1960,0.22602573440155382,8238,jo_lx_derive
M,103,1960,0.24011919698870765,6376,jo_lx_derive
M,104,1960,0.2549019607843137,4845,jo_lx_derive
M,105,1960,0.2695290858725762,3610,jo_lx_derive
M,106,1960,0.2847933257489571,2637,jo_lx_derive
M,107,1960,0.3006362672322376,1886,jo_lx_derive
M,108,1960,0.3161485974222896,1319,jo_lx_derive
M,109,1960,0.33259423503325947,902,jo_lx_derive
M,110,1960,0.34883720930232553,602,jo_lx_derive
M,111,1960,0.3647959183673469,392,jo_lx_derive
M,112,1960,0.3855421686746988,249,jo_lx_derive
M,113,1960,0.39869281045751637,153,jo_lx_derive
M,114,1960,0.4130434782608695,92,jo_lx_derive
M,115,1960,0.4444444444444444,54,jo_lx_derive
M,116,1960,0.4666666666666667,30,jo_lx_derive
M,117,1960,0.4375,16,jo_lx_derive
M,118,1960,0.5555555555555556,9,jo_lx_derive
M,119,1960,0.5,4,jo_lx_derive
M,120,1960,1.0,2,fermeture_hypothese
M,35,1961,0.0005300000000000304,100000,jo_lx_derive
M,36,1961,0.0005602969573874628,99947,jo_lx_derive
M,37,1961,0.0005806328898498858,99891,jo_lx_derive
M,38,1961,0.0006110204040747913,99833,jo_lx_derive
M,39,1961,0.0006514853866815828,99772,jo_lx_derive
M,40,1961,0.0007020570270893645,99707,jo_lx_derive
M,41,1961,0.0007527324186797912,99637,jo_lx_derive
M,42,1961,0.0008236074004137617,99562,jo_lx_derive
M,43,1961,0.0009147567350220598,99480,jo_lx_derive
M,44,1961,0.0009759631347533437,99389,jo_lx_derive
M,45,1961,0.001047415703178456,99292,jo_lx_derive
M,46,1961,0.00115941444529577,99188,jo_lx_derive
M,47,1961,0.0012717894885589942,99073,jo_lx_derive
M,48,1961,0.0013542603616076843,98947,jo_lx_derive
M,49,1961,0.0014168176252112863,98813,jo_lx_derive
M,50,1961,0.001439096814731533,98673,jo_lx_derive
M,51,1961,0.001603556241183024,98531,jo_lx_derive
M,52,1961,0.0017281164547182648,98373,jo_lx_derive
M,53,1961,0.001904218812052605,98203,jo_lx_derive
M,54,1961,0.0021833170094678334,98016,jo_lx_derive
M,55,1961,0.00250506124619132,97802,jo_lx_derive
M,56,1961,0.0026856094385846463,97557,jo_lx_derive
M,57,1961,0.0029086797882728055,97295,jo_lx_derive
M,58,1961,0.003071784933822652,97012,jo_lx_derive
M,59,1961,0.003039890812085111,96714,jo_lx_derive
M,60,1961,0.0031113876789048422,96420,jo_lx_derive
M,61,1961,0.003245942571785232,96120,jo_lx_derive
M,62,1961,0.0033713259853039856,95808,jo_lx_derive
M,63,1961,0.0035502958579881616,95485,jo_lx_derive
M,64,1961,0.00396233157463266,95146,jo_lx_derive
M,65,1961,0.00429465331490253,94769,jo_lx_derive
M,66,1961,0.004620504016447313,94362,jo_lx_derive
M,67,1961,0.0050997593850478085,93926,jo_lx_derive
M,68,1961,0.005725170417455905,93447,jo_lx_derive
M,69,1961,0.0063931462028585795,92912,jo_lx_derive
M,70,1961,0.007311683528672619,92318,jo_lx_derive
M,71,1961,0.00821666684853184,91643,jo_lx_derive
M,72,1961,0.009098910771262014,90890,jo_lx_derive
M,73,1961,0.010126244961859987,90063,jo_lx_derive
M,74,1961,0.011003802537268181,89151,jo_lx_derive
M,75,1961,0.011681977997051174,88170,jo_lx_derive
M,76,1961,0.01278402570576087,87140,jo_lx_derive
M,77,1961,0.013670285727570786,86026,jo_lx_derive
M,78,1961,0.01516794342958161,84850,jo_lx_derive
M,79,1961,0.017400045474671777,83563,jo_lx_derive
M,80,1961,0.02010741818801831,82109,jo_lx_derive
M,81,1961,0.022943647617390428,80458,jo_lx_derive
M,82,1961,0.027718414491426202,78612,jo_lx_derive
M,83,1961,0.03133463294650218,76433,jo_lx_derive
M,84,1961,0.03648126637672544,74038,jo_lx_derive
M,85,1961,0.04159132007233268,71337,jo_lx_derive
M,86,1961,0.04791575252303637,68370,jo_lx_derive
M,87,1961,0.05306172611915072,65094,jo_lx_derive
M,88,1961,0.05942569759896177,61640,jo_lx_derive
M,89,1961,0.06709557238215158,57977,jo_lx_derive
M,90,1961,0.07924270157339097,54087,jo_lx_derive
M,91,1961,0.08885363747715913,49801,jo_lx_derive
M,92,1961,0.10007492947813823,45376,jo_lx_derive
M,93,1961,0.11093424758173132,40835,jo_lx_derive
M,94,1961,0.12177386034981408,36305,jo_lx_derive
M,95,1961,0.13429933508970016,31884,jo_lx_derive
M,96,1961,0.1459676835011956,27602,jo_lx_derive
M,97,1961,0.15797734696474786,23573,jo_lx_derive
M,98,1961,0.17038641745176075,19849,jo_lx_derive
M,99,1961,0.18309345964656587,16467,jo_lx_derive
M,100,1961,0.1961790068391317,13452,jo_lx_derive
M,101,1961,0.20956256358087488,10813,jo_lx_derive
M,102,1961,0.22335322335322338,8547,jo_lx_derive
M,103,1961,0.23742090991262432,6638,jo_lx_derive
M,104,1961,0.25187672856578425,5062,jo_lx_derive
M,105,1961,0.26670187483496166,3787,jo_lx_derive
M,106,1961,0.28159884767734966,2777,jo_lx_derive
M,107,1961,0.29724310776942353,1995,jo_lx_derive
M,108,1961,0.3131241084165478,1402,jo_lx_derive
M,109,1961,0.32917964693665624,963,jo_lx_derive
M,110,1961,0.34520123839009287,646,jo_lx_derive
M,111,1961,0.36170212765957444,423,jo_lx_derive
M,112,1961,0.37777777777777777,270,jo_lx_derive
M,113,1961,0.39880952380952384,168,jo_lx_derive
M,114,1961,0.4158415841584159,101,jo_lx_derive
M,115,1961,0.423728813559322,59,jo_lx_derive
M,116,1961,0.47058823529411764,34,jo_lx_derive
M,117,1961,0.4444444444444444,18,jo_lx_derive
M,118,1961,0.5,10,jo_lx_derive
M,119,1961,0.6,5,jo_lx_derive
M,120,1961,1.0,2,fermeture_hypothese
M,34,1962,0.0004999999999999449,100000,jo_lx_derive
M,35,1962,0.0005302651325662655,99950,jo_lx_derive
M,36,1962,0.0005405567734766414,99897,jo_lx_derive
M,37,1962,0.0005708963072023066,99843,jo_lx_derive
M,38,1962,0.0005912653077585484,99786,jo_lx_derive
M,39,1962,0.0006417519829133855,99727,jo_lx_derive
M,40,1962,0.0006822993488054818,99663,jo_lx_derive
M,41,1962,0.000732968522516142,99595,jo_lx_derive
M,42,1962,0.0008038423665118755,99522,jo_lx_derive
M,43,1962,0.0008949940668933065,99442,jo_lx_derive
M,44,1962,0.0009561865268286063,99353,jo_lx_derive
M,45,1962,0.0010276249773317758,99258,jo_lx_derive
M,46,1962,0.0011295332607205166,99156,jo_lx_derive
M,47,1962,0.0012418722991801578,99044,jo_lx_derive
M,48,1962,0.0013242890791641537,98921,jo_lx_derive
M,49,1962,0.001376657556432792,98790,jo_lx_derive
M,50,1962,0.0014191011008169996,98654,jo_lx_derive
M,51,1962,0.0015632295917331618,98514,jo_lx_derive
M,52,1962,0.0016876779178527368,98360,jo_lx_derive
M,53,1962,0.0018636576572906849,98194,jo_lx_derive
M,54,1962,0.0021324137086653483,98011,jo_lx_derive
M,55,1962,0.002443712807509102,97802,jo_lx_derive
M,56,1962,0.002634195340446732,97563,jo_lx_derive
M,57,1962,0.002836412965284807,97306,jo_lx_derive
M,58,1962,0.003009378542718766,97030,jo_lx_derive
M,59,1962,0.0029771134404267263,96738,jo_lx_derive
M,60,1962,0.003027475375842359,96450,jo_lx_derive
M,61,1962,0.003182262526258861,96158,jo_lx_derive
M,62,1962,0.0032863164044568682,95852,jo_lx_derive
M,63,1962,0.003475093419303521,95537,jo_lx_derive
M,64,1962,0.003875846856782772,95205,jo_lx_derive
M,65,1962,0.00418617402674093,94836,jo_lx_derive
M,66,1962,0.004521437118139793,94439,jo_lx_derive
M,67,1962,0.0049887248436369935,94012,jo_lx_derive
M,68,1962,0.005591011620324382,93543,jo_lx_derive
M,69,1962,0.0062567189851644445,93020,jo_lx_derive
M,70,1962,0.007150738873623386,92438,jo_lx_derive
M,71,1962,0.008041230373623032,91777,jo_lx_derive
M,72,1962,0.008897285778622366,91039,jo_lx_derive
M,73,1962,0.009919205576920942,90229,jo_lx_derive
M,74,1962,0.010768576353907822,89334,jo_lx_derive
M,75,1962,0.011428959398904648,88372,jo_lx_derive
M,76,1962,0.012522607083171211,87362,jo_lx_derive
M,77,1962,0.013376918440209606,86268,jo_lx_derive
M,78,1962,0.014838921916488501,85114,jo_lx_derive
M,79,1962,0.017054060178173236,83851,jo_lx_derive
M,80,1962,0.01969158345567268,82421,jo_lx_derive
M,81,1962,0.022500556944478833,80798,jo_lx_derive
M,82,1962,0.027209420106356075,78980,jo_lx_derive
M,83,1962,0.030768830289856997,76831,jo_lx_derive
M,84,1962,0.03584137940295706,74467,jo_lx_derive
M,85,1962,0.0409064319340372,71798,jo_lx_derive
M,86,1962,0.0471384383032486,68861,jo_lx_derive
M,87,1962,0.05224415148975081,65615,jo_lx_derive
M,88,1962,0.058517053403444486,62187,jo_lx_derive
M,89,1962,0.06613377058140324,58548,jo_lx_derive
M,90,1962,0.07813300168263959,54676,jo_lx_derive
M,91,1962,0.08767161336401874,50404,jo_lx_derive
M,92,1962,0.09872784603675111,45985,jo_lx_derive
M,93,1962,0.1094462540716612,41445,jo_lx_derive
M,94,1962,0.12013330082093798,36909,jo_lx_derive
M,95,1962,0.13256351039260972,32475,jo_lx_derive
M,96,1962,0.14405395811146615,28170,jo_lx_derive
M,97,1962,0.15602189781021902,24112,jo_lx_derive
M,98,1962,0.16820638820638822,20350,jo_lx_derive
M,99,1962,0.18089442901872743,16927,jo_lx_derive
M,100,1962,0.1937973314100252,13865,jo_lx_derive
M,101,1962,0.20710323850420465,11178,jo_lx_derive
M,102,1962,0.22080559629922147,8863,jo_lx_derive
M,103,1962,0.23472342890240372,6906,jo_lx_derive
M,104,1962,0.24900662251655625,5285,jo_lx_derive
M,105,1962,0.2637944066515495,3969,jo_lx_derive
M,106,1962,0.27857631759069135,2922,jo_lx_derive
M,107,1962,0.2941176470588235,2108,jo_lx_derive
M,108,1962,0.30981182795698925,1488,jo_lx_derive
M,109,1962,0.3252190847127556,1027,jo_lx_derive
M,110,1962,0.34199134199134196,693,jo_lx_derive
M,111,1962,0.35745614035087714,456,jo_lx_derive
M,112,1962,0.3754266211604096,293,jo_lx_derive
M,113,1962,0.39344262295081966,183,jo_lx_derive
M,114,1962,0.4144144144144144,111,jo_lx_derive
M,115,1962,0.4307692307692308,65,jo_lx_derive
M,116,1962,0.43243243243243246,37,jo_lx_derive
M,117,1962,0.47619047619047616,21,jo_lx_derive
M,118,1962,0.4545454545454546,11,jo_lx_derive
M,119,1962,0.5,6,jo_lx_derive
M,120,1962,1.0,3,fermeture_hypothese
M,33,1963,0.00048000000000003595,100000,jo_lx_derive
M,34,1963,0.0004902353129502268,99952,jo_lx_derive
M,35,1963,0.0005104951803248658,99903,jo_lx_derive
M,36,1963,0.0005307855626327518,99852,jo_lx_derive
M,37,1963,0.0005611278670126785,99799,jo_lx_derive
M,38,1963,0.0005814944407126488,99743,jo_lx_derive
M,39,1963,0.000621959171389852,99685,jo_lx_derive
M,40,1963,0.0006624976160123364,99623,jo_lx_derive
M,41,1963,0.0007232037928021073,99557,jo_lx_derive
M,42,1963,0.0007840377946424226,99485,jo_lx_derive
M,43,1963,0.0008751898759644661,99407,jo_lx_derive
M,44,1963,0.000936367297623808,99320,jo_lx_derive
M,45,1963,0.000997712316204269,99227,jo_lx_derive
M,46,1963,0.0011096763780162888,99128,jo_lx_derive
M,47,1963,0.0012220000403967424,99018,jo_lx_derive
M,48,1963,0.0012841643325884888,98897,jo_lx_derive
M,49,1963,0.0013465627214741538,98770,jo_lx_derive
M,50,1963,0.0013889311313198816,98637,jo_lx_derive
M,51,1963,0.001522842639593902,98500,jo_lx_derive
M,52,1963,0.0016471784443314874,98350,jo_lx_derive
M,53,1963,0.001823033364565907,98188,jo_lx_derive
M,54,1963,0.0020814415002703424,98009,jo_lx_derive
M,55,1963,0.0024027401462093367,97805,jo_lx_derive
M,56,1963,0.002562262990673414,97570,jo_lx_derive
M,57,1963,0.002784628031237135,97320,jo_lx_derive
M,58,1963,0.002936660862038809,97049,jo_lx_derive
M,59,1963,0.0029143069736679017,96764,jo_lx_derive
M,60,1963,0.002953918865695182,96482,jo_lx_derive
M,61,1963,0.003108205037579137,96197,jo_lx_derive
M,62,1963,0.003211745813259892,95898,jo_lx_derive
M,63,1963,0.0033999372319279964,95590,jo_lx_derive
M,64,1963,0.0037789324515824507,95265,jo_lx_derive
M,65,1963,0.004098835677783019,94905,jo_lx_derive
M,66,1963,0.004422531634855509,94516,jo_lx_derive
M,67,1963,0.004867266041786222,94098,jo_lx_derive
M,68,1963,0.005467748825288332,93640,jo_lx_derive
M,69,1963,0.006120608195172239,93128,jo_lx_derive
M,70,1963,0.006990211543032476,92558,jo_lx_derive
M,71,1963,0.007877185538183729,91911,jo_lx_derive
M,72,1963,0.008707381534648562,91187,jo_lx_derive
M,73,1963,0.009702078700784322,90393,jo_lx_derive
M,74,1963,0.01053442959917783,89516,jo_lx_derive
M,75,1963,0.01119980129384801,88573,jo_lx_derive
M,76,1963,0.01225151573971528,87581,jo_lx_derive
M,77,1963,0.013085494983122947,86508,jo_lx_derive
M,78,1963,0.014535700899550252,85376,jo_lx_derive
M,79,1963,0.016699352231532627,84135,jo_lx_derive
M,80,1963,0.01930375921672911,82730,jo_lx_derive
M,81,1963,0.02206253928734303,81133,jo_lx_derive
M,82,1963,0.026694226333766058,79343,jo_lx_derive
M,83,1963,0.030223373259954722,77225,jo_lx_derive
M,84,1963,0.035211173572258336,74891,jo_lx_derive
M,85,1963,0.040219226617211556,72254,jo_lx_derive
M,86,1963,0.046389225356174624,69348,jo_lx_derive
M,87,1963,0.05142822579425688,66131,jo_lx_derive
M,88,1963,0.05764387055635267,62730,jo_lx_derive
M,89,1963,0.06516222891362455,59114,jo_lx_derive
M,90,1963,0.07705113821432452,55262,jo_lx_derive
M,91,1963,0.08646380676025411,51004,jo_lx_derive
M,92,1963,0.0974159763059621,46594,jo_lx_derive
M,93,1963,0.10795386993223155,42055,jo_lx_derive
M,94,1963,0.11853925096628015,37515,jo_lx_derive
M,95,1963,0.1308213378492803,33068,jo_lx_derive
M,96,1963,0.14223088163662934,28742,jo_lx_derive
M,97,1963,0.1540115194288959,24654,jo_lx_derive
M,98,1963,0.16613127487174573,20857,jo_lx_derive
M,99,1963,0.1786453541858326,17392,jo_lx_derive
M,100,1963,0.1914595729786489,14285,jo_lx_derive
M,101,1963,0.20467532467532468,11550,jo_lx_derive
M,102,1963,0.2182669279338123,9186,jo_lx_derive
M,103,1963,0.2320011140509678,7181,jo_lx_derive
M,104,1963,0.2462375339981867,5515,jo_lx_derive
M,105,1963,0.26076497474140004,4157,jo_lx_derive
M,106,1963,0.27562642369020496,3073,jo_lx_derive
M,107,1963,0.2911051212938005,2226,jo_lx_derive
M,108,1963,0.3060836501901141,1578,jo_lx_derive
M,109,1963,0.32237442922374426,1095,jo_lx_derive
M,110,1963,0.3382749326145552,742,jo_lx_derive
M,111,1963,0.35437881873727084,491,jo_lx_derive
M,112,1963,0.3722397476340694,317,jo_lx_derive
M,113,1963,0.3869346733668342,199,jo_lx_derive
M,114,1963,0.4098360655737705,122,jo_lx_derive
M,115,1963,0.41666666666666663,72,jo_lx_derive
M,116,1963,0.45238095238095233,42,jo_lx_derive
M,117,1963,0.4347826086956522,23,jo_lx_derive
M,118,1963,0.46153846153846156,13,jo_lx_derive
M,119,1963,0.5714285714285714,7,jo_lx_derive
M,120,1963,1.0,3,fermeture_hypothese
M,32,1964,0.00046000000000001595,100000,jo_lx_derive
M,33,1964,0.0004702162994977277,99954,jo_lx_derive
M,34,1964,0.00048044681553849333,99907,jo_lx_derive
M,35,1964,0.0005007059954535986,99859,jo_lx_derive
M,36,1964,0.0005209951006421853,99809,jo_lx_derive
M,37,1964,0.0005413153964133333,99757,jo_lx_derive
M,38,1964,0.000571697942890359,99703,jo_lx_derive
M,39,1964,0.0006021315456716803,99646,jo_lx_derive
M,40,1964,0.000652702187054377,99586,jo_lx_derive
M,41,1964,0.0007033691381718166,99521,jo_lx_derive
M,42,1964,0.0007641954329267175,99451,jo_lx_derive
M,43,1964,0.0008553459119496898,99375,jo_lx_derive
M,44,1964,0.000916507201128014,99290,jo_lx_derive
M,45,1964,0.0009778324378270087,99199,jo_lx_derive
M,46,1964,0.00107969566709043,99102,jo_lx_derive
M,47,1964,0.0011919793928986122,98995,jo_lx_derive
M,48,1964,0.0012641969315412283,98877,jo_lx_derive
M,49,1964,0.0013164290343486984,98752,jo_lx_derive
M,50,1964,0.0013485834803593777,98622,jo_lx_derive
M,51,1964,0.001492552467788233,98489,jo_lx_derive
M,52,1964,0.0016168066543287285,98342,jo_lx_derive
M,53,1964,0.0017722008901744912,98183,jo_lx_derive
M,54,1964,0.0020406289218336537,98009,jo_lx_derive
M,55,1964,0.0023412978355774605,97809,jo_lx_derive
M,56,1964,0.0025107604017217122,97580,jo_lx_derive
M,57,1964,0.002722556120614339,97335,jo_lx_derive
M,58,1964,0.002874214484392734,97070,jo_lx_derive
M,59,1964,0.0028411732495789987,96791,jo_lx_derive
M,60,1964,0.0028907124207385726,96516,jo_lx_derive
M,61,1964,0.003034176044556691,96237,jo_lx_derive
M,62,1964,0.00314763666684037,95945,jo_lx_derive
M,63,1964,0.0033144087910249587,95643,jo_lx_derive
M,64,1964,0.0037030820552630406,95326,jo_lx_derive
M,65,1964,0.004001137165299595,94973,jo_lx_derive
M,66,1964,0.004313215565633799,94593,jo_lx_derive
M,67,1964,0.004767213462865683,94185,jo_lx_derive
M,68,1964,0.005344798156524666,93736,jo_lx_derive
M,69,1964,0.00597415133801682,93235,jo_lx_derive
M,70,1964,0.0068516800103584075,92678,jo_lx_derive
M,71,1964,0.007692056973371164,92043,jo_lx_derive
M,72,1964,0.00852904144084965,91335,jo_lx_derive
M,73,1964,0.009496885904854424,90556,jo_lx_derive
M,74,1964,0.010312611487691803,89696,jo_lx_derive
M,75,1964,0.010960786743418494,88771,jo_lx_derive
M,76,1964,0.011993439486093105,87798,jo_lx_derive
M,77,1964,0.012807654619862774,86745,jo_lx_derive
M,78,1964,0.014223322512086356,85634,jo_lx_derive
M,79,1964,0.016359457922668685,84416,jo_lx_derive
M,80,1964,0.018919732642861398,83035,jo_lx_derive
M,81,1964,0.021629185898065395,81464,jo_lx_derive
M,82,1964,0.026210132744473147,79702,jo_lx_derive
M,83,1964,0.0296599796425856,77613,jo_lx_derive
M,84,1964,0.0346164570912616,75311,jo_lx_derive
M,85,1964,0.03954390404929575,72704,jo_lx_derive
M,86,1964,0.04564006358389783,69829,jo_lx_derive
M,87,1964,0.05061372707901923,66642,jo_lx_derive
M,88,1964,0.0567734593560828,63269,jo_lx_derive
M,89,1964,0.06421234311376245,59677,jo_lx_derive
M,90,1964,0.07597815381860507,55845,jo_lx_derive
M,91,1964,0.08530677105538542,51602,jo_lx_derive
M,92,1964,0.09610169491525422,47200,jo_lx_derive
M,93,1964,0.10648321770110636,42664,jo_lx_derive
M,94,1964,0.11696964927467801,38121,jo_lx_derive
M,95,1964,0.12907729784326538,33662,jo_lx_derive
M,96,1964,0.14039635706245523,29317,jo_lx_derive
M,97,1964,0.15205745803737947,25201,jo_lx_derive
M,98,1964,0.16406944639430954,21369,jo_lx_derive
M,99,1964,0.1764541230476404,17863,jo_lx_derive
M,100,1964,0.18917816599823256,14711,jo_lx_derive
M,101,1964,0.2022971160295104,11928,jo_lx_derive
M,102,1964,0.21565948502364685,9515,jo_lx_derive
M,103,1964,0.22939836526865875,7463,jo_lx_derive
M,104,1964,0.24343592418709792,5751,jo_lx_derive
M,105,1964,0.2581015858423351,4351,jo_lx_derive
M,106,1964,0.27261462205700127,3228,jo_lx_derive
M,107,1964,0.2879045996592845,2348,jo_lx_derive
M,108,1964,0.3032296650717703,1672,jo_lx_derive
M,109,1964,0.31845493562231764,1165,jo_lx_derive
M,110,1964,0.33501259445843834,794,jo_lx_derive
M,111,1964,0.3522727272727273,528,jo_lx_derive
M,112,1964,0.368421052631579,342,jo_lx_derive
M,113,1964,0.3842592592592593,216,jo_lx_derive
M,114,1964,0.40601503759398494,133,jo_lx_derive
M,115,1964,0.4177215189873418,79,jo_lx_derive
M,116,1964,0.4347826086956522,46,jo_lx_derive
M,117,1964,0.46153846153846156,26,jo_lx_derive
M,118,1964,0.5,14,jo_lx_derive
M,119,1964,0.4285714285714286,7,jo_lx_derive
M,120,1964,1.0,4,fermeture_hypothese
M,31,1965,0.00043999999999999595,100000,jo_lx_derive
M,32,1965,0.00045019808715840437,99956,jo_lx_derive
M,33,1965,0.0004604097646905281,99911,jo_lx_derive
M,34,1965,0.0004706353577329514,99865,jo_lx_derive
M,35,1965,0.0004908934260353659,99818,jo_lx_derive
M,36,1965,0.000501157674227426,99769,jo_lx_derive
M,37,1965,0.0005314934967257656,99719,jo_lx_derive
M,38,1965,0.0005618766680713927,99666,jo_lx_derive
M,39,1965,0.0005923100090352573,99610,jo_lx_derive
M,40,1965,0.0006328414581471264,99551,jo_lx_derive
M,41,1965,0.0006935509810228613,99488,jo_lx_derive
M,42,1965,0.0007443245254931119,99419,jo_lx_derive
M,43,1965,0.0008354723438522837,99345,jo_lx_derive
M,44,1965,0.000896617033708802,99262,jo_lx_derive
M,45,1965,0.0009579220150646162,99173,jo_lx_derive
M,46,1965,0.001049678031449952,99078,jo_lx_derive
M,47,1965,0.0011619213126680128,98974,jo_lx_derive
M,48,1965,0.0012340808626427613,98859,jo_lx_derive
M,49,1965,0.0012862452778593658,98737,jo_lx_derive
M,50,1965,0.0013183247135178933,98610,jo_lx_derive
M,51,1965,0.0014622258326564275,98480,jo_lx_derive
M,52,1965,0.0015762284412625949,98336,jo_lx_derive
M,53,1965,0.0017416811806765242,98181,jo_lx_derive
M,54,1965,0.001989592898683834,98010,jo_lx_derive
M,55,1965,0.0022900373153401654,97815,jo_lx_derive
M,56,1965,0.002459243167915126,97591,jo_lx_derive
M,57,1965,0.002650203901346626,97351,jo_lx_derive
M,58,1965,0.0028117372004160535,97093,jo_lx_derive
M,59,1965,0.00277835158025197,96820,jo_lx_derive
M,60,1965,0.002837878426945384,96551,jo_lx_derive
M,61,1965,0.002960208564870115,96277,jo_lx_derive
M,62,1965,0.003073172764397003,95992,jo_lx_derive
M,63,1965,0.0032393909944929966,95697,jo_lx_derive
M,64,1965,0.0036168450627444004,95387,jo_lx_derive
M,65,1965,0.0039035373834725995,95042,jo_lx_derive
M,66,1965,0.004225158707523935,94671,jo_lx_derive
M,67,1965,0.004656787347116276,94271,jo_lx_derive
M,68,1965,0.005222099070679498,93832,jo_lx_derive
M,69,1965,0.005849456836150901,93342,jo_lx_derive
M,70,1965,0.006692098797361989,92796,jo_lx_derive
M,71,1965,0.007529156495795997,92175,jo_lx_derive
M,72,1965,0.008351460959106216,91481,jo_lx_derive
M,73,1965,0.009292635338470134,90717,jo_lx_derive
M,74,1965,0.010091906446803356,89874,jo_lx_derive
M,75,1965,0.010723077096001843,88967,jo_lx_derive
M,76,1965,0.011748264460931912,88013,jo_lx_derive
M,77,1965,0.01253176053990046,86979,jo_lx_derive
M,78,1965,0.013936592578793539,85889,jo_lx_derive
M,79,1965,0.016010957351343724,84692,jo_lx_derive
M,80,1965,0.018539406738984354,83336,jo_lx_derive
M,81,1965,0.021212602853614704,81791,jo_lx_derive
M,82,1965,0.025707005096432534,80056,jo_lx_derive
M,83,1965,0.029141772865970972,77998,jo_lx_derive
M,84,1965,0.034004621987454575,75725,jo_lx_derive
M,85,1965,0.03887901572112096,73150,jo_lx_derive
M,86,1965,0.04491793019087986,70306,jo_lx_derive
M,87,1965,0.049830225769941006,67148,jo_lx_derive
M,88,1965,0.05590733832795214,63802,jo_lx_derive
M,89,1965,0.06326886361749817,60235,jo_lx_derive
M,90,1965,0.07491492981709913,56424,jo_lx_derive
M,91,1965,0.08414276682567967,52197,jo_lx_derive
M,92,1965,0.09480179897500263,47805,jo_lx_derive
M,93,1965,0.10505395974395115,43273,jo_lx_derive
M,94,1965,0.11539752627365918,38727,jo_lx_derive
M,95,1965,0.1273863039290093,34258,jo_lx_derive
M,96,1965,0.13858968354853818,29894,jo_lx_derive
M,97,1965,0.15013009203526073,25751,jo_lx_derive
M,98,1965,0.16202878684030153,21885,jo_lx_derive
M,99,1965,0.17427340640165767,18339,jo_lx_derive
M,100,1965,0.18695106649937265,15143,jo_lx_derive
M,101,1965,0.19980506822612087,12312,jo_lx_derive
M,102,1965,0.21315468940316684,9852,jo_lx_derive
M,103,1965,0.22678018575851389,7752,jo_lx_derive
M,104,1965,0.24090757424090758,5994,jo_lx_derive
M,105,1965,0.2549450549450549,4550,jo_lx_derive
M,106,1965,0.26991150442477874,3390,jo_lx_derive
M,107,1965,0.2848484848484848,2475,jo_lx_derive
M,108,1965,0.30000000000000004,1770,jo_lx_derive
M,109,1965,0.31557707828894266,1239,jo_lx_derive
M,110,1965,0.3313679245283019,848,jo_lx_derive
M,111,1965,0.34744268077601415,567,jo_lx_derive
M,112,1965,0.3648648648648649,370,jo_lx_derive
M,113,1965,0.3829787234042553,235,jo_lx_derive
M,114,1965,0.4,145,jo_lx_derive
M,115,1965,0.4137931034482759,87,jo_lx_derive
M,116,1965,0.43137254901960786,51,jo_lx_derive
M,117,1965,0.4482758620689655,29,jo_lx_derive
M,118,1965,0.5,16,jo_lx_derive
M,119,1965,0.5,8,jo_lx_derive
M,120,1965,1.0,4,fermeture_hypothese
M,30,1966,0.00043000000000004146,100000,jo_lx_derive
M,31,1966,0.0004301849795411705,99957,jo_lx_derive
M,32,1966,0.00044037872570412695,99914,jo_lx_derive
M,33,1966,0.00045058576148993,99870,jo_lx_derive
M,34,1966,0.0004608064112195942,99825,jo_lx_derive
M,35,1966,0.0004710410006113497,99779,jo_lx_derive
M,36,1966,0.0004913167288332909,99732,jo_lx_derive
M,37,1966,0.0005216536420452611,99683,jo_lx_derive
M,38,1966,0.0005419999799258779,99631,jo_lx_derive
M,39,1966,0.0005824638219669165,99577,jo_lx_derive
M,40,1966,0.0006229966137119014,99519,jo_lx_derive
M,41,1966,0.0006736579627376615,99457,jo_lx_derive
M,42,1966,0.0007344803300131098,99390,jo_lx_derive
M,43,1966,0.0008155703454595375,99317,jo_lx_derive
M,44,1966,0.0008766979725099988,99236,jo_lx_derive
M,45,1966,0.0009278963983500033,99149,jo_lx_derive
M,46,1966,0.0010297101668735875,99057,jo_lx_derive
M,47,1966,0.0011419332019604322,98955,jo_lx_derive
M,48,1966,0.001203941644240314,98842,jo_lx_derive
M,49,1966,0.0012560396260243856,98723,jo_lx_derive
M,50,1966,0.001288045517703007,98599,jo_lx_derive
M,51,1966,0.0014217239418311545,98472,jo_lx_derive
M,52,1966,0.0015457836716430418,98332,jo_lx_derive
M,53,1966,0.0017009574251375392,98180,jo_lx_derive
M,54,1966,0.001948721088018912,98013,jo_lx_derive
M,55,1966,0.002238760197092682,97822,jo_lx_derive
M,56,1966,0.002397467290964461,97603,jo_lx_derive
M,57,1966,0.0025983629286528975,97369,jo_lx_derive
M,58,1966,0.002749289509452635,97116,jo_lx_derive
M,59,1966,0.0027155675329636475,96849,jo_lx_derive
M,60,1966,0.0027643757894518783,96586,jo_lx_derive
M,61,1966,0.002896624757316779,96319,jo_lx_derive
M,62,1966,0.002998750520616378,96040,jo_lx_derive
M,63,1966,0.003174868410059317,95752,jo_lx_derive
M,64,1966,0.0035307182968736806,95448,jo_lx_derive
M,65,1966,0.0038165932436836636,95111,jo_lx_derive
M,66,1966,0.0041267361844049555,94748,jo_lx_derive
M,67,1966,0.004546562523183195,94357,jo_lx_derive
M,68,1966,0.005110297248956619,93928,jo_lx_derive
M,69,1966,0.005714408013012595,93448,jo_lx_derive
M,70,1966,0.006554448199410201,92914,jo_lx_derive
M,71,1966,0.007366881534044745,92305,jo_lx_derive
M,72,1966,0.008163710777626232,91625,jo_lx_derive
M,73,1966,0.009100212374968386,90877,jo_lx_derive
M,74,1966,0.00988339811215988,90050,jo_lx_derive
M,75,1966,0.010497981157469694,89160,jo_lx_derive
M,76,1966,0.011493471164308988,88224,jo_lx_derive
M,77,1966,0.012269235179451887,87210,jo_lx_derive
M,78,1966,0.013640585094032986,86140,jo_lx_derive
M,79,1966,0.0156770434884953,84965,jo_lx_derive
M,80,1966,0.01817464398024704,83633,jo_lx_derive
M,81,1966,0.020788425706039226,82113,jo_lx_derive
M,82,1966,0.02523443524115121,80406,jo_lx_derive
M,83,1966,0.028605330645469995,78377,jo_lx_derive
M,84,1966,0.03342746437249622,76135,jo_lx_derive
M,85,1966,0.038225302350862855,73590,jo_lx_derive
M,86,1966,0.0441951481413454,70777,jo_lx_derive
M,87,1966,0.04904728820825144,67649,jo_lx_derive
M,88,1966,0.055058991776903876,64331,jo_lx_derive
M,89,1966,0.062346806165589186,60789,jo_lx_derive
M,90,1966,0.0738784890962999,56999,jo_lx_derive
M,91,1966,0.08297340304614687,52788,jo_lx_derive
M,92,1966,0.09353825813915051,48408,jo_lx_derive
M,93,1966,0.10360072926162256,43880,jo_lx_derive
M,94,1966,0.11384552804189763,39334,jo_lx_derive
M,95,1966,0.12571723663070922,34856,jo_lx_derive
M,96,1966,0.13680514536982347,30474,jo_lx_derive
M,97,1966,0.14822277133624784,26305,jo_lx_derive
M,98,1966,0.16000178523609743,22406,jo_lx_derive
M,99,1966,0.17214813240529192,18821,jo_lx_derive
M,100,1966,0.18464796867980238,15581,jo_lx_derive
M,101,1966,0.19749685138539042,12704,jo_lx_derive
M,102,1966,0.21069151544874942,10195,jo_lx_derive
M,103,1966,0.22430719522803533,8047,jo_lx_derive
M,104,1966,0.23806472284524194,6242,jo_lx_derive
M,105,1966,0.25231286795626573,4756,jo_lx_derive
M,106,1966,0.26687289088863897,3556,jo_lx_derive
M,107,1966,0.2815496739547373,2607,jo_lx_derive
M,108,1966,0.2968499733048585,1873,jo_lx_derive
M,109,1966,0.31283219438116927,1317,jo_lx_derive
M,110,1966,0.3281767955801105,905,jo_lx_derive
M,111,1966,0.34375,608,jo_lx_derive
M,112,1966,0.3609022556390977,399,jo_lx_derive
M,113,1966,0.3803921568627451,255,jo_lx_derive
M,114,1966,0.3924050632911392,158,jo_lx_derive
M,115,1966,0.41666666666666663,96,jo_lx_derive
M,116,1966,0.4285714285714286,56,jo_lx_derive
M,117,1966,0.4375,32,jo_lx_derive
M,118,1966,0.5,18,jo_lx_derive
M,119,1966,0.4444444444444444,9,jo_lx_derive
M,120,1966,1.0,5,fermeture_hypothese
M,29,1967,0.00041999999999997595,100000,jo_lx_derive
M,30,1967,0.00041017227235440323,99958,jo_lx_derive
M,31,1967,0.0004303571964731079,99917,jo_lx_derive
M,32,1967,0.00042052986763319034,99874,jo_lx_derive
M,33,1967,0.00044074044394581957,99832,jo_lx_derive
M,34,1967,0.00045095602677680535,99788,jo_lx_derive
M,35,1967,0.0004611852460824073,99743,jo_lx_derive
M,36,1967,0.0004914892123133452,99697,jo_lx_derive
M,37,1967,0.0005017662170840875,99648,jo_lx_derive
M,38,1967,0.0005321391995822822,99598,jo_lx_derive
M,39,1967,0.0005726053543623211,99545,jo_lx_derive
M,40,1967,0.0006030878095850678,99488,jo_lx_derive
M,41,1967,0.0006537393893067955,99428,jo_lx_derive
M,42,1967,0.0007246158026629201,99363,jo_lx_derive
M,43,1967,0.0007956410953661175,99291,jo_lx_derive
M,44,1967,0.0008567511994517218,99212,jo_lx_derive
M,45,1967,0.0009079261956883578,99127,jo_lx_derive
M,46,1967,0.0010097236386401587,99037,jo_lx_derive
M,47,1967,0.0011118186320587808,98937,jo_lx_derive
M,48,1967,0.0011737683021846301,98827,jo_lx_derive
M,49,1967,0.001225800569338742,98711,jo_lx_derive
M,50,1967,0.0012577340501065404,98590,jo_lx_derive
M,51,1967,0.0013913432047610863,98466,jo_lx_derive
M,52,1967,0.0015051510744541474,98329,jo_lx_derive
M,53,1967,0.001660199020177,98181,jo_lx_derive
M,54,1967,0.0019078128507008518,98018,jo_lx_derive
M,55,1967,0.002187445697171664,97831,jo_lx_derive
M,56,1967,0.002356146982595231,97617,jo_lx_derive
M,57,1967,0.0025362728084857844,97387,jo_lx_derive
M,58,1967,0.002686843730697941,97140,jo_lx_derive
M,59,1967,0.0026631158455392434,96879,jo_lx_derive
M,60,1967,0.002701276120098073,96621,jo_lx_derive
M,61,1967,0.002822748028227462,96360,jo_lx_derive
M,62,1967,0.00293480975772209,96088,jo_lx_derive
M,63,1967,0.0031000146128634665,95806,jo_lx_derive
M,64,1967,0.0034447015464511566,95509,jo_lx_derive
M,65,1967,0.0037402815717587634,95180,jo_lx_derive
M,66,1967,0.004028515987513748,94824,jo_lx_derive
M,67,1967,0.004447173926854564,94442,jo_lx_derive
M,68,1967,0.0049881942524090395,94022,jo_lx_derive
M,69,1967,0.005590413989930876,93553,jo_lx_derive
M,70,1967,0.006406535526174317,93030,jo_lx_derive
M,71,1967,0.007215959495423752,92434,jo_lx_derive
M,72,1967,0.007987620822299979,91767,jo_lx_derive
M,73,1967,0.008908759364632979,91034,jo_lx_derive
M,74,1967,0.009676024960376006,90223,jo_lx_derive
M,75,1967,0.010274202574146574,89350,jo_lx_derive
M,76,1967,0.011240275013569723,88432,jo_lx_derive
M,77,1967,0.012008508886296565,87438,jo_lx_derive
M,78,1967,0.01335833680603793,86388,jo_lx_derive
M,79,1967,0.015357721097214672,85234,jo_lx_derive
M,80,1967,0.017801608579088524,83925,jo_lx_derive
M,81,1967,0.020380682024966346,82431,jo_lx_derive
M,82,1967,0.02477987888694877,80751,jo_lx_derive
M,83,1967,0.028076190476190477,78750,jo_lx_derive
M,84,1967,0.032846000078391446,76539,jo_lx_derive
M,85,1967,0.03759540695710906,74025,jo_lx_derive
M,86,1967,0.043471547682546796,71242,jo_lx_derive
M,87,1967,0.04827940421160759,68145,jo_lx_derive
M,88,1967,0.05421324493099988,64855,jo_lx_derive
M,89,1967,0.06144540993495162,61339,jo_lx_derive
M,90,1967,0.0728330727809623,57570,jo_lx_derive
M,91,1967,0.08185173389287526,53377,jo_lx_derive
M,92,1967,0.09227064968984655,49008,jo_lx_derive
M,93,1967,0.10218945286157444,44486,jo_lx_derive
M,94,1967,0.11231847771657488,39940,jo_lx_derive
M,95,1967,0.12404806227788123,35454,jo_lx_derive
M,96,1967,0.1350141679546626,31056,jo_lx_derive
M,97,1967,0.14633510776905034,26863,jo_lx_derive
M,98,1967,0.15803244374672942,22932,jo_lx_derive
M,99,1967,0.17008493888543608,19308,jo_lx_derive
M,100,1967,0.1824138791812282,16024,jo_lx_derive
M,101,1967,0.19517594076788036,13101,jo_lx_derive
M,102,1967,0.20827010622154785,10544,jo_lx_derive
M,103,1967,0.221729755630091,8348,jo_lx_derive
M,104,1967,0.2353393874095736,6497,jo_lx_derive
M,105,1967,0.249597423510467,4968,jo_lx_derive
M,106,1967,0.26394849785407726,3728,jo_lx_derive
M,107,1967,0.2787900874635568,2744,jo_lx_derive
M,108,1967,0.2935826174835776,1979,jo_lx_derive
M,109,1967,0.30972818311874106,1398,jo_lx_derive
M,110,1967,0.32435233160621757,965,jo_lx_derive
M,111,1967,0.34202453987730064,652,jo_lx_derive
M,112,1967,0.35664335664335667,429,jo_lx_derive
M,113,1967,0.37318840579710144,276,jo_lx_derive
M,114,1967,0.3930635838150289,173,jo_lx_derive
M,115,1967,0.4095238095238095,105,jo_lx_derive
M,116,1967,0.4193548387096774,62,jo_lx_derive
M,117,1967,0.4444444444444444,36,jo_lx_derive
M,118,1967,0.44999999999999996,20,jo_lx_derive
M,119,1967,0.4545454545454546,11,jo_lx_derive
M,120,1967,1.0,6,fermeture_hypothese
M,28,1968,0.00041000000000002146,100000,jo_lx_derive
M,29,1968,0.00040016406726761655,99959,jo_lx_derive
M,30,1968,0.00041033236921905747,99919,jo_lx_derive
M,31,1968,0.0004105008109893671,99878,jo_lx_derive
M,32,1968,0.00042068571771991525,99837,jo_lx_derive
M,33,1968,0.0004308833107871113,99795,jo_lx_derive
M,34,1968,0.00044109391290403366,99752,jo_lx_derive
M,35,1968,0.0004513178481164726,99708,jo_lx_derive
M,36,1968,0.0004715892557920487,99663,jo_lx_derive
M,37,1968,0.0004918888531962873,99616,jo_lx_derive
M,38,1968,0.0005222613918266505,99567,jo_lx_derive
M,39,1968,0.0005526805004271163,99515,jo_lx_derive
M,40,1968,0.0005932032978082091,99460,jo_lx_derive
M,41,1968,0.0006438567016427976,99401,jo_lx_derive
M,42,1968,0.0007046719751955255,99337,jo_lx_derive
M,43,1968,0.0007756857767435843,99267,jo_lx_derive
M,44,1968,0.0008367779009981202,99190,jo_lx_derive
M,45,1968,0.0008879292078258771,99107,jo_lx_derive
M,46,1968,0.000989709045738696,99019,jo_lx_derive
M,47,1968,0.0010816712325997235,98921,jo_lx_derive
M,48,1968,0.0011536826765438102,98814,jo_lx_derive
M,49,1968,0.0011955420466058797,98700,jo_lx_derive
M,50,1968,0.0012375484368343237,98582,jo_lx_derive
M,51,1968,0.0013508023562868177,98460,jo_lx_derive
M,52,1968,0.0014746712500126602,98327,jo_lx_derive
M,53,1968,0.0016194414454787642,98182,jo_lx_derive
M,54,1968,0.0018669087867133616,98023,jo_lx_derive
M,55,1968,0.0021361406377760073,97840,jo_lx_derive
M,56,1968,0.002304595876309823,97631,jo_lx_derive
M,57,1968,0.002484446543334129,97406,jo_lx_derive
M,58,1968,0.0026244288007903904,97164,jo_lx_derive
M,59,1968,0.0026003776739003115,96909,jo_lx_derive
M,60,1968,0.002638194853968101,96657,jo_lx_derive
M,61,1968,0.002769652081907048,96402,jo_lx_derive
M,62,1968,0.0028605606698912656,96135,jo_lx_derive
M,63,1968,0.0030252451491759036,95860,jo_lx_derive
M,64,1968,0.0033692581353981232,95570,jo_lx_derive
M,65,1968,0.0036536200235175453,95248,jo_lx_derive
M,66,1968,0.003930453108535348,94900,jo_lx_derive
M,67,1968,0.004347964073756705,94527,jo_lx_derive
M,68,1968,0.004887585532746819,94116,jo_lx_derive
M,69,1968,0.0054668147262321165,93656,jo_lx_derive
M,70,1968,0.006269861719488068,93144,jo_lx_derive
M,71,1968,0.007054883318928229,92560,jo_lx_derive
M,72,1968,0.007812244986780126,91907,jo_lx_derive
M,73,1968,0.008729123030190022,91189,jo_lx_derive
M,74,1968,0.009458697022999618,90393,jo_lx_derive
M,75,1968,0.010051598204114498,89538,jo_lx_derive
M,76,1968,0.011011078769827876,88638,jo_lx_derive
M,77,1968,0.011761082338983875,87662,jo_lx_derive
M,78,1968,0.01306691600004617,86631,jo_lx_derive
M,79,1968,0.01504111159194843,85499,jo_lx_derive
M,80,1968,0.017443862586536518,84213,jo_lx_derive
M,81,1968,0.01998936478777913,82744,jo_lx_derive
M,82,1968,0.024306326304106562,81090,jo_lx_derive
M,83,1968,0.027578710549931107,79119,jo_lx_derive
M,84,1968,0.03227315855830093,76937,jo_lx_derive
M,85,1968,0.036962419749106856,74454,jo_lx_derive
M,86,1968,0.04277426013221386,71702,jo_lx_derive
M,87,1968,0.0475122022291834,68635,jo_lx_derive
M,88,1968,0.05340043442347109,65374,jo_lx_derive
M,89,1968,0.06054974710340477,61883,jo_lx_derive
M,90,1968,0.07179716526764823,58136,jo_lx_derive
M,91,1968,0.08074200363218564,53962,jo_lx_derive
M,92,1968,0.0909988912408023,49605,jo_lx_derive
M,93,1968,0.10079616774966182,45091,jo_lx_derive
M,94,1968,0.11081241059537317,40546,jo_lx_derive
M,95,1968,0.12240312872715164,36053,jo_lx_derive
M,96,1968,0.1332806573957016,31640,jo_lx_derive
M,97,1968,0.14447726361083757,27423,jo_lx_derive
M,98,1968,0.15604620433911598,23461,jo_lx_derive
M,99,1968,0.167979797979798,19800,jo_lx_derive
M,100,1968,0.18028408401116913,16474,jo_lx_derive
M,101,1968,0.19283175355450233,13504,jo_lx_derive
M,102,1968,0.2058715596330275,10900,jo_lx_derive
M,103,1968,0.21915434380776344,8656,jo_lx_derive
M,104,1968,0.2328746856043793,6759,jo_lx_derive
M,105,1968,0.2468659594985535,5185,jo_lx_derive
M,106,1968,0.26094750320102433,3905,jo_lx_derive
M,107,1968,0.27581427581427587,2886,jo_lx_derive
M,108,1968,0.2909090909090909,2090,jo_lx_derive
M,109,1968,0.30634278002699056,1482,jo_lx_derive
M,110,1968,0.32198443579766534,1028,jo_lx_derive
M,111,1968,0.33715925394548063,697,jo_lx_derive
M,112,1968,0.35497835497835495,462,jo_lx_derive
M,113,1968,0.3691275167785235,298,jo_lx_derive
M,114,1968,0.38829787234042556,188,jo_lx_derive
M,115,1968,0.408695652173913,115,jo_lx_derive
M,116,1968,0.42647058823529416,68,jo_lx_derive
M,117,1968,0.4358974358974359,39,jo_lx_derive
M,118,1968,0.4545454545454546,22,jo_lx_derive
M,119,1968,0.5,12,jo_lx_derive
M,120,1968,1.0,6,fermeture_hypothese
M,27,1969,0.00039999999999995595,100000,jo_lx_derive
M,28,1969,0.00039015606242498446,99960,jo_lx_derive
M,29,1969,0.0004003162498373847,99921,jo_lx_derive
M,30,1969,0.00040047656711483803,99881,jo_lx_derive
M,31,1969,0.0004006370128504244,99841,jo_lx_derive
M,32,1969,0.00041081752687843753,99801,jo_lx_derive
M,33,1969,0.00042101042502007413,99760,jo_lx_derive
M,34,1969,0.0004211877494534333,99718,jo_lx_derive
M,35,1969,0.0004514627392752102,99676,jo_lx_derive
M,36,1969,0.0004617036866035873,99631,jo_lx_derive
M,37,1969,0.0004820003012502294,99585,jo_lx_derive
M,38,1969,0.0005023257683072213,99537,jo_lx_derive
M,39,1969,0.0005427844844050345,99487,jo_lx_derive
M,40,1969,0.0005833073526897437,99433,jo_lx_derive
M,41,1969,0.0006238993710692142,99375,jo_lx_derive
M,42,1969,0.0006847039159022517,99313,jo_lx_derive
M,43,1969,0.0007657816514685667,99245,jo_lx_derive
M,44,1969,0.0008167875041595885,99169,jo_lx_derive
M,45,1969,0.0008679153883416335,99088,jo_lx_derive
M,46,1969,0.000959576574210641,99002,jo_lx_derive
M,47,1969,0.001071713832185739,98907,jo_lx_derive
M,48,1969,0.0011133490551714642,98801,jo_lx_derive
M,49,1969,0.001185518436331634,98691,jo_lx_derive
M,50,1969,0.001197070221356511,98574,jo_lx_derive
M,51,1969,0.0013305435930771603,98456,jo_lx_derive
M,52,1969,0.0014340198321891595,98325,jo_lx_derive
M,53,1969,0.0015888535810315574,98184,jo_lx_derive
M,54,1969,0.001815807728404173,98028,jo_lx_derive
M,55,1969,0.0020950434338272705,97850,jo_lx_derive
M,56,1969,0.0022428183726764805,97645,jo_lx_derive
M,57,1969,0.0024326155235768754,97426,jo_lx_derive
M,58,1969,0.0025723075656710614,97189,jo_lx_derive
M,59,1969,0.0025376783337975883,96939,jo_lx_derive
M,60,1969,0.002585502569989573,96693,jo_lx_derive
M,61,1969,0.0026958929108384933,96443,jo_lx_derive
M,62,1969,0.002796752024786131,96183,jo_lx_derive
M,63,1969,0.0029609858831870506,95914,jo_lx_derive
M,64,1969,0.003293945414618804,95630,jo_lx_derive
M,65,1969,0.003567119550962561,95315,jo_lx_derive
M,66,1969,0.0038431166096341007,94975,jo_lx_derive
M,67,1969,0.004249022302082239,94610,jo_lx_derive
M,68,1969,0.004776664402173947,94208,jo_lx_derive
M,69,1969,0.005343544017577195,93758,jo_lx_derive
M,70,1969,0.0061335878271872035,93257,jo_lx_derive
M,71,1969,0.0069051087015158386,92685,jo_lx_derive
M,72,1969,0.0076484328317670824,92045,jo_lx_derive
M,73,1969,0.008539429172003787,91341,jo_lx_derive
M,74,1969,0.009264473669681195,90561,jo_lx_derive
M,75,1969,0.009841510443369561,89722,jo_lx_derive
M,76,1969,0.010772295951102517,88839,jo_lx_derive
M,77,1969,0.01150406226531031,87882,jo_lx_derive
M,78,1969,0.012789078058270342,86871,jo_lx_derive
M,79,1969,0.014738805970149205,85760,jo_lx_derive
M,80,1969,0.017089566370005693,84496,jo_lx_derive
M,81,1969,0.019602176949381156,83052,jo_lx_derive
M,82,1969,0.023850461780310472,81424,jo_lx_derive
M,83,1969,0.02707531264940488,79482,jo_lx_derive
M,84,1969,0.03170826328721066,77330,jo_lx_derive
M,85,1969,0.03635246667913139,74878,jo_lx_derive
M,86,1969,0.04207550307666719,72156,jo_lx_derive
M,87,1969,0.04677372685185188,69120,jo_lx_derive
M,88,1969,0.05259004052392735,65887,jo_lx_derive
M,89,1969,0.05964243375732914,62422,jo_lx_derive
M,90,1969,0.07080188759604078,58699,jo_lx_derive
M,91,1969,0.07962524980290775,54543,jo_lx_derive
M,92,1969,0.08976095617529878,50200,jo_lx_derive
M,93,1969,0.09940035890926602,45694,jo_lx_derive
M,94,1969,0.10932639968895796,41152,jo_lx_derive
M,95,1969,0.12080866504788146,36653,jo_lx_derive
M,96,1969,0.13154383242823897,32225,jo_lx_derive
M,97,1969,0.1426427499464018,27986,jo_lx_derive
M,98,1969,0.15412186379928317,23994,jo_lx_derive
M,99,1969,0.165894757587702,20296,jo_lx_derive
M,100,1969,0.17809675704412542,16929,jo_lx_derive
M,101,1969,0.1905993962915049,13914,jo_lx_derive
M,102,1969,0.20351624933404366,11262,jo_lx_derive
M,103,1969,0.21661092530657744,8970,jo_lx_derive
M,104,1969,0.23025473174896827,7027,jo_lx_derive
M,105,1969,0.24422259197633578,5409,jo_lx_derive
M,106,1969,0.2583170254403131,4088,jo_lx_derive
M,107,1969,0.27275725593667544,3032,jo_lx_derive
M,108,1969,0.28798185941043086,2205,jo_lx_derive
M,109,1969,0.3031847133757962,1570,jo_lx_derive
M,110,1969,0.3180987202925045,1094,jo_lx_derive
M,111,1969,0.3351206434316354,746,jo_lx_derive
M,112,1969,0.35080645161290325,496,jo_lx_derive
M,113,1969,0.36645962732919257,322,jo_lx_derive
M,114,1969,0.38235294117647056,204,jo_lx_derive
M,115,1969,0.40476190476190477,126,jo_lx_derive
M,116,1969,0.41333333333333333,75,jo_lx_derive
M,117,1969,0.43181818181818177,44,jo_lx_derive
M,118,1969,0.48,25,jo_lx_derive
M,119,1969,0.46153846153846156,13,jo_lx_derive
M,120,1969,1.0,7,fermeture_hypothese
M,26,1970,0.00039000000000000146,100000,jo_lx_derive
M,27,1970,0.00039015215934212755,99961,jo_lx_derive
M,28,1970,0.000380296631372512,99922,jo_lx_derive
M,29,1970,0.00039045292539341414,99884,jo_lx_derive
M,30,1970,0.00039060543842961426,99845,jo_lx_derive
M,31,1970,0.00039075807065702683,99806,jo_lx_derive
M,32,1970,0.00040093417663156217,99767,jo_lx_derive
M,33,1970,0.0004111223640538286,99727,jo_lx_derive
M,34,1970,0.0004213229540758201,99686,jo_lx_derive
M,35,1970,0.0004315362691180713,99644,jo_lx_derive
M,36,1970,0.00045180269274402995,99601,jo_lx_derive
M,37,1970,0.0004720961067138374,99556,jo_lx_derive
M,38,1970,0.0005024671135274161,99509,jo_lx_derive
M,39,1970,0.0005228285021968704,99459,jo_lx_derive
M,40,1970,0.0005734002635628954,99407,jo_lx_derive
M,41,1970,0.0006039255158530876,99350,jo_lx_derive
M,42,1970,0.0006747910162151483,99290,jo_lx_derive
M,43,1970,0.0007457948257963976,99223,jo_lx_derive
M,44,1970,0.0007967806029309799,99149,jo_lx_derive
M,45,1970,0.0008478853336024716,99070,jo_lx_derive
M,46,1970,0.0009395268017698966,98986,jo_lx_derive
M,47,1970,0.001041529734157165,98893,jo_lx_derive
M,48,1970,0.0010932280595201682,98790,jo_lx_derive
M,49,1970,0.001155225877059629,98682,jo_lx_derive
M,50,1970,0.0011667072477883345,98568,jo_lx_derive
M,51,1970,0.0013001127441519822,98453,jo_lx_derive
M,52,1970,0.0014035087719298511,98325,jo_lx_derive
M,53,1970,0.0015480664446413384,98187,jo_lx_derive
M,54,1970,0.001785076758300641,98035,jo_lx_derive
M,55,1970,0.002043735949315395,97860,jo_lx_derive
M,56,1970,0.002201515461806247,97660,jo_lx_derive
M,57,1970,0.0023705680127251716,97445,jo_lx_derive
M,58,1970,0.002520213138025418,97214,jo_lx_derive
M,59,1970,0.002475017789190348,96969,jo_lx_derive
M,60,1970,0.002522511346132017,96729,jo_lx_derive
M,61,1970,0.0026428978597708985,96485,jo_lx_derive
M,62,1970,0.0027330354359347275,96230,jo_lx_derive
M,63,1970,0.0028864088697155843,95967,jo_lx_derive
M,64,1970,0.003218727139722044,95690,jo_lx_derive
M,65,1970,0.003491224759388567,95382,jo_lx_derive
M,66,1970,0.0037559574535239726,95049,jo_lx_derive
M,67,1970,0.004150297807628989,94692,jo_lx_derive
M,68,1970,0.00466600918355442,94299,jo_lx_derive
M,69,1970,0.005231251132017167,93859,jo_lx_derive
M,70,1970,0.005997772256019163,93368,jo_lx_derive
M,71,1970,0.006755883113524708,92808,jo_lx_derive
M,72,1970,0.0074852735379308255,92181,jo_lx_derive
M,73,1970,0.00835054814134728,91491,jo_lx_derive
M,74,1970,0.009071169552613889,90727,jo_lx_derive
M,75,1970,0.009632496885566777,89904,jo_lx_derive
M,76,1970,0.010546058986050877,89038,jo_lx_derive
M,77,1970,0.011260059705558545,88099,jo_lx_derive
M,78,1970,0.012524825788972183,87107,jo_lx_derive
M,79,1970,0.014427548363095233,86016,jo_lx_derive
M,80,1970,0.016750221173695068,84775,jo_lx_derive
M,81,1970,0.019219003059204653,83355,jo_lx_derive
M,82,1970,0.023411984881288705,81753,jo_lx_derive
M,83,1970,0.026578489209534206,79839,jo_lx_derive
M,84,1970,0.031164352715622012,77717,jo_lx_derive
M,85,1970,0.03572614383425199,75295,jo_lx_derive
M,86,1970,0.041415880449004905,72605,jo_lx_derive
M,87,1970,0.04603580562659848,69598,jo_lx_derive
M,88,1970,0.051781787510919663,66394,jo_lx_derive
M,89,1970,0.0587712052862317,62956,jo_lx_derive
M,90,1970,0.06979883893614147,59256,jo_lx_derive
M,91,1970,0.07851959361393324,55120,jo_lx_derive
M,92,1970,0.08853756497086152,50792,jo_lx_derive
M,93,1970,0.09804514526406738,46295,jo_lx_derive
M,94,1970,0.10784078934763863,41756,jo_lx_derive
M,95,1970,0.11921187555364665,37253,jo_lx_derive
M,96,1970,0.1298305497988541,32812,jo_lx_derive
M,97,1970,0.14083076492014568,28552,jo_lx_derive
M,98,1970,0.15217479923362276,24531,jo_lx_derive
M,99,1970,0.1639099913453217,20798,jo_lx_derive
M,100,1970,0.17597331646443148,17389,jo_lx_derive
M,101,1970,0.18835927140763487,14329,jo_lx_derive
M,102,1970,0.20111779879621672,11630,jo_lx_derive
M,103,1970,0.21418577117640725,9291,jo_lx_derive
M,104,1970,0.22777701684700724,7301,jo_lx_derive
M,105,1970,0.24139765874423558,5638,jo_lx_derive
M,106,1970,0.25555295768061725,4277,jo_lx_derive
M,107,1970,0.2701005025125628,3184,jo_lx_derive
M,108,1970,0.28485370051635117,2324,jo_lx_derive
M,109,1970,0.30024067388688325,1662,jo_lx_derive
M,110,1970,0.31556319862424764,1163,jo_lx_derive
M,111,1970,0.33040201005025127,796,jo_lx_derive
M,112,1970,0.34709193245778613,533,jo_lx_derive
M,113,1970,0.36494252873563215,348,jo_lx_derive
M,114,1970,0.38009049773755654,221,jo_lx_derive
M,115,1970,0.4014598540145985,137,jo_lx_derive
M,116,1970,0.41463414634146345,82,jo_lx_derive
M,117,1970,0.4375,48,jo_lx_derive
M,118,1970,0.4444444444444444,27,jo_lx_derive
M,119,1970,0.4666666666666667,15,jo_lx_derive
M,120,1970,1.0,8,fermeture_hypothese
M,25,1971,0.00038000000000004697,100000,jo_lx_derive
M,26,1971,0.00039014825633743033,99962,jo_lx_derive
M,27,1971,0.00037028511954206866,99923,jo_lx_derive
M,28,1971,0.00038043369441165265,99886,jo_lx_derive
M,29,1971,0.00038057847928851807,99848,jo_lx_derive
M,30,1971,0.000380723374411418,99810,jo_lx_derive
M,31,1971,0.00038086837990614075,99772,jo_lx_derive
M,32,1971,0.0003910401668437702,99734,jo_lx_derive
M,33,1971,0.00040122373238371534,99695,jo_lx_derive
M,34,1971,0.0004114193969193547,99655,jo_lx_derive
M,35,1971,0.0004216274820808552,99614,jo_lx_derive
M,36,1971,0.00044189129474148103,99572,jo_lx_derive
M,37,1971,0.0004621814966642157,99528,jo_lx_derive
M,38,1971,0.00048249934661548366,99482,jo_lx_derive
M,39,1971,0.0005229599533358442,99434,jo_lx_derive
M,40,1971,0.0005534201364432167,99382,jo_lx_derive
M,41,1971,0.0005939976038740191,99327,jo_lx_derive
M,42,1971,0.0006547930853849637,99268,jo_lx_derive
M,43,1971,0.0007358648427970849,99203,jo_lx_derive
M,44,1971,0.0007767577927972891,99130,jo_lx_derive
M,45,1971,0.0008278396414040934,99053,jo_lx_derive
M,46,1971,0.0009194612563275806,98971,jo_lx_derive
M,47,1971,0.0010113268608413772,98880,jo_lx_derive
M,48,1971,0.0010730917189714084,98780,jo_lx_derive
M,49,1971,0.0011249163913492621,98674,jo_lx_derive
M,50,1971,0.0011464748435011662,98563,jo_lx_derive
M,51,1971,0.0012696800406297726,98450,jo_lx_derive
M,52,1971,0.0013729977116704317,98325,jo_lx_derive
M,53,1971,0.001517466137081147,98190,jo_lx_derive
M,54,1971,0.001733968441774314,98041,jo_lx_derive
M,55,1971,0.002002636123059953,97871,jo_lx_derive
M,56,1971,0.002149987202457182,97675,jo_lx_derive
M,57,1971,0.002318781100907996,97465,jo_lx_derive
M,58,1971,0.002457861557605523,97239,jo_lx_derive
M,59,1971,0.0024329896907216986,97000,jo_lx_derive
M,60,1971,0.002459592410400613,96764,jo_lx_derive
M,61,1971,0.0025796158547956027,96526,jo_lx_derive
M,62,1971,0.0026797677534613484,96277,jo_lx_derive
M,63,1971,0.002811943469521627,96019,jo_lx_derive
M,64,1971,0.0031436359648664425,95749,jo_lx_derive
M,65,1971,0.003415472299052924,95448,jo_lx_derive
M,66,1971,0.0036689724774500165,95122,jo_lx_derive
M,67,1971,0.00406233842972159,94773,jo_lx_derive
M,68,1971,0.004555663855574821,94388,jo_lx_derive
M,69,1971,0.005119308627258956,93958,jo_lx_derive
M,70,1971,0.005862404655690656,93477,jo_lx_derive
M,71,1971,0.006607194740070321,92929,jo_lx_derive
M,72,1971,0.00733358609110113,92315,jo_lx_derive
M,73,1971,0.00817346515637618,91638,jo_lx_derive
M,74,1971,0.00887896225065743,90889,jo_lx_derive
M,75,1971,0.009424746342221568,90082,jo_lx_derive
M,76,1971,0.010321293691795685,89233,jo_lx_derive
M,77,1971,0.011017755231452098,88312,jo_lx_derive
M,78,1971,0.012262563116133718,87339,jo_lx_derive
M,79,1971,0.014130384383548966,86268,jo_lx_derive
M,80,1971,0.01641406718479932,85049,jo_lx_derive
M,81,1971,0.01883973079267931,83653,jo_lx_derive
M,82,1971,0.02297842270063477,82077,jo_lx_derive
M,83,1971,0.026100185806387288,80191,jo_lx_derive
M,84,1971,0.030615380675561465,78098,jo_lx_derive
M,85,1971,0.03513545643071314,75707,jo_lx_derive
M,86,1971,0.040727203033663284,73047,jo_lx_derive
M,87,1971,0.04532480876812417,70072,jo_lx_derive
M,88,1971,0.05098959579048079,66896,jo_lx_derive
M,89,1971,0.057903441757895524,63485,jo_lx_derive
M,90,1971,0.06880235416074498,59809,jo_lx_derive
M,91,1971,0.07744101698567174,55694,jo_lx_derive
M,92,1971,0.08732800062279833,51381,jo_lx_derive
M,93,1971,0.09670746790634199,46894,jo_lx_derive
M,94,1971,0.10637644892466769,42359,jo_lx_derive
M,95,1971,0.11763928882783403,37853,jo_lx_derive
M,96,1971,0.12814371257485035,33400,jo_lx_derive
M,97,1971,0.13904532967032968,29120,jo_lx_derive
M,98,1971,0.150293167404571,25071,jo_lx_derive
M,99,1971,0.16190207951931657,21303,jo_lx_derive
M,100,1971,0.17385459840932005,17854,jo_lx_derive
M,101,1971,0.1861016949152542,14750,jo_lx_derive
M,102,1971,0.1988338192419825,12005,jo_lx_derive
M,103,1971,0.21179039301310043,9618,jo_lx_derive
M,104,1971,0.22516818361693713,7581,jo_lx_derive
M,105,1971,0.2388491658154579,5874,jo_lx_derive
M,106,1971,0.2529635428315813,4471,jo_lx_derive
M,107,1971,0.267065868263473,3340,jo_lx_derive
M,108,1971,0.28227124183006536,2448,jo_lx_derive
M,109,1971,0.2965281730221969,1757,jo_lx_derive
M,110,1971,0.3122977346278317,1236,jo_lx_derive
M,111,1971,0.32823529411764707,850,jo_lx_derive
M,112,1971,0.3450087565674256,571,jo_lx_derive
M,113,1971,0.3609625668449198,374,jo_lx_derive
M,114,1971,0.37656903765690375,239,jo_lx_derive
M,115,1971,0.3959731543624161,149,jo_lx_derive
M,116,1971,0.4111111111111111,90,jo_lx_derive
M,117,1971,0.4339622641509434,53,jo_lx_derive
M,118,1971,0.43333333333333335,30,jo_lx_derive
M,119,1971,0.47058823529411764,17,jo_lx_derive
M,120,1971,1.0,9,fermeture_hypothese
M,24,1972,0.00038000000000004697,100000,jo_lx_derive
M,25,1972,0.0003801444548928723,99962,jo_lx_derive
M,26,1972,0.00037028141387451807,99924,jo_lx_derive
M,27,1972,0.00037041857298747427,99887,jo_lx_derive
M,28,1972,0.00037055583375067425,99850,jo_lx_derive
M,29,1972,0.0003706931962770277,99813,jo_lx_derive
M,30,1972,0.00037083066067988835,99776,jo_lx_derive
M,31,1972,0.00037096822707261,99739,jo_lx_derive
M,32,1972,0.0003811357846382757,99702,jo_lx_derive
M,33,1972,0.0003913148177877579,99664,jo_lx_derive
M,34,1972,0.0004015056461731392,99625,jo_lx_derive
M,35,1972,0.00041170859065120524,99585,jo_lx_derive
M,36,1972,0.00043196978220683135,99544,jo_lx_derive
M,37,1972,0.0004522567612386119,99501,jo_lx_derive
M,38,1972,0.00047257078507079164,99456,jo_lx_derive
M,39,1972,0.0005130320192336946,99409,jo_lx_derive
M,40,1972,0.0005334245858410469,99358,jo_lx_derive
M,41,1972,0.0005941291979255636,99305,jo_lx_derive
M,42,1972,0.0006347862886161293,99246,jo_lx_derive
M,43,1972,0.0007057661091114387,99183,jo_lx_derive
M,44,1972,0.000766801529567207,99113,jo_lx_derive
M,45,1972,0.0008077789109121047,99037,jo_lx_derive
M,46,1972,0.0008993805390220544,98957,jo_lx_derive
M,47,1972,0.0009912206173888771,98868,jo_lx_derive
M,48,1972,0.0010529513010023583,98770,jo_lx_derive
M,49,1972,0.0010946019905540005,98666,jo_lx_derive
M,50,1972,0.0011160940765843064,98558,jo_lx_derive
M,51,1972,0.0012392328945229902,98448,jo_lx_derive
M,52,1972,0.0013424729979862882,98326,jo_lx_derive
M,53,1972,0.0014868525571827274,98194,jo_lx_derive
M,54,1972,0.001693048302872091,98048,jo_lx_derive
M,55,1972,0.0019615455344189625,97882,jo_lx_derive
M,56,1972,0.0020984747671204396,97690,jo_lx_derive
M,57,1972,0.002277273426681048,97485,jo_lx_derive
M,58,1972,0.0024058480614416178,97263,jo_lx_derive
M,59,1972,0.002360119139638628,97029,jo_lx_derive
M,60,1972,0.002417355371900798,96800,jo_lx_derive
M,61,1972,0.0025164136445540164,96566,jo_lx_derive
M,62,1972,0.0026161975852081465,96323,jo_lx_derive
M,63,1972,0.002747967648926264,96071,jo_lx_derive
M,64,1972,0.0030791069546066696,95807,jo_lx_derive
M,65,1972,0.0033294245749224682,95512,jo_lx_derive
M,66,1972,0.0035926634031556715,95194,jo_lx_derive
M,67,1972,0.003964070341163084,94852,jo_lx_derive
M,68,1972,0.004456158177738256,94476,jo_lx_derive
M,69,1972,0.004997076178831494,94055,jo_lx_derive
M,70,1972,0.005738099054335644,93585,jo_lx_derive
M,71,1972,0.006469779038775658,93048,jo_lx_derive
M,72,1972,0.007171754321441681,92446,jo_lx_derive
M,73,1972,0.008008018914178017,91783,jo_lx_derive
M,74,1972,0.008687725155961723,91048,jo_lx_derive
M,75,1972,0.009218121586137329,90257,jo_lx_derive
M,76,1972,0.010109029913335177,89425,jo_lx_derive
M,77,1972,0.010788400492538486,88521,jo_lx_derive
M,78,1972,0.011990955393645919,87566,jo_lx_derive
M,79,1972,0.013847149660178415,86516,jo_lx_derive
M,80,1972,0.016081014557303264,85318,jo_lx_derive
M,81,1972,0.018464250827913142,83946,jo_lx_derive
M,82,1972,0.02254963833195789,82396,jo_lx_derive
M,83,1972,0.025627654026670665,80538,jo_lx_derive
M,84,1972,0.030086398042663776,78474,jo_lx_derive
M,85,1972,0.03454074862375678,76113,jo_lx_derive
M,86,1972,0.04007675140166567,73484,jo_lx_derive
M,87,1972,0.044599441443740395,70539,jo_lx_derive
M,88,1972,0.05021293012627426,67393,jo_lx_derive
M,89,1972,0.057054476714212043,64009,jo_lx_derive
M,90,1972,0.06782974634259487,60357,jo_lx_derive
M,91,1972,0.07637346035582893,56263,jo_lx_derive
M,92,1972,0.08611399761382443,51966,jo_lx_derive
M,93,1972,0.09536543766187278,47491,jo_lx_derive
M,94,1972,0.10495321446860018,42962,jo_lx_derive
M,95,1972,0.11608977192936831,38453,jo_lx_derive
M,96,1972,0.12648209714907765,33989,jo_lx_derive
M,97,1972,0.13725159986527447,29690,jo_lx_derive
M,98,1972,0.1484286550849112,25615,jo_lx_derive
M,99,1972,0.15990464401962134,21813,jo_lx_derive
M,100,1972,0.171787175989086,18325,jo_lx_derive
M,101,1972,0.18396257494893586,15177,jo_lx_derive
M,102,1972,0.19652805813484053,12385,jo_lx_derive
M,103,1972,0.2094261883227816,9951,jo_lx_derive
M,104,1972,0.22270242786322614,7867,jo_lx_derive
M,105,1972,0.2363041700735895,6115,jo_lx_derive
M,106,1972,0.2501070663811563,4670,jo_lx_derive
M,107,1972,0.2644203312392919,3502,jo_lx_derive
M,108,1972,0.2791149068322981,2576,jo_lx_derive
M,109,1972,0.29402261712439415,1857,jo_lx_derive
M,110,1972,0.3096872616323417,1311,jo_lx_derive
M,111,1972,0.3248618784530387,905,jo_lx_derive
M,112,1972,0.34042553191489366,611,jo_lx_derive
M,113,1972,0.35732009925558317,403,jo_lx_derive
M,114,1972,0.37451737451737455,259,jo_lx_derive
M,115,1972,0.38888888888888884,162,jo_lx_derive
M,116,1972,0.4040404040404041,99,jo_lx_derive
M,117,1972,0.423728813559322,59,jo_lx_derive
M,118,1972,0.4411764705882353,34,jo_lx_derive
M,119,1972,0.4736842105263158,19,jo_lx_derive
M,120,1972,1.0,10,fermeture_hypothese
M,23,1973,0.00038000000000004697,100000,jo_lx_derive
M,24,1973,0.00037014065344831426,99962,jo_lx_derive
M,25,1973,0.00036027020265194665,99925,jo_lx_derive
M,26,1973,0.0003704111563835877,99889,jo_lx_derive
M,27,1973,0.0003605335897127748,99852,jo_lx_derive
M,28,1973,0.0003606636210627956,99816,jo_lx_derive
M,29,1973,0.00036079374624176097,99780,jo_lx_derive
M,30,1973,0.00036092396535125637,99744,jo_lx_derive
M,31,1973,0.00037108356400694653,99708,jo_lx_derive
M,32,1973,0.00037122131813671633,99671,jo_lx_derive
M,33,1973,0.0003813959090270824,99634,jo_lx_derive
M,34,1973,0.00039158199124467163,99596,jo_lx_derive
M,35,1973,0.00040177988489009664,99557,jo_lx_derive
M,36,1973,0.0004220384456926629,99517,jo_lx_derive
M,37,1973,0.00044232219150541763,99475,jo_lx_derive
M,38,1973,0.00046263237823218617,99431,jo_lx_derive
M,39,1973,0.0004930321477084609,99385,jo_lx_derive
M,40,1973,0.0005335427236852208,99336,jo_lx_derive
M,41,1973,0.0005741164146934041,99283,jo_lx_derive
M,42,1973,0.00062483623243903,99226,jo_lx_derive
M,43,1973,0.0006958170303739131,99164,jo_lx_derive
M,44,1973,0.000736666834855404,99095,jo_lx_derive
M,45,1973,0.0007978025085334517,99022,jo_lx_derive
M,46,1973,0.0008792941390497466,98943,jo_lx_derive
M,47,1973,0.0009711094925952679,98856,jo_lx_derive
M,48,1973,0.0010226812474686264,98760,jo_lx_derive
M,49,1973,0.0010744078087148168,98659,jo_lx_derive
M,50,1973,0.0010857102269844487,98553,jo_lx_derive
M,51,1973,0.0012189423643418351,98446,jo_lx_derive
M,52,1973,0.0013017919980473636,98326,jo_lx_derive
M,53,1973,0.0014460579645206861,98198,jo_lx_derive
M,54,1973,0.001662315411601556,98056,jo_lx_derive
M,55,1973,0.0019204641802784694,97893,jo_lx_derive
M,56,1973,0.002046978148508294,97705,jo_lx_derive
M,57,1973,0.0022255268960565955,97505,jo_lx_derive
M,58,1973,0.002353836033220924,97288,jo_lx_derive
M,59,1973,0.0023181776033134316,97059,jo_lx_derive
M,60,1973,0.002354544891257193,96834,jo_lx_derive
M,61,1973,0.0024636150963708303,96606,jo_lx_derive
M,62,1973,0.002552714594056149,96368,jo_lx_derive
M,63,1973,0.0026840889702669513,96122,jo_lx_derive
M,64,1973,0.00300425602937493,95864,jo_lx_derive
M,65,1973,0.003253954967774364,95576,jo_lx_derive
M,66,1973,0.0035165065868891787,95265,jo_lx_derive
M,67,1973,0.003876540608869661,94930,jo_lx_derive
M,68,1973,0.004356929844969493,94562,jo_lx_derive
M,69,1973,0.004885820499203386,94150,jo_lx_derive
M,70,1973,0.005614259792934173,93690,jo_lx_derive
M,71,1973,0.006322184534798825,93164,jo_lx_derive
M,72,1973,0.007021334053470163,92575,jo_lx_derive
M,73,1973,0.007832472124014167,91925,jo_lx_derive
M,74,1973,0.008508305465709132,91205,jo_lx_derive
M,75,1973,0.009023653916332197,90429,jo_lx_derive
M,76,1973,0.009898117460636291,89613,jo_lx_derive
M,77,1973,0.010549331650249072,88726,jo_lx_derive
M,78,1973,0.011743934388882549,87790,jo_lx_derive
M,79,1973,0.013566315886536229,86759,jo_lx_derive
M,80,1973,0.015750975672454537,85582,jo_lx_derive
M,81,1973,0.01810432841845333,84234,jo_lx_derive
M,82,1973,0.022125766240675193,82709,jo_lx_derive
M,83,1973,0.025173407188516128,80879,jo_lx_derive
M,84,1973,0.02955240160825945,78843,jo_lx_derive
M,85,1973,0.033955014180596765,76513,jo_lx_derive
M,86,1973,0.0394371913684638,73915,jo_lx_derive
M,87,1973,0.043887323943662016,71000,jo_lx_derive
M,88,1973,0.049452006363797096,67884,jo_lx_derive
M,89,1973,0.05620902877865075,64527,jo_lx_derive
M,90,1973,0.06686371100164201,60900,jo_lx_derive
M,91,1973,0.07531498557049343,56828,jo_lx_derive
M,92,1973,0.08493187181243811,52548,jo_lx_derive
M,93,1973,0.09404180097743575,48085,jo_lx_derive
M,94,1973,0.1035511787526111,43563,jo_lx_derive
M,95,1973,0.11451398135818913,39052,jo_lx_derive
M,96,1973,0.12486986697513014,34580,jo_lx_derive
M,97,1973,0.13551648932654814,30262,jo_lx_derive
M,98,1973,0.1465540308092198,26161,jo_lx_derive
M,99,1973,0.15797017064540686,22327,jo_lx_derive
M,100,1973,0.1696808510638298,18800,jo_lx_derive
M,101,1973,0.1818705957719411,15610,jo_lx_derive
M,102,1973,0.19426826403570585,12771,jo_lx_derive
M,103,1973,0.20699708454810495,10290,jo_lx_derive
M,104,1973,0.2202205882352941,8160,jo_lx_derive
M,105,1973,0.23369479805123372,6363,jo_lx_derive
M,106,1973,0.2475389663658737,4876,jo_lx_derive
M,107,1973,0.2616516762060507,3669,jo_lx_derive
M,108,1973,0.27648578811369506,2709,jo_lx_derive
M,109,1973,0.2908163265306123,1960,jo_lx_derive
M,110,1973,0.30647482014388494,1390,jo_lx_derive
M,111,1973,0.32157676348547715,964,jo_lx_derive
M,112,1973,0.3379204892966361,654,jo_lx_derive
M,113,1973,0.3533487297921478,433,jo_lx_derive
M,114,1973,0.37142857142857144,280,jo_lx_derive
M,115,1973,0.38636363636363635,176,jo_lx_derive
M,116,1973,0.40740740740740744,108,jo_lx_derive
M,117,1973,0.421875,64,jo_lx_derive
M,118,1973,0.43243243243243246,37,jo_lx_derive
M,119,1973,0.47619047619047616,21,jo_lx_derive
M,120,1973,1.0,11,fermeture_hypothese
M,22,1974,0.00036999999999998145,100000,jo_lx_derive
M,23,1974,0.0003701369506717844,99963,jo_lx_derive
M,24,1974,0.0003602665972819441,99926,jo_lx_derive
M,25,1974,0.00036039643607965743,99890,jo_lx_derive
M,26,1974,0.00036052636849803754,99854,jo_lx_derive
M,27,1974,0.0003506381614538645,99818,jo_lx_derive
M,28,1974,0.000350761151699186,99783,jo_lx_derive
M,29,1974,0.0003508842282552438,99748,jo_lx_derive
M,30,1974,0.000361036173818885,99713,jo_lx_derive
M,31,1974,0.0003611665680146592,99677,jo_lx_derive
M,32,1974,0.000361297056432619,99641,jo_lx_derive
M,33,1974,0.000371467295818495,99605,jo_lx_derive
M,34,1974,0.0003816487224811427,99568,jo_lx_derive
M,35,1974,0.00040188887772529824,99530,jo_lx_derive
M,36,1974,0.00041210171876571167,99490,jo_lx_derive
M,37,1974,0.00042232702189060056,99449,jo_lx_derive
M,38,1974,0.000452684418602356,99407,jo_lx_derive
M,39,1974,0.00048308206356550976,99362,jo_lx_derive
M,40,1974,0.000523591840022597,99314,jo_lx_derive
M,41,1974,0.000554089178134598,99262,jo_lx_derive
M,42,1974,0.0006148759664136305,99207,jo_lx_derive
M,43,1974,0.0006757710850664456,99146,jo_lx_derive
M,44,1974,0.0007266928410661899,99079,jo_lx_derive
M,45,1974,0.0007777227872776127,99007,jo_lx_derive
M,46,1974,0.0008591933690488274,98930,jo_lx_derive
M,47,1974,0.0009509838636249102,98845,jo_lx_derive
M,48,1974,0.0009923950137213922,98751,jo_lx_derive
M,49,1974,0.0010542000750103364,98653,jo_lx_derive
M,50,1974,0.001065459822017445,98549,jo_lx_derive
M,51,1974,0.001178334890902466,98444,jo_lx_derive
M,52,1974,0.0012814254332438324,98328,jo_lx_derive
M,53,1974,0.0014154497871733396,98202,jo_lx_derive
M,54,1974,0.0016214066467474808,98063,jo_lx_derive
M,55,1974,0.0018793920575257417,97904,jo_lx_derive
M,56,1974,0.0020057306590257618,97720,jo_lx_derive
M,57,1974,0.0021738238792502473,97524,jo_lx_derive
M,58,1974,0.00230187438342655,97312,jo_lx_derive
M,59,1974,0.0022659854976928573,97088,jo_lx_derive
M,60,1974,0.002302101829293468,96868,jo_lx_derive
M,61,1974,0.002400538051632317,96645,jo_lx_derive
M,62,1974,0.002499662908528988,96413,jo_lx_derive
M,63,1974,0.0026203052863619236,96172,jo_lx_derive
M,64,1974,0.0029399499582986044,95920,jo_lx_derive
M,65,1974,0.0031786528367385714,95638,jo_lx_derive
M,66,1974,0.0034300459437346387,95334,jo_lx_derive
M,67,1974,0.00378919448040671,95007,jo_lx_derive
M,68,1974,0.004257926822825886,94647,jo_lx_derive
M,69,1974,0.004785450532659885,94244,jo_lx_derive
M,70,1974,0.0054908148795752565,93793,jo_lx_derive
M,71,1974,0.0061858101588798675,93278,jo_lx_derive
M,72,1974,0.006871554783659306,92701,jo_lx_derive
M,73,1974,0.007668578380257252,92064,jo_lx_derive
M,74,1974,0.00831892116727595,91358,jo_lx_derive
M,75,1974,0.008841254773836016,90598,jo_lx_derive
M,76,1974,0.009677383431517805,89797,jo_lx_derive
M,77,1974,0.010334202950701643,88928,jo_lx_derive
M,78,1974,0.011498823983910778,88009,jo_lx_derive
M,79,1974,0.013276319873099074,86997,jo_lx_derive
M,80,1974,0.01543533468465319,85842,jo_lx_derive
M,81,1974,0.01774790870475762,84517,jo_lx_derive
M,82,1974,0.02171844321042682,83017,jo_lx_derive
M,83,1974,0.024712487994680732,81214,jo_lx_derive
M,84,1974,0.029037837564861668,79207,jo_lx_derive
M,85,1974,0.03339097871455132,76907,jo_lx_derive
M,86,1974,0.038795248792692916,74339,jo_lx_derive
M,87,1974,0.043188020432439966,71455,jo_lx_derive
M,88,1974,0.04869165850019741,68369,jo_lx_derive
M,89,1974,0.055381303813038185,65040,jo_lx_derive
M,90,1974,0.06592011458706337,61438,jo_lx_derive
M,91,1974,0.07426639715619987,57388,jo_lx_derive
M,92,1974,0.0837443059895343,53126,jo_lx_derive
M,93,1974,0.09275427820120385,48677,jo_lx_derive
M,94,1974,0.10214664190933387,44162,jo_lx_derive
M,95,1974,0.1130110211596177,39651,jo_lx_derive
M,96,1974,0.12320159226613592,35170,jo_lx_derive
M,97,1974,0.13380030482861494,30837,jo_lx_derive
M,98,1974,0.14473437909475495,26711,jo_lx_derive
M,99,1974,0.1560516524403589,22845,jo_lx_derive
M,100,1974,0.1676867219917012,19280,jo_lx_derive
M,101,1974,0.17965974948588526,16047,jo_lx_derive
M,102,1974,0.19203889395320572,13164,jo_lx_derive
M,103,1974,0.20477623166603987,10636,jo_lx_derive
M,104,1974,0.21778198155592343,8458,jo_lx_derive
M,105,1974,0.23125755743651755,6616,jo_lx_derive
M,106,1974,0.24478961856075498,5086,jo_lx_derive
M,107,1974,0.2590471231450143,3841,jo_lx_derive
M,108,1974,0.2733661278988053,2846,jo_lx_derive
M,109,1974,0.28820116054158607,2068,jo_lx_derive
M,110,1974,0.3036684782608695,1472,jo_lx_derive
M,111,1974,0.3180487804878048,1025,jo_lx_derive
M,112,1974,0.33476394849785407,699,jo_lx_derive
M,113,1974,0.3505376344086022,465,jo_lx_derive
M,114,1974,0.3675496688741722,302,jo_lx_derive
M,115,1974,0.38219895287958117,191,jo_lx_derive
M,116,1974,0.39830508474576276,118,jo_lx_derive
M,117,1974,0.4225352112676056,71,jo_lx_derive
M,118,1974,0.4390243902439024,41,jo_lx_derive
M,119,1974,0.4347826086956522,23,jo_lx_derive
M,120,1974,1.0,13,fermeture_hypothese
M,21,1975,0.00036999999999998145,100000,jo_lx_derive
M,22,1975,0.0003701369506717844,99963,jo_lx_derive
M,23,1975,0.0003602665972819441,99926,jo_lx_derive
M,24,1975,0.0003503854239663706,99890,jo_lx_derive
M,25,1975,0.000350508236943603,99855,jo_lx_derive
M,26,1975,0.0003506311360448322,99820,jo_lx_derive
M,27,1975,0.0003407325750363066,99785,jo_lx_derive
M,28,1975,0.0003508736754518349,99751,jo_lx_derive
M,29,1975,0.00034096835011432347,99716,jo_lx_derive
M,30,1975,0.0003511165506310254,99682,jo_lx_derive
M,31,1975,0.00035123987676499713,99647,jo_lx_derive
M,32,1975,0.00035136328956353324,99612,jo_lx_derive
M,33,1975,0.00036152926880705927,99577,jo_lx_derive
M,34,1975,0.0003817522427944642,99541,jo_lx_derive
M,35,1975,0.000381898033225081,99503,jo_lx_derive
M,36,1975,0.0004021515105816498,99465,jo_lx_derive
M,37,1975,0.00042242896655775297,99425,jo_lx_derive
M,38,1975,0.0004427316543070825,99383,jo_lx_derive
M,39,1975,0.0004731273719283946,99339,jo_lx_derive
M,40,1975,0.0005035652419127512,99292,jo_lx_derive
M,41,1975,0.0005441244634327713,99242,jo_lx_derive
M,42,1975,0.0005948300197604617,99188,jo_lx_derive
M,43,1975,0.0006657991102503313,99129,jo_lx_derive
M,44,1975,0.0007167156254100915,99063,jo_lx_derive
M,45,1975,0.0007576369807661409,98992,jo_lx_derive
M,46,1975,0.0008390873156282064,98917,jo_lx_derive
M,47,1975,0.0009207357791852777,98834,jo_lx_derive
M,48,1975,0.0009823481158157676,98743,jo_lx_derive
M,49,1975,0.00102386310646152,98646,jo_lx_derive
M,50,1975,0.0010452077730985776,98545,jo_lx_derive
M,51,1975,0.0011478840332378448,98442,jo_lx_derive
M,52,1975,0.0012509025821476616,98329,jo_lx_derive
M,53,1975,0.0013848441032116021,98206,jo_lx_derive
M,54,1975,0.0015907005200367363,98070,jo_lx_derive
M,55,1975,0.0018281348938864461,97914,jo_lx_derive
M,56,1975,0.0019644958305622406,97735,jo_lx_derive
M,57,1975,0.0021221410044800493,97543,jo_lx_derive
M,58,1975,0.002249938357853254,97336,jo_lx_derive
M,59,1975,0.0022138245621260433,97117,jo_lx_derive
M,60,1975,0.0022496955687189013,96902,jo_lx_derive
M,61,1975,0.002358197840387266,96684,jo_lx_derive
M,62,1975,0.0024259766110973358,96456,jo_lx_derive
M,63,1975,0.002577373157905627,96222,jo_lx_derive
M,64,1975,0.0028653593681622347,95974,jo_lx_derive
M,65,1975,0.0031034807051275592,95699,jo_lx_derive
M,66,1975,0.003354227374688157,95402,jo_lx_derive
M,67,1975,0.003702067688942212,95082,jo_lx_derive
M,68,1975,0.004169745592737306,94730,jo_lx_derive
M,69,1975,0.004674829066624309,94335,jo_lx_derive
M,70,1975,0.005367755128123153,93894,jo_lx_derive
M,71,1975,0.006049898276046739,93390,jo_lx_derive
M,72,1975,0.006722326959332059,92825,jo_lx_derive
M,73,1975,0.00750534159065519,92201,jo_lx_derive
M,74,1975,0.008152203608388198,91509,jo_lx_derive
M,75,1975,0.00864889878034003,90763,jo_lx_derive
M,76,1975,0.009468981306541613,89978,jo_lx_derive
M,77,1975,0.010120503556762306,89126,jo_lx_derive
M,78,1975,0.011244105912223468,88224,jo_lx_derive
M,79,1975,0.013011280264123237,87232,jo_lx_derive
M,80,1975,0.015134092941682109,86097,jo_lx_derive
M,81,1975,0.01739509870981437,84794,jo_lx_derive
M,82,1975,0.021303664230247654,83319,jo_lx_derive
M,83,1975,0.024256842931423495,81544,jo_lx_derive
M,84,1975,0.028542342206470117,79566,jo_lx_derive
M,85,1975,0.03282230415938936,77295,jo_lx_derive
M,86,1975,0.03816313973086494,74758,jo_lx_derive
M,87,1975,0.04251442876016964,71905,jo_lx_derive
M,88,1975,0.04794620032535435,68848,jo_lx_derive
M,89,1975,0.05457152882664351,65547,jo_lx_derive
M,90,1975,0.06496691947716637,61970,jo_lx_derive
M,91,1975,0.07322587325693775,57944,jo_lx_derive
M,92,1975,0.08260553807191673,53701,jo_lx_derive
M,93,1975,0.09146452856997866,49265,jo_lx_derive
M,94,1975,0.10073951607497933,44759,jo_lx_derive
M,95,1975,0.11152795031055895,40250,jo_lx_derive
M,96,1975,0.12161293028718434,35761,jo_lx_derive
M,97,1975,0.13208328027505412,31412,jo_lx_derive
M,98,1975,0.14294098228368113,27263,jo_lx_derive
M,99,1975,0.15411281348968586,23366,jo_lx_derive
M,100,1975,0.16569693903364535,19765,jo_lx_derive
M,101,1975,0.17756215888417226,16490,jo_lx_derive
M,102,1975,0.18986875092169297,13562,jo_lx_derive
M,103,1975,0.20242104305087827,10987,jo_lx_derive
M,104,1975,0.21545132945338352,8763,jo_lx_derive
M,105,1975,0.22865454545454544,6875,jo_lx_derive
M,106,1975,0.24231567037525925,5303,jo_lx_derive
M,107,1975,0.2563464410154306,4018,jo_lx_derive
M,108,1975,0.2707496653279786,2988,jo_lx_derive
M,109,1975,0.28545204222120235,2179,jo_lx_derive
M,110,1975,0.2999357739242132,1557,jo_lx_derive
M,111,1975,0.3155963302752294,1090,jo_lx_derive
M,112,1975,0.3324396782841823,746,jo_lx_derive
M,113,1975,0.3473895582329317,498,jo_lx_derive
M,114,1975,0.3630769230769231,325,jo_lx_derive
M,115,1975,0.3816425120772947,207,jo_lx_derive
M,116,1975,0.3984375,128,jo_lx_derive
M,117,1975,0.4155844155844156,77,jo_lx_derive
M,118,1975,0.4222222222222223,45,jo_lx_derive
M,119,1975,0.46153846153846156,26,jo_lx_derive
M,120,1975,1.0,14,fermeture_hypothese
M,20,1976,0.00036999999999998145,100000,jo_lx_derive
M,21,1976,0.0003701369506717844,99963,jo_lx_derive
M,22,1976,0.0003502591918019826,99926,jo_lx_derive
M,23,1976,0.0003503819162887778,99891,jo_lx_derive
M,24,1976,0.00035050472680664413,99856,jo_lx_derive
M,25,1976,0.0003406096913475265,99821,jo_lx_derive
M,26,1976,0.0003407257458386548,99787,jo_lx_derive
M,27,1976,0.0003408418794422774,99753,jo_lx_derive
M,28,1976,0.00033092991305572195,99719,jo_lx_derive
M,29,1976,0.00034107096282331995,99686,jo_lx_derive
M,30,1976,0.00034118733191501605,99652,jo_lx_derive
M,31,1976,0.0003413037804412822,99618,jo_lx_derive
M,32,1976,0.00035146208226222164,99584,jo_lx_derive
M,33,1976,0.000351585651287345,99549,jo_lx_derive
M,34,1976,0.0003617581445827245,99514,jo_lx_derive
M,35,1976,0.0003819940087255169,99478,jo_lx_derive
M,36,1976,0.00039219629927589317,99440,jo_lx_derive
M,37,1976,0.00041247069948990855,99401,jo_lx_derive
M,38,1976,0.0004327697262479502,99360,jo_lx_derive
M,39,1976,0.0004631634060634493,99317,jo_lx_derive
M,40,1976,0.0004935983318391512,99271,jo_lx_derive
M,41,1976,0.0005341557315917678,99222,jo_lx_derive
M,42,1976,0.0005747763918160231,99169,jo_lx_derive
M,43,1976,0.0006558237145855017,99112,jo_lx_derive
M,44,1976,0.00068654275243063,99047,jo_lx_derive
M,45,1976,0.0007476333363642951,98979,jo_lx_derive
M,46,1976,0.0008189676962742087,98905,jo_lx_derive
M,47,1976,0.0009005909495669595,98824,jo_lx_derive
M,48,1976,0.00096217146908395,98735,jo_lx_derive
M,49,1976,0.0009935117599351173,98640,jo_lx_derive
M,50,1976,0.001024943678837431,98542,jo_lx_derive
M,51,1976,0.0011275789559228588,98441,jo_lx_derive
M,52,1976,0.0012203803518763268,98330,jo_lx_derive
M,53,1976,0.0013542409123307175,98210,jo_lx_derive
M,54,1976,0.0015498027060371067,98077,jo_lx_derive
M,55,1976,0.0017870819504722801,97925,jo_lx_derive
M,56,1976,0.0019232736572889486,97750,jo_lx_derive
M,57,1976,0.002080728152354383,97562,jo_lx_derive
M,58,1976,0.0021980505140767326,97359,jo_lx_derive
M,59,1976,0.0021617170209480285,97145,jo_lx_derive
M,60,1976,0.0021973487388455837,96935,jo_lx_derive
M,61,1976,0.002305576807758336,96722,jo_lx_derive
M,62,1976,0.002373081586337644,96499,jo_lx_derive
M,63,1976,0.0025137633738443466,96270,jo_lx_derive
M,64,1976,0.0028012662973299074,96028,jo_lx_derive
M,65,1976,0.0030388788521182875,95759,jo_lx_derive
M,66,1976,0.0032681107805756504,95468,jo_lx_derive
M,67,1976,0.0036256252889991236,95156,jo_lx_derive
M,68,1976,0.004071257554503216,94811,jo_lx_derive
M,69,1976,0.004564469155414308,94425,jo_lx_derive
M,70,1976,0.005255654616252103,93994,jo_lx_derive
M,71,1976,0.005925133689839601,93500,jo_lx_derive
M,72,1976,0.0065737094657112305,92946,jo_lx_derive
M,73,1976,0.007353657876211672,92335,jo_lx_derive
M,74,1976,0.007975473509644782,91656,jo_lx_derive
M,75,1976,0.00845751993401156,90925,jo_lx_derive
M,76,1976,0.009272816007808715,90156,jo_lx_derive
M,77,1976,0.009896999552171937,89320,jo_lx_derive
M,78,1976,0.011024921977475288,88436,jo_lx_derive
M,79,1976,0.012725672013811917,87461,jo_lx_derive
M,80,1976,0.014835317552230554,86348,jo_lx_derive
M,81,1976,0.017057143193012547,85067,jo_lx_derive
M,82,1976,0.020905089934940668,83616,jo_lx_derive
M,83,1976,0.023818830312209882,81868,jo_lx_derive
M,84,1976,0.028041242273330158,79918,jo_lx_derive
M,85,1976,0.03227467590148947,77677,jo_lx_derive
M,86,1976,0.03754157243581213,75170,jo_lx_derive
M,87,1976,0.041839442693647366,72348,jo_lx_derive
M,88,1976,0.04720070397137954,69321,jo_lx_derive
M,89,1976,0.05376311526291089,66049,jo_lx_derive
M,90,1976,0.06403404908957089,62498,jo_lx_derive
M,91,1976,0.07221006564551424,58496,jo_lx_derive
M,92,1976,0.08146005306603776,54272,jo_lx_derive
M,93,1976,0.09018876251228658,49851,jo_lx_derive
M,94,1976,0.09939367214199091,45355,jo_lx_derive
M,95,1976,0.11002031972972315,40847,jo_lx_derive
M,96,1976,0.12004511319560973,36353,jo_lx_derive
M,97,1976,0.1304198318171872,31989,jo_lx_derive
M,98,1976,0.14113671495847868,27817,jo_lx_derive
M,99,1976,0.15227491524004855,23891,jo_lx_derive
M,100,1976,0.163679454895571,20253,jo_lx_derive
M,101,1976,0.175522493800921,16938,jo_lx_derive
M,102,1976,0.18768349445041177,13965,jo_lx_derive
M,103,1976,0.20019393511988715,11344,jo_lx_derive
M,104,1976,0.21304970792461153,9073,jo_lx_derive
M,105,1976,0.22619047619047616,7140,jo_lx_derive
M,106,1976,0.23981900452488691,5525,jo_lx_derive
M,107,1976,0.2538095238095238,4200,jo_lx_derive
M,108,1976,0.2680280791320996,3134,jo_lx_derive
M,109,1976,0.2824760244115083,2294,jo_lx_derive
M,110,1976,0.29708383961117857,1646,jo_lx_derive
M,111,1976,0.3128781331028522,1157,jo_lx_derive
M,112,1976,0.32830188679245287,795,jo_lx_derive
M,113,1976,0.34456928838951306,534,jo_lx_derive
M,114,1976,0.36,350,jo_lx_derive
M,115,1976,0.3794642857142857,224,jo_lx_derive
M,116,1976,0.39568345323741005,139,jo_lx_derive
M,117,1976,0.40476190476190477,84,jo_lx_derive
M,118,1976,0.43999999999999995,50,jo_lx_derive
M,119,1976,0.4285714285714286,28,jo_lx_derive
M,120,1976,1.0,16,fermeture_hypothese
M,19,1977,0.00034999999999996145,100000,jo_lx_derive
M,20,1977,0.0003701295453408804,99965,jo_lx_derive
M,21,1977,0.00035025218157069826,99928,jo_lx_derive
M,22,1977,0.00035037490114420144,99893,jo_lx_derive
M,23,1977,0.0003404834865509132,99858,jo_lx_derive
M,24,1977,0.00034059945504083533,99824,jo_lx_derive
M,25,1977,0.00033069445836253486,99790,jo_lx_derive
M,26,1977,0.00034082821255654316,99757,jo_lx_derive
M,27,1977,0.00032088886214820533,99723,jo_lx_derive
M,28,1977,0.0003310228606393517,99691,jo_lx_derive
M,29,1977,0.0003311324730578269,99658,jo_lx_derive
M,30,1977,0.0003312421580928815,99625,jo_lx_derive
M,31,1977,0.000331351915816569,99592,jo_lx_derive
M,32,1977,0.0003415060416436244,99559,jo_lx_derive
M,33,1977,0.00035167043456418856,99525,jo_lx_derive
M,34,1977,0.0003517941501658406,99490,jo_lx_derive
M,35,1977,0.0003720275501483128,99455,jo_lx_derive
M,36,1977,0.00038222454686276386,99418,jo_lx_derive
M,37,1977,0.0004024954719259455,99380,jo_lx_derive
M,38,1977,0.0004227904167505292,99340,jo_lx_derive
M,39,1977,0.0004531813329573531,99298,jo_lx_derive
M,40,1977,0.00048361258601758994,99253,jo_lx_derive
M,41,1977,0.000524167128672981,99205,jo_lx_derive
M,42,1977,0.00056478371809221,99153,jo_lx_derive
M,43,1977,0.0006357407388719594,99097,jo_lx_derive
M,44,1977,0.0006765353313004097,99034,jo_lx_derive
M,45,1977,0.000727515232350151,98967,jo_lx_derive
M,46,1977,0.0007988270387785379,98895,jo_lx_derive
M,47,1977,0.000880424222797882,98816,jo_lx_derive
M,48,1977,0.0009419724700948651,98729,jo_lx_derive
M,49,1977,0.0009732754775132468,98636,jo_lx_derive
M,50,1977,0.0009945199918814929,98540,jo_lx_derive
M,51,1977,0.0011072509701144373,98442,jo_lx_derive
M,52,1977,0.0011898345418119849,98333,jo_lx_derive
M,53,1977,0.0013236132605685125,98216,jo_lx_derive
M,54,1977,0.001519075097363487,98086,jo_lx_derive
M,55,1977,0.0017460204008699076,97937,jo_lx_derive
M,56,1977,0.0018820448826790681,97766,jo_lx_derive
M,57,1977,0.002029062736980225,97582,jo_lx_derive
M,58,1977,0.0021564117308797703,97384,jo_lx_derive
M,59,1977,0.0021096177989997633,97174,jo_lx_derive
M,60,1977,0.0021450154172982794,96969,jo_lx_derive
M,61,1977,0.00225297382209777,96761,jo_lx_derive
M,62,1977,0.0023202096475145595,96543,jo_lx_derive
M,63,1977,0.0024501915509920202,96319,jo_lx_derive
M,64,1977,0.0027476244496945634,96083,jo_lx_derive
M,65,1977,0.0029639215604421176,95819,jo_lx_derive
M,66,1977,0.00320301460197836,95535,jo_lx_derive
M,67,1977,0.0035283369561792677,95229,jo_lx_derive
M,68,1977,0.00398343397300116,94893,jo_lx_derive
M,69,1977,0.004475480082526628,94515,jo_lx_derive
M,70,1977,0.005133273817115147,94092,jo_lx_derive
M,71,1977,0.005800724289331205,93609,jo_lx_derive
M,72,1977,0.006436292523585463,93066,jo_lx_derive
M,73,1977,0.007191754896341385,92467,jo_lx_derive
M,74,1977,0.007799394348707023,91802,jo_lx_derive
M,75,1977,0.008288869859253922,91086,jo_lx_derive
M,76,1977,0.009077725254895919,90331,jo_lx_derive
M,77,1977,0.00968596038475722,89511,jo_lx_derive
M,78,1977,0.010784711881232756,88644,jo_lx_derive
M,79,1977,0.012464647386187355,87688,jo_lx_derive
M,80,1977,0.014527397655753838,86595,jo_lx_derive
M,81,1977,0.016721937729238245,85337,jo_lx_derive
M,82,1977,0.02052198784411874,83910,jo_lx_derive
M,83,1977,0.023385409062150142,82188,jo_lx_derive
M,84,1977,0.027558368424986934,80266,jo_lx_derive
M,85,1977,0.031721628616086295,78054,jo_lx_derive
M,86,1977,0.03692873587551937,75578,jo_lx_derive
M,87,1977,0.041188673801640374,72787,jo_lx_derive
M,88,1977,0.04646864118987237,69789,jo_lx_derive
M,89,1977,0.05297087728789107,66546,jo_lx_derive
M,90,1977,0.06312181653734472,63021,jo_lx_derive
M,91,1977,0.07118540724556677,59043,jo_lx_derive
M,92,1977,0.08032458059810355,54840,jo_lx_derive
M,93,1977,0.0889461683354813,50435,jo_lx_derive
M,94,1977,0.09804348299201293,45949,jo_lx_derive
M,95,1977,0.1085561239262619,41444,jo_lx_derive
M,96,1977,0.11847340641494108,36945,jo_lx_derive
M,97,1977,0.1287460083517563,32568,jo_lx_derive
M,98,1977,0.13941850220264318,28375,jo_lx_derive
M,99,1977,0.15037470821900978,24419,jo_lx_derive
M,100,1977,0.16175832650503685,20747,jo_lx_derive
M,101,1977,0.1734805359093784,17391,jo_lx_derive
M,102,1977,0.18554334214554058,14374,jo_lx_derive
M,103,1977,0.197915776885624,11707,jo_lx_derive
M,104,1977,0.2107561235356763,9390,jo_lx_derive
M,105,1977,0.22385642963162866,7411,jo_lx_derive
M,106,1977,0.2373087621696801,5752,jo_lx_derive
M,107,1977,0.25096877136995666,4387,jo_lx_derive
M,108,1977,0.26536822884966527,3286,jo_lx_derive
M,109,1977,0.27961888980944494,2414,jo_lx_derive
M,110,1977,0.29442208165612416,1739,jo_lx_derive
M,111,1977,0.30969845150774244,1227,jo_lx_derive
M,112,1977,0.32585596221959856,847,jo_lx_derive
M,113,1977,0.34150612959719795,571,jo_lx_derive
M,114,1977,0.3563829787234043,376,jo_lx_derive
M,115,1977,0.37603305785123964,242,jo_lx_derive
M,116,1977,0.39072847682119205,151,jo_lx_derive
M,117,1977,0.40217391304347827,92,jo_lx_derive
M,118,1977,0.4363636363636364,55,jo_lx_derive
M,119,1977,0.4516129032258065,31,jo_lx_derive
M,120,1977,1.0,17,fermeture_hypothese
M,18,1978,0.00031000000000003247,100000,jo_lx_derive
M,19,1978,0.0003501085336454768,99969,jo_lx_derive
M,20,1978,0.00035023115256072046,99934,jo_lx_derive
M,21,1978,0.000350353857396013,99899,jo_lx_derive
M,22,1978,0.0003404630297204614,99864,jo_lx_derive
M,23,1978,0.0003305619553241046,99830,jo_lx_derive
M,24,1978,0.0003306712626631736,99797,jo_lx_derive
M,25,1978,0.00033078064231584214,99764,jo_lx_derive
M,26,1978,0.0003208631217976876,99731,jo_lx_derive
M,27,1978,0.00032096610798504344,99699,jo_lx_derive
M,28,1978,0.0003210691603038329,99667,jo_lx_derive
M,29,1978,0.0003312089125306894,99635,jo_lx_derive
M,30,1978,0.00032127868918296887,99602,jo_lx_derive
M,31,1978,0.0003213819423520947,99570,jo_lx_derive
M,32,1978,0.00034157809077939305,99538,jo_lx_derive
M,33,1978,0.00033164495899662416,99504,jo_lx_derive
M,34,1978,0.00035186134652309686,99471,jo_lx_derive
M,35,1978,0.0003620419164085398,99436,jo_lx_derive
M,36,1978,0.0003722334004023775,99400,jo_lx_derive
M,37,1978,0.0003925002264424382,99363,jo_lx_derive
M,38,1978,0.0004127904635334856,99324,jo_lx_derive
M,39,1978,0.0004431775832720586,99283,jo_lx_derive
M,40,1978,0.00047360412740959923,99239,jo_lx_derive
M,41,1978,0.0005040729091055907,99192,jo_lx_derive
M,42,1978,0.0005547598394222142,99142,jo_lx_derive
M,43,1978,0.0006257127574758048,99087,jo_lx_derive
M,44,1978,0.0006664983590002338,99025,jo_lx_derive
M,45,1978,0.0007073636556553797,98959,jo_lx_derive
M,46,1978,0.0007786508105046552,98889,jo_lx_derive
M,47,1978,0.0008602194065497892,98812,jo_lx_derive
M,48,1978,0.0009217336696142331,98727,jo_lx_derive
M,49,1978,0.0009529989050650611,98636,jo_lx_derive
M,50,1978,0.0009742038927563756,98542,jo_lx_derive
M,51,1978,0.001076732421835369,98446,jo_lx_derive
M,52,1978,0.001169412243237744,98340,jo_lx_derive
M,53,1978,0.0012827691524560647,98225,jo_lx_derive
M,54,1978,0.001488292439270511,98099,jo_lx_derive
M,55,1978,0.001704899288434203,97953,jo_lx_derive
M,56,1978,0.0018407543002065818,97786,jo_lx_derive
M,57,1978,0.00198758273056987,97606,jo_lx_derive
M,58,1978,0.002104463515788635,97412,jo_lx_derive
M,59,1978,0.0020677523223636696,97207,jo_lx_derive
M,60,1978,0.002102962703337985,97006,jo_lx_derive
M,61,1978,0.002190037395921607,96802,jo_lx_derive
M,62,1978,0.002267315457086694,96590,jo_lx_derive
M,63,1978,0.002396986645360144,96371,jo_lx_derive
M,64,1978,0.0026835864364468387,96140,jo_lx_derive
M,65,1978,0.0028993971756950954,95882,jo_lx_derive
M,66,1978,0.003117024392284895,95604,jo_lx_derive
M,67,1978,0.003462531215243536,95306,jo_lx_derive
M,68,1978,0.003895721024258725,94976,jo_lx_derive
M,69,1978,0.004365473648605844,94606,jo_lx_derive
M,70,1978,0.005032221077999388,94193,jo_lx_derive
M,71,1978,0.005665873515509179,93719,jo_lx_derive
M,72,1978,0.0062990943039876734,93188,jo_lx_derive
M,73,1978,0.007040960680770203,92601,jo_lx_derive
M,74,1978,0.007634667043687315,91949,jo_lx_derive
M,75,1978,0.008109855666487698,91247,jo_lx_derive
M,76,1978,0.008883290795187126,90507,jo_lx_derive
M,77,1978,0.009475714301639848,89703,jo_lx_derive
M,78,1978,0.01055676229277569,88853,jo_lx_derive
M,79,1978,0.012216345333560863,87915,jo_lx_derive
M,80,1978,0.0142329084188344,86841,jo_lx_derive
M,81,1978,0.016400911161731258,85605,jo_lx_derive
M,82,1978,0.020130402251754775,84201,jo_lx_derive
M,83,1978,0.02295590623712218,82506,jo_lx_derive
M,84,1978,0.027080335433930403,80612,jo_lx_derive
M,85,1978,0.03118744342016344,78429,jo_lx_derive
M,86,1978,0.03633707539844444,75983,jo_lx_derive
M,87,1978,0.040520608560268734,73222,jo_lx_derive
M,88,1978,0.04576186748274147,70255,jo_lx_derive
M,89,1978,0.052177804295942765,67040,jo_lx_derive
M,90,1978,0.06221082118913479,63542,jo_lx_derive
M,91,1978,0.07019751967645038,59589,jo_lx_derive
M,92,1978,0.07921524744612496,55406,jo_lx_derive
M,93,1978,0.08769625811004178,51017,jo_lx_derive
M,94,1978,0.0967062716197925,46543,jo_lx_derive
M,95,1978,0.10710717853574991,42042,jo_lx_derive
M,96,1978,0.11694504382109272,37539,jo_lx_derive
M,97,1978,0.12712299013544903,33149,jo_lx_derive
M,98,1978,0.13765336098151026,28935,jo_lx_derive
M,99,1978,0.1485652452709202,24952,jo_lx_derive
M,100,1978,0.15980230642504123,21245,jo_lx_derive
M,101,1978,0.171484593837535,17850,jo_lx_derive
M,102,1978,0.18337953884643987,14789,jo_lx_derive
M,103,1978,0.19574397615301808,12077,jo_lx_derive
M,104,1978,0.20848347575414394,9713,jo_lx_derive
M,105,1978,0.2213839750260146,7688,jo_lx_derive
M,106,1978,0.23488138990978946,5986,jo_lx_derive
M,107,1978,0.248471615720524,4580,jo_lx_derive
M,108,1978,0.262638001162115,3442,jo_lx_derive
M,109,1978,0.27698975571316,2538,jo_lx_derive
M,110,1978,0.29155313351498635,1835,jo_lx_derive
M,111,1978,0.30692307692307697,1300,jo_lx_derive
M,112,1978,0.3229744728079911,901,jo_lx_derive
M,113,1978,0.3377049180327869,610,jo_lx_derive
M,114,1978,0.35396039603960394,404,jo_lx_derive
M,115,1978,0.3716475095785441,261,jo_lx_derive
M,116,1978,0.38414634146341464,164,jo_lx_derive
M,117,1978,0.40594059405940597,101,jo_lx_derive
M,118,1978,0.41666666666666663,60,jo_lx_derive
M,119,1978,0.4571428571428572,35,jo_lx_derive
M,120,1978,1.0,19,fermeture_hypothese
M,17,1979,0.00026999999999999247,100000,jo_lx_derive
M,18,1979,0.0003000810218759531,99973,jo_lx_derive
M,19,1979,0.0003401939105289742,99943,jo_lx_derive
M,20,1979,0.00034030968181042454,99909,jo_lx_derive
M,21,1979,0.0003404255319149341,99875,jo_lx_derive
M,22,1979,0.00034054146092288295,99841,jo_lx_derive
M,23,1979,0.00032061879427291995,99807,jo_lx_derive
M,24,1979,0.00033074417439238335,99775,jo_lx_derive
M,25,1979,0.00031080186882159744,99742,jo_lx_derive
M,26,1979,0.00032092748041845365,99711,jo_lx_derive
M,27,1979,0.00031099830455760813,99679,jo_lx_derive
M,28,1979,0.00032113037893388707,99648,jo_lx_derive
M,29,1979,0.0003111949887568688,99616,jo_lx_derive
M,30,1979,0.0003213335341667456,99585,jo_lx_derive
M,31,1979,0.00031139192189089115,99553,jo_lx_derive
M,32,1979,0.0003315849761861278,99522,jo_lx_derive
M,33,1979,0.0003316949612519604,99489,jo_lx_derive
M,34,1979,0.00034185971685973815,99456,jo_lx_derive
M,35,1979,0.00035203476091805186,99422,jo_lx_derive
M,36,1979,0.00036222041112021763,99387,jo_lx_derive
M,37,1979,0.00038248231019311074,99351,jo_lx_derive
M,38,1979,0.0004027670093542657,99313,jo_lx_derive
M,39,1979,0.0004331489931804766,99273,jo_lx_derive
M,40,1979,0.0004635694850347871,99230,jo_lx_derive
M,41,1979,0.0004940312953701786,99184,jo_lx_derive
M,42,1979,0.0005447117566954596,99135,jo_lx_derive
M,43,1979,0.0006055651436703835,99081,jo_lx_derive
M,44,1979,0.0006463275466820351,99021,jo_lx_derive
M,45,1979,0.0006972725527248924,98957,jo_lx_derive
M,46,1979,0.0007584337836744615,98888,jo_lx_derive
M,47,1979,0.0008500905751267496,98813,jo_lx_derive
M,48,1979,0.0008913287889069643,98729,jo_lx_derive
M,49,1979,0.0009326750539836448,98641,jo_lx_derive
M,50,1979,0.0009538402216155983,98549,jo_lx_derive
M,51,1979,0.0010461632217764194,98455,jo_lx_derive
M,52,1979,0.0011489344395639867,98352,jo_lx_derive
M,53,1979,0.0012520485754130561,98239,jo_lx_derive
M,54,1979,0.0014574585184883304,98116,jo_lx_derive
M,55,1979,0.0016637236789728282,97973,jo_lx_derive
M,56,1979,0.0017994070135978202,97810,jo_lx_derive
M,57,1979,0.0019460433865251536,97634,jo_lx_derive
M,58,1979,0.0020524609006198347,97444,jo_lx_derive
M,59,1979,0.002025831927933819,97244,jo_lx_derive
M,60,1979,0.002050552824919838,97047,jo_lx_derive
M,61,1979,0.0021476953576738955,96848,jo_lx_derive
M,62,1979,0.0022144039735099152,96640,jo_lx_derive
M,63,1979,0.0023437662041357887,96426,jo_lx_derive
M,64,1979,0.0026195426195426696,96200,jo_lx_derive
M,65,1979,0.00282444657522829,95948,jo_lx_derive
M,66,1979,0.0030623869895586298,95677,jo_lx_derive
M,67,1979,0.003375828231149902,95384,jo_lx_derive
M,68,1979,0.003808041067934642,95062,jo_lx_derive
M,69,1979,0.004266103484688477,94700,jo_lx_derive
M,70,1979,0.004920675320268075,94296,jo_lx_derive
M,71,1979,0.0055524767669877795,93832,jo_lx_derive
M,72,1979,0.0061621888094651744,93311,jo_lx_derive
M,73,1979,0.006890527950310532,92736,jo_lx_derive
M,74,1979,0.007481242602907834,92097,jo_lx_derive
M,75,1979,0.00793147208121825,91408,jo_lx_derive
M,76,1979,0.008689611062712932,90683,jo_lx_derive
M,77,1979,0.009277490405473099,89895,jo_lx_derive
M,78,1979,0.010329998540326346,89061,jo_lx_derive
M,79,1979,0.01196945802747873,88141,jo_lx_derive
M,80,1979,0.013940242978205397,87086,jo_lx_derive
M,81,1979,0.01607043040804923,85872,jo_lx_derive
M,82,1979,0.01976518486957346,84492,jo_lx_derive
M,83,1979,0.02254231967351672,82822,jo_lx_derive
M,84,1979,0.026595021925761242,80955,jo_lx_derive
M,85,1979,0.030671810360143104,78802,jo_lx_derive
M,86,1979,0.035740001309157554,76385,jo_lx_derive
M,87,1979,0.039875093340574264,73655,jo_lx_derive
M,88,1979,0.04506631974886166,70718,jo_lx_derive
M,89,1979,0.05139861693148329,67531,jo_lx_derive
M,90,1979,0.06131751482984704,64060,jo_lx_derive
M,91,1979,0.06921439499767179,60132,jo_lx_derive
M,92,1979,0.07809540825442196,55970,jo_lx_derive
M,93,1979,0.08649392430085856,51599,jo_lx_derive
M,94,1979,0.09538357094365246,47136,jo_lx_derive
M,95,1979,0.10567542213883674,42640,jo_lx_derive
M,96,1979,0.11540882152409926,38134,jo_lx_derive
M,97,1979,0.12551507425962705,33733,jo_lx_derive
M,98,1979,0.13593681141733616,29499,jo_lx_derive
M,99,1979,0.14676919455451376,25489,jo_lx_derive
M,100,1979,0.15789957697259516,21748,jo_lx_derive
M,101,1979,0.16948782352298786,18314,jo_lx_derive
M,102,1979,0.18132807363576597,15210,jo_lx_derive
M,103,1979,0.19354320591069707,12452,jo_lx_derive
M,104,1979,0.2061342362079267,10042,jo_lx_derive
M,105,1979,0.21914199698946313,7972,jo_lx_derive
M,106,1979,0.2324497991967871,6225,jo_lx_derive
M,107,1979,0.24591879447467557,4778,jo_lx_derive
M,108,1979,0.2600610602275881,3603,jo_lx_derive
M,109,1979,0.27419354838709675,2666,jo_lx_derive
M,110,1979,0.28888888888888886,1935,jo_lx_derive
M,111,1979,0.30377906976744184,1376,jo_lx_derive
M,112,1979,0.31941544885177453,958,jo_lx_derive
M,113,1979,0.3358895705521472,652,jo_lx_derive
M,114,1979,0.35103926096997695,433,jo_lx_derive
M,115,1979,0.3665480427046264,281,jo_lx_derive
M,116,1979,0.3820224719101124,178,jo_lx_derive
M,117,1979,0.4,110,jo_lx_derive
M,118,1979,0.4242424242424242,66,jo_lx_derive
M,119,1979,0.4473684210526315,38,jo_lx_derive
M,120,1979,1.0,21,fermeture_hypothese
M,16,1980,0.00022999999999995246,100000,jo_lx_derive
M,17,1980,0.00026005981375720744,99977,jo_lx_derive
M,18,1980,0.00029014216966316564,99951,jo_lx_derive
M,19,1980,0.00033025760092875167,99922,jo_lx_derive
M,20,1980,0.000340377819379456,99889,jo_lx_derive
M,21,1980,0.00033047919483253363,99855,jo_lx_derive
M,22,1980,0.00033058844743638627,99822,jo_lx_derive
M,23,1980,0.0003206766276844242,99789,jo_lx_derive
M,24,1980,0.00031075513497802465,99757,jo_lx_derive
M,25,1980,0.00031085173375045017,99726,jo_lx_derive
M,26,1980,0.0003109483925973766,99695,jo_lx_derive
M,27,1980,0.00031104511157487025,99664,jo_lx_derive
M,28,1980,0.00030110505555391853,99633,jo_lx_derive
M,29,1980,0.0003112356053532883,99603,jo_lx_derive
M,30,1980,0.0003113325031133263,99572,jo_lx_derive
M,31,1980,0.00031142946122708626,99541,jo_lx_derive
M,32,1980,0.00032157572103308496,99510,jo_lx_derive
M,33,1980,0.00032167916524261653,99478,jo_lx_derive
M,34,1980,0.00033183838465100646,99446,jo_lx_derive
M,35,1980,0.00034200758452118674,99413,jo_lx_derive
M,36,1980,0.0003622495698286654,99379,jo_lx_derive
M,37,1980,0.00037244697663652016,99343,jo_lx_derive
M,38,1980,0.00039272551507463227,99306,jo_lx_derive
M,39,1980,0.0004231013327692379,99267,jo_lx_derive
M,40,1980,0.00045351473922905505,99225,jo_lx_derive
M,41,1980,0.0004839685420447992,99180,jo_lx_derive
M,42,1980,0.0005346406811120863,99132,jo_lx_derive
M,43,1980,0.0005853914553033412,99079,jo_lx_derive
M,44,1980,0.0006362286787651161,99021,jo_lx_derive
M,45,1980,0.000677054912184949,98958,jo_lx_derive
M,46,1980,0.0007482986318270157,98891,jo_lx_derive
M,47,1980,0.0008196970156957306,98817,jo_lx_derive
M,48,1980,0.0008710095608491786,98736,jo_lx_derive
M,49,1980,0.0009123162696401677,98650,jo_lx_derive
M,50,1980,0.0009334415584415501,98560,jo_lx_derive
M,51,1980,0.0010257139375228208,98468,jo_lx_derive
M,52,1980,0.0011182612054855268,98367,jo_lx_derive
M,53,1980,0.0012314644249264983,98257,jo_lx_derive
M,54,1980,0.0014164017282138897,98136,jo_lx_derive
M,55,1980,0.0016327030419298616,97997,jo_lx_derive
M,56,1980,0.0017580261046434842,97837,jo_lx_derive
M,57,1980,0.0019044693595453577,97665,jo_lx_derive
M,58,1980,0.0020106894818371357,97479,jo_lx_derive
M,59,1980,0.001973623346319453,97283,jo_lx_derive
M,60,1980,0.002008425085744281,97091,jo_lx_derive
M,61,1980,0.0020950297225891257,96896,jo_lx_derive
M,62,1980,0.0021718221587911923,96693,jo_lx_derive
M,63,1980,0.002280194438398442,96483,jo_lx_derive
M,64,1980,0.0025554989975380416,96263,jo_lx_derive
M,65,1980,0.002770342751804322,96017,jo_lx_derive
M,66,1980,0.002986913974788785,95751,jo_lx_derive
M,67,1980,0.003299638611009237,95465,jo_lx_derive
M,68,1980,0.0037204414083026327,95150,jo_lx_derive
M,69,1980,0.004177391451116064,94796,jo_lx_derive
M,70,1980,0.004809322033898278,94400,jo_lx_derive
M,71,1980,0.005428650501351884,93946,jo_lx_derive
M,72,1980,0.006036217303822977,93436,jo_lx_derive
M,73,1980,0.006740459987940373,92872,jo_lx_derive
M,74,1980,0.007317390455954698,92246,jo_lx_derive
M,75,1980,0.007764466916381774,91571,jo_lx_derive
M,76,1980,0.008518600044023827,90860,jo_lx_derive
M,77,1980,0.009069111737672886,90086,jo_lx_derive
M,78,1980,0.010115493620405758,89269,jo_lx_derive
M,79,1980,0.011712649661634544,88366,jo_lx_derive
M,80,1980,0.013672121010866678,87331,jo_lx_derive
M,81,1980,0.015753973321569137,86137,jo_lx_derive
M,82,1980,0.019391365888181133,84780,jo_lx_derive
M,83,1980,0.02213240954580442,83136,jo_lx_derive
M,84,1980,0.02612674670340487,81296,jo_lx_derive
M,85,1980,0.030149547819936395,79172,jo_lx_derive
M,86,1980,0.035163117796444654,76785,jo_lx_derive
M,87,1980,0.03925221029898085,74085,jo_lx_derive
M,88,1980,0.044368265029433696,71177,jo_lx_derive
M,89,1980,0.05063291139240511,68019,jo_lx_derive
M,90,1980,0.060425861401471104,64575,jo_lx_derive
M,91,1980,0.06823463484581282,60673,jo_lx_derive
M,92,1980,0.07701696354341714,56533,jo_lx_derive
M,93,1980,0.08528335153989153,52179,jo_lx_derive
M,94,1980,0.09407278593727086,47729,jo_lx_derive
M,95,1980,0.10428085755914795,43239,jo_lx_derive
M,96,1980,0.11391686031500126,38730,jo_lx_derive
M,97,1980,0.12389999417215458,34318,jo_lx_derive
M,98,1980,0.13423800971196698,30066,jo_lx_derive
M,99,1980,0.14498655397618132,26030,jo_lx_derive
M,100,1980,0.15604780733285406,22256,jo_lx_derive
M,101,1980,0.16749188095618384,18783,jo_lx_derive
M,102,1980,0.17925433267250757,15637,jo_lx_derive
M,103,1980,0.19144460028050492,12834,jo_lx_derive
M,104,1980,0.20391249879541296,10377,jo_lx_derive
M,105,1980,0.21680183997094782,8261,jo_lx_derive
M,106,1980,0.229984544049459,6470,jo_lx_derive
M,107,1980,0.2434765154556403,4982,jo_lx_derive
M,108,1980,0.2573626956752454,3769,jo_lx_derive
M,109,1980,0.27152554483744196,2799,jo_lx_derive
M,110,1980,0.2864149092692496,2039,jo_lx_derive
M,111,1980,0.3010309278350516,1455,jo_lx_derive
M,112,1980,0.3166175024582104,1017,jo_lx_derive
M,113,1980,0.3323741007194244,695,jo_lx_derive
M,114,1980,0.3469827586206896,464,jo_lx_derive
M,115,1980,0.36633663366336633,303,jo_lx_derive
M,116,1980,0.38020833333333337,192,jo_lx_derive
M,117,1980,0.39495798319327735,119,jo_lx_derive
M,118,1980,0.41666666666666663,72,jo_lx_derive
M,119,1980,0.4285714285714286,42,jo_lx_derive
M,120,1980,1.0,24,fermeture_hypothese
M,15,1981,0.00019000000000002348,100000,jo_lx_derive
M,16,1981,0.00022004180794354955,99981,jo_lx_derive
M,17,1981,0.0002601066437238897,99959,jo_lx_derive
M,18,1981,0.00029019443026823133,99933,jo_lx_derive
M,19,1981,0.00032030749519540436,99904,jo_lx_derive
M,20,1981,0.00033042294136498285,99872,jo_lx_derive
M,21,1981,0.00033053215677236736,99839,jo_lx_derive
M,22,1981,0.0003106025689838532,99806,jo_lx_derive
M,23,1981,0.00031069907291403354,99775,jo_lx_derive
M,24,1981,0.00031079563683023004,99744,jo_lx_derive
M,25,1981,0.00031089226078850896,99713,jo_lx_derive
M,26,1981,0.0003009570433980535,99682,jo_lx_derive
M,27,1981,0.0003010476458074063,99652,jo_lx_derive
M,28,1981,0.0003011383027845538,99622,jo_lx_derive
M,29,1981,0.0002911880472327155,99592,jo_lx_derive
M,30,1981,0.00031136064602310665,99563,jo_lx_derive
M,31,1981,0.00030141060161559263,99532,jo_lx_derive
M,32,1981,0.00031155152660244934,99502,jo_lx_derive
M,33,1981,0.0003116486212061398,99471,jo_lx_derive
M,34,1981,0.00033185840707961045,99440,jo_lx_derive
M,35,1981,0.0003319685736417055,99407,jo_lx_derive
M,36,1981,0.0003522048020608848,99374,jo_lx_derive
M,37,1981,0.0003623954338175528,99339,jo_lx_derive
M,38,1981,0.00039273737953537946,99303,jo_lx_derive
M,39,1981,0.00040296582849774776,99264,jo_lx_derive
M,40,1981,0.00044344110295890804,99224,jo_lx_derive
M,41,1981,0.00047388586408547706,99180,jo_lx_derive
M,42,1981,0.0005245478296833639,99133,jo_lx_derive
M,43,1981,0.0005752868864867811,99081,jo_lx_derive
M,44,1981,0.0006160122798513079,99024,jo_lx_derive
M,45,1981,0.0006669159180704431,98963,jo_lx_derive
M,46,1981,0.0007280301728060934,98897,jo_lx_derive
M,47,1981,0.0008095117632178628,98825,jo_lx_derive
M,48,1981,0.000850675983594118,98745,jo_lx_derive
M,49,1981,0.0008919431183547211,98661,jo_lx_derive
M,50,1981,0.0009028841569191925,98573,jo_lx_derive
M,51,1981,0.001005239429755056,98484,jo_lx_derive
M,52,1981,0.0010875641612034803,98385,jo_lx_derive
M,53,1981,0.0012108508516657235,98278,jo_lx_derive
M,54,1981,0.0013855071873185576,98159,jo_lx_derive
M,55,1981,0.001591463228017953,98023,jo_lx_derive
M,56,1981,0.0017268333554721904,97867,jo_lx_derive
M,57,1981,0.001852647955945863,97698,jo_lx_derive
M,58,1981,0.001968887476029857,97517,jo_lx_derive
M,59,1981,0.0019316722322116897,97325,jo_lx_derive
M,60,1981,0.0019560002882527128,97137,jo_lx_derive
M,61,1981,0.002052667952592624,96947,jo_lx_derive
M,62,1981,0.0021189068507876385,96748,jo_lx_derive
M,63,1981,0.0022373450172461506,96543,jo_lx_derive
M,64,1981,0.00249151328288022,96327,jo_lx_derive
M,65,1981,0.0027058811285606277,96087,jo_lx_derive
M,66,1981,0.0029219322320431784,95827,jo_lx_derive
M,67,1981,0.0032235444336294883,95547,jo_lx_derive
M,68,1981,0.003643465387078826,95239,jo_lx_derive
M,69,1981,0.004078320617122655,94892,jo_lx_derive
M,70,1981,0.0047087455690174584,94505,jo_lx_derive
M,71,1981,0.00531575590048905,94060,jo_lx_derive
M,72,1981,0.005899957246686571,93560,jo_lx_derive
M,73,1981,0.006590830896266997,93008,jo_lx_derive
M,74,1981,0.007164889874993197,92395,jo_lx_derive
M,75,1981,0.007598138074629612,91733,jo_lx_derive
M,76,1981,0.008337361043982638,91036,jo_lx_derive
M,77,1981,0.008883768844777706,90277,jo_lx_derive
M,78,1981,0.009902207320480527,89475,jo_lx_derive
M,79,1981,0.011468692501326316,88589,jo_lx_derive
M,80,1981,0.013394539412832751,87573,jo_lx_derive
M,81,1981,0.015439814814814823,86400,jo_lx_derive
M,82,1981,0.019032280817247837,85066,jo_lx_derive
M,83,1981,0.02172636523781557,83447,jo_lx_derive
M,84,1981,0.025675576352990226,81634,jo_lx_derive
M,85,1981,0.029633634237722806,79538,jo_lx_derive
M,86,1981,0.03459400629688658,77181,jo_lx_derive
M,87,1981,0.038625169438069595,74511,jo_lx_derive
M,88,1981,0.043680985020870255,71633,jo_lx_derive
M,89,1981,0.04988029896064461,68504,jo_lx_derive
M,90,1981,0.059566426475333056,65087,jo_lx_derive
M,91,1981,0.06726025159287696,61210,jo_lx_derive
M,92,1981,0.07592874783248382,57093,jo_lx_derive
M,93,1981,0.08410098942340494,52758,jo_lx_derive
M,94,1981,0.0927960927960928,48321,jo_lx_derive
M,95,1981,0.1028811278144034,43837,jo_lx_derive
M,96,1981,0.11241640603147962,39327,jo_lx_derive
M,97,1981,0.12232853950610212,34906,jo_lx_derive
M,98,1981,0.13258911084998037,30636,jo_lx_derive
M,99,1981,0.14322269887860317,26574,jo_lx_derive
M,100,1981,0.1542076598735067,22768,jo_lx_derive
M,101,1981,0.1655501895414654,19257,jo_lx_derive
M,102,1981,0.17723567116808758,16069,jo_lx_derive
M,103,1981,0.18932002117842828,13221,jo_lx_derive
M,104,1981,0.20171673819742486,10718,jo_lx_derive
M,105,1981,0.2144693782141187,8556,jo_lx_derive
M,106,1981,0.22764469572980206,6721,jo_lx_derive
M,107,1981,0.240994028125602,5191,jo_lx_derive
M,108,1981,0.25482233502538076,3940,jo_lx_derive
M,109,1981,0.2690735694822888,2936,jo_lx_derive
M,110,1981,0.2833178005591799,2146,jo_lx_derive
M,111,1981,0.29843953185955785,1538,jo_lx_derive
M,112,1981,0.3132530120481928,1079,jo_lx_derive
M,113,1981,0.3292847503373819,741,jo_lx_derive
M,114,1981,0.34607645875251514,497,jo_lx_derive
M,115,1981,0.36,325,jo_lx_derive
M,116,1981,0.3798076923076923,208,jo_lx_derive
M,117,1981,0.39534883720930236,129,jo_lx_derive
M,118,1981,0.41025641025641024,78,jo_lx_derive
M,119,1981,0.4347826086956522,46,jo_lx_derive
M,120,1981,1.0,26,fermeture_hypothese
M,14,1982,0.00017000000000000348,100000,jo_lx_derive
M,15,1982,0.0001900323054919717,99983,jo_lx_derive
M,16,1982,0.00021007562722574757,99964,jo_lx_derive
M,17,1982,0.0002501425812713176,99943,jo_lx_derive
M,18,1982,0.00029023799515603965,99918,jo_lx_derive
M,19,1982,0.0003103444823754353,99889,jo_lx_derive
M,20,1982,0.0003204550461655131,99858,jo_lx_derive
M,21,1982,0.0003205577705207574,99826,jo_lx_derive
M,22,1982,0.0003106399182315478,99794,jo_lx_derive
M,23,1982,0.0003107364453754924,99763,jo_lx_derive
M,24,1982,0.00030080616051020304,99732,jo_lx_derive
M,25,1982,0.0002908667830133771,99702,jo_lx_derive
M,26,1982,0.00030098421839419576,99673,jo_lx_derive
M,27,1982,0.00029103900926308324,99643,jo_lx_derive
M,28,1982,0.0002911237376271858,99614,jo_lx_derive
M,29,1982,0.0002912085153387034,99585,jo_lx_derive
M,30,1982,0.0003013379404556149,99556,jo_lx_derive
M,31,1982,0.0002913811466350724,99526,jo_lx_derive
M,32,1982,0.0003115671829301281,99497,jo_lx_derive
M,33,1982,0.00030161060060729383,99466,jo_lx_derive
M,34,1982,0.0003218150368076156,99436,jo_lx_derive
M,35,1982,0.0003319785924107421,99404,jo_lx_derive
M,36,1982,0.0003421521369413316,99371,jo_lx_derive
M,37,1982,0.00035233598759776275,99337,jo_lx_derive
M,38,1982,0.0003826710438863401,99302,jo_lx_derive
M,39,1982,0.00040296582849774776,99264,jo_lx_derive
M,40,1982,0.0004232846891880637,99224,jo_lx_derive
M,41,1982,0.00046379383355854564,99182,jo_lx_derive
M,42,1982,0.0005144448030988125,99136,jo_lx_derive
M,43,1982,0.0005651713175556239,99085,jo_lx_derive
M,44,1982,0.0006058831251452013,99029,jo_lx_derive
M,45,1982,0.0006365629641604809,98969,jo_lx_derive
M,46,1982,0.0007178533152690791,98906,jo_lx_derive
M,47,1982,0.000789194111397773,98835,jo_lx_derive
M,48,1982,0.0008303208886458746,98757,jo_lx_derive
M,49,1982,0.0008715480111477492,98675,jo_lx_derive
M,50,1982,0.0008925945085151987,98589,jo_lx_derive
M,51,1982,0.0009746093948285184,98501,jo_lx_derive
M,52,1982,0.0010670189522890006,98405,jo_lx_derive
M,53,1982,0.0011800610376399012,98300,jo_lx_derive
M,54,1982,0.001354599527417899,98184,jo_lx_derive
M,55,1982,0.001560412438424863,98051,jo_lx_derive
M,56,1982,0.001675212976771756,97898,jo_lx_derive
M,57,1982,0.0018212699776946062,97734,jo_lx_derive
M,58,1982,0.0019270982820124294,97556,jo_lx_derive
M,59,1982,0.0018897379015693216,97368,jo_lx_derive
M,60,1982,0.0019138952914059537,97184,jo_lx_derive
M,61,1982,0.0020000412379637122,96998,jo_lx_derive
M,62,1982,0.0020660303293252857,96804,jo_lx_derive
M,63,1982,0.0021841745683408575,96604,jo_lx_derive
M,64,1982,0.0024379363646738206,96393,jo_lx_derive
M,65,1982,0.0026518854385491064,96158,jo_lx_derive
M,66,1982,0.0028466262786357444,95903,jo_lx_derive
M,67,1982,0.0031580048102060054,95630,jo_lx_derive
M,68,1982,0.0035561430010070394,95328,jo_lx_derive
M,69,1982,0.003989935676762535,94989,jo_lx_derive
M,70,1982,0.004597822640312832,94610,jo_lx_derive
M,71,1982,0.005203079373506725,94175,jo_lx_derive
M,72,1982,0.005774670438170482,93685,jo_lx_derive
M,73,1982,0.006463110882075074,93144,jo_lx_derive
M,74,1982,0.007013031920641399,92542,jo_lx_derive
M,75,1982,0.00743255743092508,91893,jo_lx_derive
M,76,1982,0.008157000328911312,91210,jo_lx_derive
M,77,1982,0.008688347003294017,90466,jo_lx_derive
M,78,1982,0.009690008920606563,89680,jo_lx_derive
M,79,1982,0.01123734672506782,88811,jo_lx_derive
M,80,1982,0.013118786512247627,87813,jo_lx_derive
M,81,1982,0.015139451425670192,86661,jo_lx_derive
M,82,1982,0.01867625865563749,85349,jo_lx_derive
M,83,1982,0.021336039639424542,83755,jo_lx_derive
M,84,1982,0.025217157915284005,81968,jo_lx_derive
M,85,1982,0.029136055869138033,79901,jo_lx_derive
M,86,1982,0.034032459747592614,77573,jo_lx_derive
M,87,1982,0.038007286509281646,74933,jo_lx_derive
M,88,1982,0.043004786016508256,72085,jo_lx_derive
M,89,1982,0.049141117634268316,68985,jo_lx_derive
M,90,1982,0.058693497980028986,65595,jo_lx_derive
M,91,1982,0.0663211596080654,61745,jo_lx_derive
M,92,1982,0.07486556808326106,57650,jo_lx_derive
M,93,1982,0.08291146360670487,53334,jo_lx_derive
M,94,1982,0.0915317304546941,48912,jo_lx_derive
M,95,1982,0.10151907280297068,44435,jo_lx_derive
M,96,1982,0.11096082556858033,39924,jo_lx_derive
M,97,1982,0.12075280329069704,35494,jo_lx_derive
M,98,1982,0.13096001025378112,31208,jo_lx_derive
M,99,1982,0.14147708417831206,27121,jo_lx_derive
M,100,1982,0.1523793162686824,23284,jo_lx_derive
M,101,1982,0.16360964734495342,19736,jo_lx_derive
M,102,1982,0.17525898103834736,16507,jo_lx_derive
M,103,1982,0.18723372998384014,13614,jo_lx_derive
M,104,1982,0.199548124717578,11065,jo_lx_derive
M,105,1982,0.21214858304166195,8857,jo_lx_derive
M,106,1982,0.22527944969905422,6978,jo_lx_derive
M,107,1982,0.23862375138734737,5406,jo_lx_derive
M,108,1982,0.25242954324586975,4116,jo_lx_derive
M,109,1982,0.26649333766655836,3077,jo_lx_derive
M,110,1982,0.28090385467434653,2257,jo_lx_derive
M,111,1982,0.29513247073321014,1623,jo_lx_derive
M,112,1982,0.31118881118881114,1144,jo_lx_derive
M,113,1982,0.32614213197969544,788,jo_lx_derive
M,114,1982,0.3427495291902072,531,jo_lx_derive
M,115,1982,0.3581661891117478,349,jo_lx_derive
M,116,1982,0.375,224,jo_lx_derive
M,117,1982,0.3928571428571429,140,jo_lx_derive
M,118,1982,0.4117647058823529,85,jo_lx_derive
M,119,1982,0.42000000000000004,50,jo_lx_derive
M,120,1982,1.0,29,fermeture_hypothese
M,13,1983,0.00014999999999998348,100000,jo_lx_derive
M,14,1983,0.00017002550382561044,99985,jo_lx_derive
M,15,1983,0.00018005761843786772,99968,jo_lx_derive
M,16,1983,0.0002101050525262771,99950,jo_lx_derive
M,17,1983,0.00024017052106994896,99929,jo_lx_derive
M,18,1983,0.0002802662529403088,99905,jo_lx_derive
M,19,1983,0.00031038176957653985,99877,jo_lx_derive
M,20,1983,0.0003204935600825687,99846,jo_lx_derive
M,21,1983,0.00031057767447451035,99814,jo_lx_derive
M,22,1983,0.00030065241574217527,99783,jo_lx_derive
M,23,1983,0.0003007428348019703,99753,jo_lx_derive
M,24,1983,0.00029080553132176945,99723,jo_lx_derive
M,25,1983,0.00029089012377880863,99694,jo_lx_derive
M,26,1983,0.00029097476546435797,99665,jo_lx_derive
M,27,1983,0.00028102292344134305,99636,jo_lx_derive
M,28,1983,0.0002911412737932606,99608,jo_lx_derive
M,29,1983,0.0002811837837295439,99579,jo_lx_derive
M,30,1983,0.0002913079727978607,99551,jo_lx_derive
M,31,1983,0.0002913928578606173,99522,jo_lx_derive
M,32,1983,0.00030152875076638885,99493,jo_lx_derive
M,33,1983,0.0003016196977770891,99463,jo_lx_derive
M,34,1983,0.0003117677229893534,99433,jo_lx_derive
M,35,1983,0.00032192511217077335,99402,jo_lx_derive
M,36,1983,0.00033209218073870783,99370,jo_lx_derive
M,37,1983,0.0003422692450949505,99337,jo_lx_derive
M,38,1983,0.0003725970010975965,99303,jo_lx_derive
M,39,1983,0.0003928837668486507,99266,jo_lx_derive
M,40,1983,0.0004232718917229761,99227,jo_lx_derive
M,41,1983,0.00045369763573122057,99185,jo_lx_derive
M,42,1983,0.0004942505547710363,99140,jo_lx_derive
M,43,1983,0.0005550453623437424,99091,jo_lx_derive
M,44,1983,0.0005856456238135799,99036,jo_lx_derive
M,45,1983,0.0006365050819373552,98978,jo_lx_derive
M,46,1983,0.00069756861952186,98915,jo_lx_derive
M,47,1983,0.0007688727920198701,98846,jo_lx_derive
M,48,1983,0.0008099625392326004,98770,jo_lx_derive
M,49,1983,0.0008511500658627824,98690,jo_lx_derive
M,50,1983,0.0008721578808591479,98606,jo_lx_derive
M,51,1983,0.0009541209906618331,98520,jo_lx_derive
M,52,1983,0.0010464714607928416,98426,jo_lx_derive
M,53,1983,0.0011492733134668143,98323,jo_lx_derive
M,54,1983,0.0013236941248345735,98210,jo_lx_derive
M,55,1983,0.001529363784665616,98080,jo_lx_derive
M,56,1983,0.0016338200755642296,97930,jo_lx_derive
M,57,1983,0.001779687020558418,97770,jo_lx_derive
M,58,1983,0.001885323168982378,97596,jo_lx_derive
M,59,1983,0.0018478216236192946,97412,jo_lx_derive
M,60,1983,0.001871811749218355,97232,jo_lx_derive
M,61,1983,0.001957753735188028,97050,jo_lx_derive
M,62,1983,0.0020132149494115348,96860,jo_lx_derive
M,63,1983,0.0021310712253659325,96665,jo_lx_derive
M,64,1983,0.002384432764179545,96459,jo_lx_derive
M,65,1983,0.002587577549387432,96229,jo_lx_derive
M,66,1983,0.002792248385080187,95980,jo_lx_derive
M,67,1983,0.003082163156135076,95712,jo_lx_derive
M,68,1983,0.003468983514468116,95417,jo_lx_derive
M,69,1983,0.00391224785983213,95086,jo_lx_derive
M,70,1983,0.004497751124437732,94714,jo_lx_derive
M,71,1983,0.005090785677922982,94288,jo_lx_derive
M,72,1983,0.005649837966911098,93808,jo_lx_derive
M,73,1983,0.006314457857158118,93278,jo_lx_derive
M,74,1983,0.006872444410879419,92689,jo_lx_derive
M,75,1983,0.007278494763829135,92052,jo_lx_derive
M,76,1983,0.00797750103959205,91382,jo_lx_derive
M,77,1983,0.008504958468004364,90653,jo_lx_derive
M,78,1983,0.009490220511337077,89882,jo_lx_derive
M,79,1983,0.010996416897864791,89029,jo_lx_derive
M,80,1983,0.012856331629755857,88050,jo_lx_derive
M,81,1983,0.014841574817644254,86918,jo_lx_derive
M,82,1983,0.018335124024851712,85628,jo_lx_derive
M,83,1983,0.020926027266887193,84058,jo_lx_derive
M,84,1983,0.02478766449167058,82299,jo_lx_derive
M,85,1983,0.028644762581143568,80259,jo_lx_derive
M,86,1983,0.03346587993842998,77960,jo_lx_derive
M,87,1983,0.03741158047006676,75351,jo_lx_derive
M,88,1983,0.042339932719351436,72532,jo_lx_derive
M,89,1983,0.048415657707202575,69461,jo_lx_derive
M,90,1983,0.057838361221216994,66098,jo_lx_derive
M,91,1983,0.06538739462063425,62275,jo_lx_derive
M,92,1983,0.07379344707317492,58203,jo_lx_derive
M,93,1983,0.08176893967500187,53908,jo_lx_derive
M,94,1983,0.09026262626262627,49500,jo_lx_derive
M,95,1983,0.1001732101616628,45032,jo_lx_derive
M,96,1983,0.10949877841119415,40521,jo_lx_derive
M,97,1983,0.11924952887706464,36084,jo_lx_derive
M,98,1983,0.12929108586891536,31781,jo_lx_derive
M,99,1983,0.13978028331887826,27672,jo_lx_derive
M,100,1983,0.15056293059989923,23804,jo_lx_derive
M,101,1983,0.16172106824925814,20220,jo_lx_derive
M,102,1983,0.1732743362831859,16950,jo_lx_derive
M,103,1983,0.18518518518518523,14013,jo_lx_derive
M,104,1983,0.19740760203187946,11418,jo_lx_derive
M,105,1983,0.20995198603230025,9164,jo_lx_derive
M,106,1983,0.22292817679558008,7240,jo_lx_derive
M,107,1983,0.2362246711695698,5626,jo_lx_derive
M,108,1983,0.24994181987433095,4297,jo_lx_derive
M,109,1983,0.2637294446168166,3223,jo_lx_derive
M,110,1983,0.2781289506953224,2373,jo_lx_derive
M,111,1983,0.2930531231757151,1713,jo_lx_derive
M,112,1983,0.3080099091659785,1211,jo_lx_derive
M,113,1983,0.3233890214797136,838,jo_lx_derive
M,114,1983,0.3386243386243386,567,jo_lx_derive
M,115,1983,0.3546666666666667,375,jo_lx_derive
M,116,1983,0.371900826446281,242,jo_lx_derive
M,117,1983,0.38815789473684215,152,jo_lx_derive
M,118,1983,0.4086021505376344,93,jo_lx_derive
M,119,1983,0.4181818181818182,55,jo_lx_derive
M,120,1983,1.0,32,fermeture_hypothese
M,12,1984,0.000140000000000029,100000,jo_lx_derive
M,13,1984,0.00015002100294037035,99986,jo_lx_derive
M,14,1984,0.00016004641345990223,99971,jo_lx_derive
M,15,1984,0.00018008103646638407,99955,jo_lx_derive
M,16,1984,0.00021013238340150675,99937,jo_lx_derive
M,17,1984,0.00023019336242446897,99916,jo_lx_derive
M,18,1984,0.00028029992091538336,99893,jo_lx_derive
M,19,1984,0.0003004055474891132,99865,jo_lx_derive
M,20,1984,0.00030049581809987735,99835,jo_lx_derive
M,21,1984,0.00031060568107810216,99805,jo_lx_derive
M,22,1984,0.0002906568845590929,99774,jo_lx_derive
M,23,1984,0.0002907413905458567,99745,jo_lx_derive
M,24,1984,0.0002908259456857465,99716,jo_lx_derive
M,25,1984,0.0002808791517450171,99687,jo_lx_derive
M,26,1984,0.00028095806700845216,99659,jo_lx_derive
M,27,1984,0.00028103702662829466,99631,jo_lx_derive
M,28,1984,0.00028111603064162605,99603,jo_lx_derive
M,29,1984,0.0002811950790860829,99575,jo_lx_derive
M,30,1984,0.0002812741719991907,99547,jo_lx_derive
M,31,1984,0.00029140164189755957,99519,jo_lx_derive
M,32,1984,0.0002814353201326947,99490,jo_lx_derive
M,33,1984,0.00030162273028899733,99462,jo_lx_derive
M,34,1984,0.0003017137340092235,99432,jo_lx_derive
M,35,1984,0.00031186495241541934,99402,jo_lx_derive
M,36,1984,0.0003320888387959853,99371,jo_lx_derive
M,37,1984,0.00034226579959328873,99338,jo_lx_derive
M,38,1984,0.00035245307339082377,99304,jo_lx_derive
M,39,1984,0.0003827982552458975,99269,jo_lx_derive
M,40,1984,0.0004131773336961686,99231,jo_lx_derive
M,41,1984,0.000443593104143547,99190,jo_lx_derive
M,42,1984,0.00048413450870432584,99146,jo_lx_derive
M,43,1984,0.0005449151345132686,99098,jo_lx_derive
M,44,1984,0.0005755017971810217,99044,jo_lx_derive
M,45,1984,0.0006162425368987368,98987,jo_lx_derive
M,46,1984,0.0006772739219214063,98926,jo_lx_derive
M,47,1984,0.0007586562680180764,98859,jo_lx_derive
M,48,1984,0.0007997246517654766,98784,jo_lx_derive
M,49,1984,0.0008307583202471491,98705,jo_lx_derive
M,50,1984,0.0008415886760694269,98623,jo_lx_derive
M,51,1984,0.000933631012786651,98540,jo_lx_derive
M,52,1984,0.0010157646676417498,98448,jo_lx_derive
M,53,1984,0.0011286452190182317,98348,jo_lx_derive
M,54,1984,0.0012927919215773853,98237,jo_lx_derive
M,55,1984,0.0014983182142492835,98110,jo_lx_derive
M,56,1984,0.001602645896920274,97963,jo_lx_derive
M,57,1984,0.0017381346747643578,97806,jo_lx_derive
M,58,1984,0.0018435822852226336,97636,jo_lx_derive
M,59,1984,0.0017956821539977241,97456,jo_lx_derive
M,60,1984,0.0018400304273188395,97281,jo_lx_derive
M,61,1984,0.001905213074910872,97102,jo_lx_derive
M,62,1984,0.0019810765913100825,96917,jo_lx_derive
M,63,1984,0.0020780563453088874,96725,jo_lx_derive
M,64,1984,0.002331026480460796,96524,jo_lx_derive
M,65,1984,0.002523390689415206,96299,jo_lx_derive
M,66,1984,0.00272757558091119,96056,jo_lx_derive
M,67,1984,0.0030064513435079654,95794,jo_lx_derive
M,68,1984,0.0034029275647603496,95506,jo_lx_derive
M,69,1984,0.0038137863649257975,95181,jo_lx_derive
M,70,1984,0.0044084456537788475,94818,jo_lx_derive
M,71,1984,0.0049788135593220595,94400,jo_lx_derive
M,72,1984,0.005525391248802247,93930,jo_lx_derive
M,73,1984,0.006187708085771515,93411,jo_lx_derive
M,74,1984,0.006721747654390153,92833,jo_lx_derive
M,75,1984,0.007114273010226713,92209,jo_lx_derive
M,76,1984,0.00780968400817017,91553,jo_lx_derive
M,77,1984,0.008333516810145492,90838,jo_lx_derive
M,78,1984,0.009280536406123363,90081,jo_lx_derive
M,79,1984,0.01077931536780774,89245,jo_lx_derive
M,80,1984,0.012595856506915304,88283,jo_lx_derive
M,81,1984,0.014546121990111405,87171,jo_lx_derive
M,82,1984,0.01798540213962263,85903,jo_lx_derive
M,83,1984,0.02055525261385993,84358,jo_lx_derive
M,84,1984,0.024351278079008498,82624,jo_lx_derive
M,85,1984,0.02815957921897483,80612,jo_lx_derive
M,86,1984,0.03291976206887748,78342,jo_lx_derive
M,87,1984,0.03681216424903977,75763,jo_lx_derive
M,88,1984,0.04168607997368923,72974,jo_lx_derive
M,89,1984,0.04768918377852771,69932,jo_lx_derive
M,90,1984,0.05699956454494948,66597,jo_lx_derive
M,91,1984,0.06445757233165073,62801,jo_lx_derive
M,92,1984,0.07276224192807179,58753,jo_lx_derive
M,93,1984,0.0806013436616616,54478,jo_lx_derive
M,94,1984,0.08904506159282843,50087,jo_lx_derive
M,95,1984,0.09882306529028861,45627,jo_lx_derive
M,96,1984,0.10807918673087213,41118,jo_lx_derive
M,97,1984,0.1177128210721492,36674,jo_lx_derive
M,98,1984,0.12773124826158178,32357,jo_lx_derive
M,99,1984,0.13807397959183676,28224,jo_lx_derive
M,100,1984,0.14876474698894238,24327,jo_lx_derive
M,101,1984,0.15988989762410666,20708,jo_lx_derive
M,102,1984,0.17129390124734145,17397,jo_lx_derive
M,103,1984,0.18311715336061596,14417,jo_lx_derive
M,104,1984,0.1952959157680224,11777,jo_lx_derive
M,105,1984,0.20776617072913373,9477,jo_lx_derive
M,106,1984,0.22069792221630258,7508,jo_lx_derive
M,107,1984,0.23380618697658517,5851,jo_lx_derive
M,108,1984,0.24737898728530006,4483,jo_lx_derive
M,109,1984,0.2614107883817427,3374,jo_lx_derive
M,110,1984,0.2756821829855538,2492,jo_lx_derive
M,111,1984,0.29030470914127426,1805,jo_lx_derive
M,112,1984,0.3052302888368462,1281,jo_lx_derive
M,113,1984,0.3202247191011236,890,jo_lx_derive
M,114,1984,0.3355371900826446,605,jo_lx_derive
M,115,1984,0.3532338308457711,402,jo_lx_derive
M,116,1984,0.36923076923076925,260,jo_lx_derive
M,117,1984,0.38414634146341464,164,jo_lx_derive
M,118,1984,0.40594059405940597,101,jo_lx_derive
M,119,1984,0.41666666666666663,60,jo_lx_derive
M,120,1984,1.0,35,fermeture_hypothese
M,11,1985,0.00012999999999996348,100000,jo_lx_derive
M,12,1985,0.0001400182023663099,99987,jo_lx_derive
M,13,1985,0.0001400378102087707,99973,jo_lx_derive
M,14,1985,0.00016006562690706883,99959,jo_lx_derive
M,15,1985,0.00018010265851531315,99943,jo_lx_derive
M,16,1985,0.0002001501125844518,99925,jo_lx_derive
M,17,1985,0.0002302187077724005,99905,jo_lx_derive
M,18,1985,0.00027031897639218094,99882,jo_lx_derive
M,19,1985,0.0002904211106103949,99855,jo_lx_derive
M,20,1985,0.00030052290986315455,99826,jo_lx_derive
M,21,1985,0.00030061325103214465,99796,jo_lx_derive
M,22,1985,0.0002906801916484625,99766,jo_lx_derive
M,23,1985,0.00028073834183905966,99737,jo_lx_derive
M,24,1985,0.00028081717798789096,99709,jo_lx_derive
M,25,1985,0.0002808960584264053,99681,jo_lx_derive
M,26,1985,0.0002709401623633978,99653,jo_lx_derive
M,27,1985,0.0002810511312307806,99626,jo_lx_derive
M,28,1985,0.0002710897809192758,99598,jo_lx_derive
M,29,1985,0.0002711632905163519,99571,jo_lx_derive
M,30,1985,0.00027123683999030757,99544,jo_lx_derive
M,31,1985,0.0002813589637951086,99517,jo_lx_derive
M,32,1985,0.0002814381489411044,99489,jo_lx_derive
M,33,1985,0.0002915715707664246,99461,jo_lx_derive
M,34,1985,0.0003017137340092235,99432,jo_lx_derive
M,35,1985,0.0003018047926600653,99402,jo_lx_derive
M,36,1985,0.0003220223000443001,99372,jo_lx_derive
M,37,1985,0.0003321924703040269,99340,jo_lx_derive
M,38,1985,0.00035244242601228937,99307,jo_lx_derive
M,39,1985,0.00037271335321142907,99272,jo_lx_derive
M,40,1985,0.0004030835894593965,99235,jo_lx_derive
M,41,1985,0.00043348959120925734,99195,jo_lx_derive
M,42,1985,0.00047401968694527064,99152,jo_lx_derive
M,43,1985,0.0005246960294637004,99105,jo_lx_derive
M,44,1985,0.0005653539014467412,99053,jo_lx_derive
M,45,1985,0.000606078972090085,98997,jo_lx_derive
M,46,1985,0.0006670911792352463,98937,jo_lx_derive
M,47,1985,0.000738335811309665,98871,jo_lx_derive
M,48,1985,0.0007692463410190475,98798,jo_lx_derive
M,49,1985,0.0008204858086343636,98722,jo_lx_derive
M,50,1985,0.0008211595583986764,98641,jo_lx_derive
M,51,1985,0.0009131493506493449,98560,jo_lx_derive
M,52,1985,0.0009952269726820617,98470,jo_lx_derive
M,53,1985,0.0010978733786036754,98372,jo_lx_derive
M,54,1985,0.001261906700317561,98264,jo_lx_derive
M,55,1985,0.0014672916242103318,98140,jo_lx_derive
M,56,1985,0.001571492713988376,97996,jo_lx_derive
M,57,1985,0.0016966129065227875,97842,jo_lx_derive
M,58,1985,0.0018018755886809457,97676,jo_lx_derive
M,59,1985,0.001764102564102532,97500,jo_lx_derive
M,60,1985,0.0017877691928325223,97328,jo_lx_derive
M,61,1985,0.0018630215945818485,97154,jo_lx_derive
M,62,1985,0.0019386839635774367,96973,jo_lx_derive
M,63,1985,0.002025107196363063,96785,jo_lx_derive
M,64,1985,0.0022776920767375586,96589,jo_lx_derive
M,65,1985,0.002469673857775856,96369,jo_lx_derive
M,66,1985,0.002663032736578197,96131,jo_lx_derive
M,67,1985,0.0029413298565841295,95875,jo_lx_derive
M,68,1985,0.0033266034123837773,95593,jo_lx_derive
M,69,1985,0.0037365520860666024,95275,jo_lx_derive
M,70,1985,0.004298401795214901,94919,jo_lx_derive
M,71,1985,0.004877739099152456,94511,jo_lx_derive
M,72,1985,0.005401382243487518,94050,jo_lx_derive
M,73,1985,0.006061448333368968,93542,jo_lx_derive
M,74,1985,0.006571659048131173,92975,jo_lx_derive
M,75,1985,0.006972413494435115,92364,jo_lx_derive
M,76,1985,0.0076428259921500485,91720,jo_lx_derive
M,77,1985,0.008152144057834043,91019,jo_lx_derive
M,78,1985,0.009094232196461993,90277,jo_lx_derive
M,79,1985,0.01054149526023962,89456,jo_lx_derive
M,80,1985,0.012348468586535266,88513,jo_lx_derive
M,81,1985,0.014264470372912341,87420,jo_lx_derive
M,82,1985,0.017638935629489483,86173,jo_lx_derive
M,83,1985,0.020188298111112446,84653,jo_lx_derive
M,84,1985,0.023919753086419804,82944,jo_lx_derive
M,85,1985,0.027680335968379488,80960,jo_lx_derive
M,86,1985,0.03238100077490824,78719,jo_lx_derive
M,87,1985,0.03623473808586053,76170,jo_lx_derive
M,88,1985,0.04104345457022207,73410,jo_lx_derive
M,89,1985,0.046962228504055625,70397,jo_lx_derive
M,90,1985,0.05617743065388803,67091,jo_lx_derive
M,91,1985,0.06353242159123207,63322,jo_lx_derive
M,92,1985,0.07173814060945383,59299,jo_lx_derive
M,93,1985,0.07948042510673081,55045,jo_lx_derive
M,94,1985,0.08782316952832048,50670,jo_lx_derive
M,95,1985,0.09749026395499782,46220,jo_lx_derive
M,96,1985,0.10667881286858127,41714,jo_lx_derive
M,97,1985,0.11622477458136538,37264,jo_lx_derive
M,98,1985,0.12613487990769134,32933,jo_lx_derive
M,99,1985,0.1363841690121269,28779,jo_lx_derive
M,100,1985,0.1470588235294118,24854,jo_lx_derive
M,101,1985,0.1580263219963206,21199,jo_lx_derive
M,102,1985,0.16936523054512853,17849,jo_lx_derive
M,103,1985,0.1811007689194658,14826,jo_lx_derive
M,104,1985,0.1932295527551272,12141,jo_lx_derive
M,105,1985,0.2056151097498724,9795,jo_lx_derive
M,106,1985,0.2183523968641563,7781,jo_lx_derive
M,107,1985,0.23150279513317984,6082,jo_lx_derive
M,108,1985,0.2449721865639709,4674,jo_lx_derive
M,109,1985,0.2589968829696798,3529,jo_lx_derive
M,110,1985,0.2730401529636711,2615,jo_lx_derive
M,111,1985,0.2877432930036823,1901,jo_lx_derive
M,112,1985,0.30206794682422455,1354,jo_lx_derive
M,113,1985,0.31746031746031744,945,jo_lx_derive
M,114,1985,0.33333333333333337,645,jo_lx_derive
M,115,1985,0.34883720930232553,430,jo_lx_derive
M,116,1985,0.3678571428571429,280,jo_lx_derive
M,117,1985,0.37853107344632764,177,jo_lx_derive
M,118,1985,0.4,110,jo_lx_derive
M,119,1985,0.4242424242424242,66,jo_lx_derive
M,120,1985,1.0,38,fermeture_hypothese
M,10,1986,0.00012999999999996348,100000,jo_lx_derive
M,11,1986,0.0001300169021972719,99987,jo_lx_derive
M,12,1986,0.00013003380879028636,99974,jo_lx_derive
M,13,1986,0.00014005462130228796,99961,jo_lx_derive
M,14,1986,0.0001500795421572887,99947,jo_lx_derive
M,15,1986,0.00018012248328869163,99932,jo_lx_derive
M,16,1986,0.00019016354064493868,99914,jo_lx_derive
M,17,1986,0.00023024175384156464,99895,jo_lx_derive
M,18,1986,0.00026033322652996294,99872,jo_lx_derive
M,19,1986,0.0002904472888247689,99846,jo_lx_derive
M,20,1986,0.00029053167296155813,99817,jo_lx_derive
M,21,1986,0.000290616106145003,99788,jo_lx_derive
M,22,1986,0.00028067643019680233,99759,jo_lx_derive
M,23,1986,0.0002807552315728934,99731,jo_lx_derive
M,24,1986,0.0002808340772093576,99703,jo_lx_derive
M,25,1986,0.00027088036117384195,99675,jo_lx_derive
M,26,1986,0.0002709537572254117,99648,jo_lx_derive
M,27,1986,0.00026098914887418,99621,jo_lx_derive
M,28,1986,0.0002710979466841179,99595,jo_lx_derive
M,29,1986,0.00026112807327660637,99568,jo_lx_derive
M,30,1986,0.00027124228968677944,99542,jo_lx_derive
M,31,1986,0.00027131588202788937,99515,jo_lx_derive
M,32,1986,0.00028144097780635757,99488,jo_lx_derive
M,33,1986,0.00028152020912930453,99460,jo_lx_derive
M,34,1986,0.0002916566095422235,99432,jo_lx_derive
M,35,1986,0.00029174169793666493,99403,jo_lx_derive
M,36,1986,0.0003119528246825487,99374,jo_lx_derive
M,37,1986,0.0003321824386217642,99343,jo_lx_derive
M,38,1986,0.00034236229986905897,99310,jo_lx_derive
M,39,1986,0.00036262540795362064,99276,jo_lx_derive
M,40,1986,0.00039298669891174587,99240,jo_lx_derive
M,41,1986,0.0004233828288021657,99201,jo_lx_derive
M,42,1986,0.00046390141086538605,99159,jo_lx_derive
M,43,1986,0.0005145641843148363,99113,jo_lx_derive
M,44,1986,0.0005552078496294799,99062,jo_lx_derive
M,45,1986,0.0005858171644429477,99007,jo_lx_derive
M,46,1986,0.0006569040616883903,98949,jo_lx_derive
M,47,1986,0.0007180130253630068,98884,jo_lx_derive
M,48,1986,0.0007590094420774074,98813,jo_lx_derive
M,49,1986,0.0007899694140047764,98738,jo_lx_derive
M,50,1986,0.0008108655990269886,98660,jo_lx_derive
M,51,1986,0.0008926759991885191,98580,jo_lx_derive
M,52,1986,0.0009746984526661784,98492,jo_lx_derive
M,53,1986,0.0010671165494532397,98396,jo_lx_derive
M,54,1986,0.001241212318523588,98291,jo_lx_derive
M,55,1986,0.001426112112785094,98169,jo_lx_derive
M,56,1986,0.0015403605055647196,98029,jo_lx_derive
M,57,1986,0.0016653384826007533,97878,jo_lx_derive
M,58,1986,0.0017499872076958134,97715,jo_lx_derive
M,59,1986,0.001732551463954679,97544,jo_lx_derive
M,60,1986,0.0017458279845956604,97375,jo_lx_derive
M,61,1986,0.0018208939869348573,97205,jo_lx_derive
M,62,1986,0.0018860535103268905,97028,jo_lx_derive
M,63,1986,0.001992875212969203,96845,jo_lx_derive
M,64,1986,0.0022244754376525844,96652,jo_lx_derive
M,65,1986,0.002405715648558071,96437,jo_lx_derive
M,66,1986,0.0025986175354710817,96205,jo_lx_derive
M,67,1986,0.002886769840029224,95955,jo_lx_derive
M,68,1986,0.0032400342816530925,95678,jo_lx_derive
M,69,1986,0.0036595084305007797,95368,jo_lx_derive
M,70,1986,0.0042096843789136695,95019,jo_lx_derive
M,71,1986,0.0047664845327048955,94619,jo_lx_derive
M,72,1986,0.0052884206949281864,94168,jo_lx_derive
M,73,1986,0.005925056047827448,93670,jo_lx_derive
M,74,1986,0.006443644955162919,93115,jo_lx_derive
M,75,1986,0.006820515592066201,92515,jo_lx_derive
M,76,1986,0.007476818597361934,91884,jo_lx_derive
M,77,1986,0.007982718729782734,91197,jo_lx_derive
M,78,1986,0.008898075583901655,90469,jo_lx_derive
M,79,1986,0.01032744468236979,89664,jo_lx_derive
M,80,1986,0.012091775789402459,88738,jo_lx_derive
M,81,1986,0.013985056750128289,87665,jo_lx_derive
M,82,1986,0.01731857147815219,86439,jo_lx_derive
M,83,1986,0.019801747074474352,84942,jo_lx_derive
M,84,1986,0.023516694691328333,83260,jo_lx_derive
M,85,1986,0.027207202774839456,81302,jo_lx_derive
M,86,1986,0.03184979137691235,79090,jo_lx_derive
M,87,1986,0.035653184626033396,76571,jo_lx_derive
M,88,1986,0.040397611083273555,73841,jo_lx_derive
M,89,1986,0.04627564989133193,70858,jo_lx_derive
M,90,1986,0.05535743352224809,67579,jo_lx_derive
M,91,1986,0.06262727529057932,63838,jo_lx_derive
M,92,1986,0.0707219251336898,59840,jo_lx_derive
M,93,1986,0.07835203567831972,55608,jo_lx_derive
M,94,1986,0.0866129441376754,51251,jo_lx_derive
M,95,1986,0.09621464581731176,46812,jo_lx_derive
M,96,1986,0.1052755979956509,42308,jo_lx_derive
M,97,1986,0.11475669678237443,37854,jo_lx_derive
M,98,1986,0.12455983288570571,33510,jo_lx_derive
M,99,1986,0.13474911371693488,29336,jo_lx_derive
M,100,1986,0.1452940944726786,25383,jo_lx_derive
M,101,1986,0.15621110855035725,21695,jo_lx_derive
M,102,1986,0.16748607014093742,18306,jo_lx_derive
M,103,1986,0.17913385826771655,15240,jo_lx_derive
M,104,1986,0.1911270983213429,12510,jo_lx_derive
M,105,1986,0.20347860460519818,10119,jo_lx_derive
M,106,1986,0.21612903225806457,8060,jo_lx_derive
M,107,1986,0.22934472934472938,6318,jo_lx_derive
M,108,1986,0.24255493941261042,4869,jo_lx_derive
M,109,1986,0.25650759219088937,3688,jo_lx_derive
M,110,1986,0.2706053975200583,2742,jo_lx_derive
M,111,1986,0.28500000000000003,2000,jo_lx_derive
M,112,1986,0.30000000000000004,1430,jo_lx_derive
M,113,1986,0.3146853146853147,1001,jo_lx_derive
M,114,1986,0.3309037900874635,686,jo_lx_derive
M,115,1986,0.3464052287581699,459,jo_lx_derive
M,116,1986,0.3633333333333333,300,jo_lx_derive
M,117,1986,0.37696335078534027,191,jo_lx_derive
M,118,1986,0.39495798319327735,119,jo_lx_derive
M,119,1986,0.41666666666666663,72,jo_lx_derive
M,120,1986,1.0,42,fermeture_hypothese
M,9,1987,0.00012999999999996348,100000,jo_lx_derive
M,10,1987,0.00012001560202823391,99987,jo_lx_derive
M,11,1987,0.0001300325081270426,99975,jo_lx_derive
M,12,1987,0.00013004941877914344,99962,jo_lx_derive
M,13,1987,0.000130066333830281,99949,jo_lx_derive
M,14,1987,0.0001500960614793101,99936,jo_lx_derive
M,15,1987,0.00017013440618085518,99921,jo_lx_derive
M,16,1987,0.0002001921844970722,99904,jo_lx_derive
M,17,1987,0.00022025549637583186,99884,jo_lx_derive
M,18,1987,0.0002503454767579516,99862,jo_lx_derive
M,19,1987,0.00028045714514657316,99837,jo_lx_derive
M,20,1987,0.0002905549599735435,99809,jo_lx_derive
M,21,1987,0.0002806173581879623,99780,jo_lx_derive
M,22,1987,0.00028069612639347596,99752,jo_lx_derive
M,23,1987,0.00027074726244435965,99724,jo_lx_derive
M,24,1987,0.0002708205863767299,99697,jo_lx_derive
M,25,1987,0.0002608608407745905,99670,jo_lx_derive
M,26,1987,0.00027096463409737037,99644,jo_lx_derive
M,27,1987,0.00026099962857739634,99617,jo_lx_derive
M,28,1987,0.00026106776716772195,99591,jo_lx_derive
M,29,1987,0.00026113594134480334,99565,jo_lx_derive
M,30,1987,0.0002612041511367291,99539,jo_lx_derive
M,31,1987,0.0002612723965712549,99513,jo_lx_derive
M,32,1987,0.00027139224220251723,99487,jo_lx_derive
M,33,1987,0.00028152020912930453,99460,jo_lx_derive
M,34,1987,0.0002815994850752235,99432,jo_lx_derive
M,35,1987,0.0002917387630276824,99404,jo_lx_derive
M,36,1987,0.00030188679245279904,99375,jo_lx_derive
M,37,1987,0.0003221098193165739,99345,jo_lx_derive
M,38,1987,0.00033228278271724143,99313,jo_lx_derive
M,39,1987,0.0003626107977438009,99280,jo_lx_derive
M,40,1987,0.000382894683809587,99244,jo_lx_derive
M,41,1987,0.00041328145475072464,99206,jo_lx_derive
M,42,1987,0.00045378913931326537,99165,jo_lx_derive
M,43,1987,0.0005044390637610752,99120,jo_lx_derive
M,44,1987,0.0005349752700111177,99070,jo_lx_derive
M,45,1987,0.0005756587252694345,99017,jo_lx_derive
M,46,1987,0.0006366208569118514,98960,jo_lx_derive
M,47,1987,0.0007078071124503316,98897,jo_lx_derive
M,48,1987,0.0007386645349954923,98827,jo_lx_derive
M,49,1987,0.0007797152520404582,98754,jo_lx_derive
M,50,1987,0.0007803236823170634,98677,jo_lx_derive
M,51,1987,0.0008823529411764452,98600,jo_lx_derive
M,52,1987,0.0009440378427212348,98513,jo_lx_derive
M,53,1987,0.0010465352570615538,98420,jo_lx_derive
M,54,1987,0.00121037053612294,98317,jo_lx_derive
M,55,1987,0.0013951404305586612,98198,jo_lx_derive
M,56,1987,0.0015092646413966682,98061,jo_lx_derive
M,57,1987,0.0016238905967542738,97913,jo_lx_derive
M,58,1987,0.001718599750393901,97754,jo_lx_derive
M,59,1987,0.0016805689340684271,97586,jo_lx_derive
M,60,1987,0.001714191866313608,97422,jo_lx_derive
M,61,1987,0.001778828851986991,97255,jo_lx_derive
M,62,1987,0.0018438021466389287,97082,jo_lx_derive
M,63,1987,0.0019400844143112606,96903,jo_lx_derive
M,64,1987,0.002181667786796293,96715,jo_lx_derive
M,65,1987,0.0023522341042858663,96504,jo_lx_derive
M,66,1987,0.002544740696116432,96277,jo_lx_derive
M,67,1987,0.002811562812395918,96032,jo_lx_derive
M,68,1987,0.003174536872663447,95762,jo_lx_derive
M,69,1987,0.003572251670891924,95458,jo_lx_derive
M,70,1987,0.0041107267891123955,95117,jo_lx_derive
M,71,1987,0.0046660895635833866,94726,jo_lx_derive
M,72,1987,0.005175851682151844,94284,jo_lx_derive
M,73,1987,0.005810482323340027,93796,jo_lx_derive
M,74,1987,0.0062948386612475815,93251,jo_lx_derive
M,75,1987,0.006680048346714984,92664,jo_lx_derive
M,76,1987,0.007322505296322501,92045,jo_lx_derive
M,77,1987,0.007803351172691597,91371,jo_lx_derive
M,78,1987,0.008703037790377066,90658,jo_lx_derive
M,79,1987,0.010125849848112267,89869,jo_lx_derive
M,80,1987,0.011848154767926777,88959,jo_lx_derive
M,81,1987,0.013707980205904136,87905,jo_lx_derive
M,82,1987,0.01698961937716259,86700,jo_lx_derive
M,83,1987,0.01944219554835913,85227,jo_lx_derive
M,84,1987,0.02309441187028838,83570,jo_lx_derive
M,85,1987,0.026751592356687892,81640,jo_lx_derive
M,86,1987,0.03133809907370122,79456,jo_lx_derive
M,87,1987,0.03506743237273602,76966,jo_lx_derive
M,88,1987,0.03978886988837571,74267,jo_lx_derive
M,89,1987,0.045574377383890474,71312,jo_lx_derive
M,90,1987,0.05455320149275655,68062,jo_lx_derive
M,91,1987,0.061725900946401624,64349,jo_lx_derive
M,92,1987,0.06972853901320042,60377,jo_lx_derive
M,93,1987,0.07725176705182757,56167,jo_lx_derive
M,94,1987,0.08541714903141162,51828,jo_lx_derive
M,95,1987,0.0949136094175228,47401,jo_lx_derive
M,96,1987,0.10391123956925086,42902,jo_lx_derive
M,97,1987,0.1132816564353345,38444,jo_lx_derive
M,98,1987,0.1230308897298249,34089,jo_lx_derive
M,99,1987,0.13313263087472826,29895,jo_lx_derive
M,100,1987,0.1435847964499325,25915,jo_lx_derive
M,101,1987,0.15441110209966658,22194,jo_lx_derive
M,102,1987,0.16566313209356853,18767,jo_lx_derive
M,103,1987,0.1771618342061566,15658,jo_lx_derive
M,104,1987,0.18907171685811863,12884,jo_lx_derive
M,105,1987,0.20137825421133226,10448,jo_lx_derive
M,106,1987,0.2139261744966443,8344,jo_lx_derive
M,107,1987,0.22701631346241802,6559,jo_lx_derive
M,108,1987,0.24023668639053253,5070,jo_lx_derive
M,109,1987,0.254153686396677,3852,jo_lx_derive
M,110,1987,0.2680125304559694,2873,jo_lx_derive
M,111,1987,0.28245363766048504,2103,jo_lx_derive
M,112,1987,0.2968853545394301,1509,jo_lx_derive
M,113,1987,0.3129123468426013,1061,jo_lx_derive
M,114,1987,0.3278463648834019,729,jo_lx_derive
M,115,1987,0.34285714285714286,490,jo_lx_derive
M,116,1987,0.36024844720496896,322,jo_lx_derive
M,117,1987,0.37378640776699024,206,jo_lx_derive
M,118,1987,0.39534883720930236,129,jo_lx_derive
M,119,1987,0.41025641025641024,78,jo_lx_derive
M,120,1987,1.0,46,fermeture_hypothese
M,8,1988,0.00012999999999996348,100000,jo_lx_derive
M,9,1988,0.00012001560202823391,99987,jo_lx_derive
M,10,1988,0.00012003000750182569,99975,jo_lx_derive
M,11,1988,0.00012004441643409525,99963,jo_lx_derive
M,12,1988,0.0001300637312282582,99951,jo_lx_derive
M,13,1988,0.0001400868538493638,99938,jo_lx_derive
M,14,1988,0.00014010648092555034,99924,jo_lx_derive
M,15,1988,0.0001701531378240917,99910,jo_lx_derive
M,16,1988,0.00019020351776399824,99893,jo_lx_derive
M,17,1988,0.00022027754971265523,99874,jo_lx_derive
M,18,1988,0.0002503705484117047,99852,jo_lx_derive
M,19,1988,0.00027046790948337396,99827,jo_lx_derive
M,20,1988,0.0002805611222445048,99800,jo_lx_derive
M,21,1988,0.00028063985887827325,99772,jo_lx_derive
M,22,1988,0.0002706929740134978,99744,jo_lx_derive
M,23,1988,0.00026073788822367217,99717,jo_lx_derive
M,24,1988,0.00026080589020072154,99691,jo_lx_derive
M,25,1988,0.0002608739276576122,99665,jo_lx_derive
M,26,1988,0.00026094200062221073,99639,jo_lx_derive
M,27,1988,0.00025097125877149296,99613,jo_lx_derive
M,28,1988,0.00025103426115591354,99588,jo_lx_derive
M,29,1988,0.00026114118698716826,99563,jo_lx_derive
M,30,1988,0.00025116288415361065,99537,jo_lx_derive
M,31,1988,0.00026127502210793185,99512,jo_lx_derive
M,32,1988,0.00027139497014649905,99486,jo_lx_derive
M,33,1988,0.0002614142510984907,99459,jo_lx_derive
M,34,1988,0.00028159665302263104,99433,jo_lx_derive
M,35,1988,0.000281675972033546,99405,jo_lx_derive
M,36,1988,0.00030188071686609863,99377,jo_lx_derive
M,37,1988,0.00031203760556430815,99347,jo_lx_derive
M,38,1988,0.00032220387450154764,99316,jo_lx_derive
M,39,1988,0.0003525240723580847,99284,jo_lx_derive
M,40,1988,0.0003727997259418414,99249,jo_lx_derive
M,41,1988,0.00041325646091194823,99212,jo_lx_derive
M,42,1988,0.0004335944983916429,99171,jo_lx_derive
M,43,1988,0.0004943103865708842,99128,jo_lx_derive
M,44,1988,0.0005349266746736969,99079,jo_lx_derive
M,45,1988,0.0005554096903843675,99026,jo_lx_derive
M,46,1988,0.0006264461306847435,98971,jo_lx_derive
M,47,1988,0.0006875006318939336,98909,jo_lx_derive
M,48,1988,0.000718325391285024,98841,jo_lx_derive
M,49,1988,0.0007593398805305629,98770,jo_lx_derive
M,50,1988,0.0007700491412938604,98695,jo_lx_derive
M,51,1988,0.0008619028787556493,98619,jo_lx_derive
M,52,1988,0.0009235390829561707,98534,jo_lx_derive
M,53,1988,0.0010259744217465672,98443,jo_lx_derive
M,54,1988,0.0011795570559882673,98342,jo_lx_derive
M,55,1988,0.0013642009243988173,98226,jo_lx_derive
M,56,1988,0.0014680096236185936,98092,jo_lx_derive
M,57,1988,0.0015926818311757795,97948,jo_lx_derive
M,58,1988,0.0016770287958115526,97792,jo_lx_derive
M,59,1988,0.0016491170565821056,97628,jo_lx_derive
M,60,1988,0.00167236090163847,97467,jo_lx_derive
M,61,1988,0.001747101866315881,97304,jo_lx_derive
M,62,1988,0.001791339798628666,97134,jo_lx_derive
M,63,1988,0.0018976897689768624,96960,jo_lx_derive
M,64,1988,0.0021286269322973173,96776,jo_lx_derive
M,65,1988,0.0022988505747126853,96570,jo_lx_derive
M,66,1988,0.002490970232905676,96348,jo_lx_derive
M,67,1988,0.002746909726557667,96108,jo_lx_derive
M,68,1988,0.003098785526480574,95844,jo_lx_derive
M,69,1988,0.0034956618208840107,95547,jo_lx_derive
M,70,1988,0.004033062712024638,95213,jo_lx_derive
M,71,1988,0.0045555684442523114,94829,jo_lx_derive
M,72,1988,0.005074313802345465,94397,jo_lx_derive
M,73,1988,0.00567516344044805,93918,jo_lx_derive
M,74,1988,0.006168014135032429,93385,jo_lx_derive
M,75,1988,0.006529539161072795,92809,jo_lx_derive
M,76,1988,0.007168964133488109,92203,jo_lx_derive
M,77,1988,0.007635839286884716,91542,jo_lx_derive
M,78,1988,0.008520194181169671,90843,jo_lx_derive
M,79,1988,0.009914621012779068,90069,jo_lx_derive
M,80,1988,0.01160626177446844,89176,jo_lx_derive
M,81,1988,0.013433022089606395,88141,jo_lx_derive
M,82,1988,0.016674908288004442,86957,jo_lx_derive
M,83,1988,0.019097851637877583,85507,jo_lx_derive
M,84,1988,0.022688795097408065,83874,jo_lx_derive
M,85,1988,0.026289785411913957,81971,jo_lx_derive
M,86,1988,0.03082088804249772,79816,jo_lx_derive
M,87,1988,0.03451574538497337,77356,jo_lx_derive
M,88,1988,0.03916396647296683,74686,jo_lx_derive
M,89,1988,0.04488510472262097,71761,jo_lx_derive
M,90,1988,0.05376422526991542,68540,jo_lx_derive
M,91,1988,0.060843419936782106,64855,jo_lx_derive
M,92,1988,0.06874189364461736,60909,jo_lx_derive
M,93,1988,0.07616092521420259,56722,jo_lx_derive
M,94,1988,0.08425250944620433,52402,jo_lx_derive
M,95,1988,0.09365036364015256,47987,jo_lx_derive
M,96,1988,0.10254523716460118,43493,jo_lx_derive
M,97,1988,0.11185407219532195,39033,jo_lx_derive
M,98,1988,0.12149883174200249,34667,jo_lx_derive
M,99,1988,0.13150549991791172,30455,jo_lx_derive
M,100,1988,0.14192816635160677,26450,jo_lx_derive
M,101,1988,0.15267007402185406,22696,jo_lx_derive
M,102,1988,0.16374603504757945,19231,jo_lx_derive
M,103,1988,0.1752269618206691,16082,jo_lx_derive
M,104,1988,0.1871230398069964,13264,jo_lx_derive
M,105,1988,0.19922092376182532,10782,jo_lx_derive
M,106,1988,0.21183692378966879,8634,jo_lx_derive
M,107,1988,0.22468772961058048,6805,jo_lx_derive
M,108,1988,0.23805913570887038,5276,jo_lx_derive
M,109,1988,0.2514925373134328,4020,jo_lx_derive
M,110,1988,0.2655367231638418,3009,jo_lx_derive
M,111,1988,0.28009049773755657,2210,jo_lx_derive
M,112,1988,0.2947831552482715,1591,jo_lx_derive
M,113,1988,0.30926916221033873,1122,jo_lx_derive
M,114,1988,0.3251612903225807,775,jo_lx_derive
M,115,1988,0.3403441682600382,523,jo_lx_derive
M,116,1988,0.35652173913043483,345,jo_lx_derive
M,117,1988,0.37387387387387383,222,jo_lx_derive
M,118,1988,0.38848920863309355,139,jo_lx_derive
M,119,1988,0.4117647058823529,85,jo_lx_derive
M,120,1988,1.0,50,fermeture_hypothese
M,7,1989,0.00012999999999996348,100000,jo_lx_derive
M,8,1989,0.0001300169021972719,99987,jo_lx_derive
M,9,1989,0.00012003120811410195,99974,jo_lx_derive
M,10,1989,0.00012004561733458541,99962,jo_lx_derive
M,11,1989,0.0001200600300149679,99950,jo_lx_derive
M,12,1989,0.0001200744461565817,99938,jo_lx_derive
M,13,1989,0.00013009627124072054,99926,jo_lx_derive
M,14,1989,0.00015013061363389202,99913,jo_lx_derive
M,15,1989,0.00016016336663393638,99898,jo_lx_derive
M,16,1989,0.00018021265092804661,99882,jo_lx_derive
M,17,1989,0.00022029960746616783,99864,jo_lx_derive
M,18,1989,0.00024037980008417836,99842,jo_lx_derive
M,19,1989,0.00027049229597864155,99818,jo_lx_derive
M,20,1989,0.00027056548185711016,99791,jo_lx_derive
M,21,1989,0.0002706387073493355,99764,jo_lx_derive
M,22,1989,0.0002606856031363014,99737,jo_lx_derive
M,23,1989,0.000260753577839945,99711,jo_lx_derive
M,24,1989,0.00026082158800222466,99685,jo_lx_derive
M,25,1989,0.00025085541697189573,99659,jo_lx_derive
M,26,1989,0.0002509183612019461,99634,jo_lx_derive
M,27,1989,0.00025098133702783354,99609,jo_lx_derive
M,28,1989,0.00025104434447298374,99584,jo_lx_derive
M,29,1989,0.00025110738356148854,99559,jo_lx_derive
M,30,1989,0.0002511704543171067,99534,jo_lx_derive
M,31,1989,0.00025123355676370807,99509,jo_lx_derive
M,32,1989,0.0002613485585621911,99484,jo_lx_derive
M,33,1989,0.0002614168794867755,99458,jo_lx_derive
M,34,1989,0.00027154236060822345,99432,jo_lx_derive
M,35,1989,0.00027161611588955026,99405,jo_lx_derive
M,36,1989,0.00029181508985887117,99378,jo_lx_derive
M,37,1989,0.00031203132391866006,99349,jo_lx_derive
M,38,1989,0.00031212871785579743,99318,jo_lx_derive
M,39,1989,0.0003424416086698079,99287,jo_lx_derive
M,40,1989,0.0003727847017218622,99253,jo_lx_derive
M,41,1989,0.00039308176100627534,99216,jo_lx_derive
M,42,1989,0.00043356826683604854,99177,jo_lx_derive
M,43,1989,0.0004841931123529264,99134,jo_lx_derive
M,44,1989,0.0005147043981995614,99086,jo_lx_derive
M,45,1989,0.0005452617761397827,99035,jo_lx_derive
M,46,1989,0.0006061769430496522,98981,jo_lx_derive
M,47,1989,0.0006773081549923399,98921,jo_lx_derive
M,48,1989,0.0007081149978757084,98854,jo_lx_derive
M,49,1989,0.0007389860706187301,98784,jo_lx_derive
M,50,1989,0.0007496631581079827,98711,jo_lx_derive
M,51,1989,0.000841469225544178,98637,jo_lx_derive
M,52,1989,0.0009030582218885197,98554,jo_lx_derive
M,53,1989,0.0009952775097750166,98465,jo_lx_derive
M,54,1989,0.0011589252493213742,98367,jo_lx_derive
M,55,1989,0.0013332926221082397,98253,jo_lx_derive
M,56,1989,0.0014369866085077732,98122,jo_lx_derive
M,57,1989,0.0015615272348720177,97981,jo_lx_derive
M,58,1989,0.0016355235719834882,97828,jo_lx_derive
M,59,1989,0.00161772535528526,97668,jo_lx_derive
M,60,1989,0.0016306019895395707,97510,jo_lx_derive
M,61,1989,0.0017051699520292951,97351,jo_lx_derive
M,62,1989,0.0017595307917888103,97185,jo_lx_derive
M,63,1989,0.0018450945224400828,97014,jo_lx_derive
M,64,1989,0.002075695771157071,96835,jo_lx_derive
M,65,1989,0.002255934764161638,96634,jo_lx_derive
M,66,1989,0.002426983073348876,96416,jo_lx_derive
M,67,1989,0.0026824145890083084,96182,jo_lx_derive
M,68,1989,0.0030336516408823178,95924,jo_lx_derive
M,69,1989,0.0034193217822300337,95633,jo_lx_derive
M,70,1989,0.0039346945627767305,95306,jo_lx_derive
M,71,1989,0.004466401912968321,94931,jo_lx_derive
M,72,1989,0.0049625953633064546,94507,jo_lx_derive
M,73,1989,0.005550947489312841,94038,jo_lx_derive
M,74,1989,0.0060417468668463314,93516,jo_lx_derive
M,75,1989,0.006390463792750989,92951,jo_lx_derive
M,76,1989,0.007016252151975433,92357,jo_lx_derive
M,77,1989,0.007480181879641057,91709,jo_lx_derive
M,78,1989,0.008338551794601412,91023,jo_lx_derive
M,79,1989,0.009704865727200196,90264,jo_lx_derive
M,80,1989,0.011377366089407981,89388,jo_lx_derive
M,81,1989,0.013171741861017772,88371,jo_lx_derive
M,82,1989,0.0163518983567833,87207,jo_lx_derive
M,83,1989,0.01874540982268802,85781,jo_lx_derive
M,84,1989,0.022299312130968363,84173,jo_lx_derive
M,85,1989,0.02584572761738113,82296,jo_lx_derive
M,86,1989,0.030310968079931166,80169,jo_lx_derive
M,87,1989,0.03395978852313508,77739,jo_lx_derive
M,88,1989,0.03856243092451295,75099,jo_lx_derive
M,89,1989,0.04420868938963751,72203,jo_lx_derive
M,90,1989,0.052977061627856425,69011,jo_lx_derive
M,91,1989,0.05998010863744163,65355,jo_lx_derive
M,92,1989,0.06774639863270127,61435,jo_lx_derive
M,93,1989,0.07509646779459778,57273,jo_lx_derive
M,94,1989,0.0830816280299026,52972,jo_lx_derive
M,95,1989,0.0924008153013115,48571,jo_lx_derive
M,96,1989,0.10121815665902956,44083,jo_lx_derive
M,97,1989,0.11042124126094743,39621,jo_lx_derive
M,98,1989,0.12001361856664583,35246,jo_lx_derive
M,99,1989,0.129932937838535,31016,jo_lx_derive
M,100,1989,0.1402579115096717,26986,jo_lx_derive
M,101,1989,0.15089866816085518,23201,jo_lx_derive
M,102,1989,0.1619289340101523,19700,jo_lx_derive
M,103,1989,0.17334948516050874,16510,jo_lx_derive
M,104,1989,0.1851553341148886,13648,jo_lx_derive
M,105,1989,0.19719449689776103,11121,jo_lx_derive
M,106,1989,0.20967741935483875,8928,jo_lx_derive
M,107,1989,0.2225056689342404,7056,jo_lx_derive
M,108,1989,0.23569084943492524,5486,jo_lx_derive
M,109,1989,0.2492248986405915,4193,jo_lx_derive
M,110,1989,0.26334180432020327,3148,jo_lx_derive
M,111,1989,0.27727468736524363,2319,jo_lx_derive
M,112,1989,0.29236276849642007,1676,jo_lx_derive
M,113,1989,0.30691399662731866,1186,jo_lx_derive
M,114,1989,0.3223844282238443,822,jo_lx_derive
M,115,1989,0.33752244165170553,557,jo_lx_derive
M,116,1989,0.3550135501355014,369,jo_lx_derive
M,117,1989,0.3697478991596639,238,jo_lx_derive
M,118,1989,0.3866666666666667,150,jo_lx_derive
M,119,1989,0.40217391304347827,92,jo_lx_derive
M,120,1989,1.0,55,fermeture_hypothese
M,6,1990,0.000140000000000029,100000,jo_lx_derive
M,7,1990,0.00013001820254832097,99986,jo_lx_derive
M,8,1990,0.00013003510947950936,99973,jo_lx_derive
M,9,1990,0.00011004401760705829,99960,jo_lx_derive
M,10,1990,0.00012006123122787482,99949,jo_lx_derive
M,11,1990,0.00012007564765803558,99937,jo_lx_derive
M,12,1990,0.00012009006755064888,99925,jo_lx_derive
M,13,1990,0.000130113198482662,99913,jo_lx_derive
M,14,1990,0.00014014014014018805,99900,jo_lx_derive
M,15,1990,0.0001601826081732982,99886,jo_lx_derive
M,16,1990,0.00018023430459601641,99870,jo_lx_derive
M,17,1990,0.00021031126066584083,99852,jo_lx_derive
M,18,1990,0.00023038935801500404,99831,jo_lx_derive
M,19,1990,0.0002705193972426523,99808,jo_lx_derive
M,20,1990,0.0002605706497228466,99781,jo_lx_derive
M,21,1990,0.00027066312465540143,99755,jo_lx_derive
M,22,1990,0.0002506818546446077,99728,jo_lx_derive
M,23,1990,0.0002607745002657369,99703,jo_lx_derive
M,24,1990,0.00025081011667682507,99677,jo_lx_derive
M,25,1990,0.00024083811664588062,99652,jo_lx_derive
M,26,1990,0.0002509334725178114,99628,jo_lx_derive
M,27,1990,0.00024095659769285405,99603,jo_lx_derive
M,28,1990,0.00024101467176818048,99579,jo_lx_derive
M,29,1990,0.00025111747275374796,99555,jo_lx_derive
M,30,1990,0.00024113332663522336,99530,jo_lx_derive
M,31,1990,0.00025124113118801805,99506,jo_lx_derive
M,32,1990,0.0002513042691568712,99481,jo_lx_derive
M,33,1990,0.0002513674388674447,99456,jo_lx_derive
M,34,1990,0.0002715450915710127,99431,jo_lx_derive
M,35,1990,0.00027161884833604155,99404,jo_lx_derive
M,36,1990,0.00028175533574170686,99377,jo_lx_derive
M,37,1990,0.0003019657973406531,99349,jo_lx_derive
M,38,1990,0.00031212557516691053,99319,jo_lx_derive
M,39,1990,0.00033236644911771585,99288,jo_lx_derive
M,40,1990,0.00035262707168404184,99255,jo_lx_derive
M,41,1990,0.0003930659141302417,99220,jo_lx_derive
M,42,1990,0.00042346820459560064,99181,jo_lx_derive
M,43,1990,0.0004639949969235113,99139,jo_lx_derive
M,44,1990,0.0005045765089360943,99093,jo_lx_derive
M,45,1990,0.0005351211090132146,99043,jo_lx_derive
M,46,1990,0.0005960197999798078,98990,jo_lx_derive
M,47,1990,0.0006570235820925197,98931,jo_lx_derive
M,48,1990,0.0006979143487144679,98866,jo_lx_derive
M,49,1990,0.0007186453029950357,98797,jo_lx_derive
M,50,1990,0.0007394202135202477,98726,jo_lx_derive
M,51,1990,0.0008109231346233869,98653,jo_lx_derive
M,52,1990,0.0008825946253030459,98573,jo_lx_derive
M,53,1990,0.0009849115610340853,98486,jo_lx_derive
M,54,1990,0.0011281748976003092,98389,jo_lx_derive
M,55,1990,0.0013024278068336503,98278,jo_lx_derive
M,56,1990,0.0014060112073357445,98150,jo_lx_derive
M,57,1990,0.0015202220136310007,98012,jo_lx_derive
M,58,1990,0.0016042835392333643,97863,jo_lx_derive
M,59,1990,0.0015761570425562033,97706,jo_lx_derive
M,60,1990,0.0015991471215351938,97552,jo_lx_derive
M,61,1990,0.0016633126617109362,97396,jo_lx_derive
M,62,1990,0.0017175062221034265,97234,jo_lx_derive
M,63,1990,0.0018131805866051787,97067,jo_lx_derive
M,64,1990,0.0020228917030477023,96891,jo_lx_derive
M,65,1990,0.0022028026268162693,96695,jo_lx_derive
M,66,1990,0.0023734997201551034,96482,jo_lx_derive
M,67,1990,0.0026284895016259746,96253,jo_lx_derive
M,68,1990,0.002958333333333285,96000,jo_lx_derive
M,69,1990,0.0033432237034560774,95716,jo_lx_derive
M,70,1990,0.003857604092414757,95396,jo_lx_derive
M,71,1990,0.0043566106831670615,95028,jo_lx_derive
M,72,1990,0.004861859767053556,94614,jo_lx_derive
M,73,1990,0.005437899611275165,94154,jo_lx_derive
M,74,1990,0.005905469767839233,93642,jo_lx_derive
M,75,1990,0.006252081341511895,93089,jo_lx_derive
M,76,1990,0.006875155393645915,92507,jo_lx_derive
M,77,1990,0.007314604173242922,91871,jo_lx_derive
M,78,1990,0.008157984188423173,91199,jo_lx_derive
M,79,1990,0.009507489912111033,90455,jo_lx_derive
M,80,1990,0.011150175791059813,89595,jo_lx_derive
M,81,1990,0.012901259650548558,88596,jo_lx_derive
M,82,1990,0.01605433775856746,87453,jo_lx_derive
M,83,1990,0.018408116305825728,86049,jo_lx_derive
M,84,1990,0.021902563191854574,84465,jo_lx_derive
M,85,1990,0.025407008412515864,82615,jo_lx_derive
M,86,1990,0.02980774007650655,80516,jo_lx_derive
M,87,1990,0.03342465051973986,78116,jo_lx_derive
M,88,1990,0.03795775114230848,75505,jo_lx_derive
M,89,1990,0.04354410165338174,72639,jo_lx_derive
M,90,1990,0.05219068455293918,69476,jo_lx_derive
M,91,1990,0.05911921032649958,65850,jo_lx_derive
M,92,1990,0.06678825637135433,61957,jo_lx_derive
M,93,1990,0.07404140507445645,57819,jo_lx_derive
M,94,1990,0.0819417983488363,53538,jo_lx_derive
M,95,1990,0.09114768773778759,49151,jo_lx_derive
M,96,1990,0.09990821785946136,44671,jo_lx_derive
M,97,1990,0.10903302825308392,40208,jo_lx_derive
M,98,1990,0.1185238945958017,35824,jo_lx_derive
M,99,1990,0.12834885046551392,31578,jo_lx_derive
M,100,1990,0.13860127157129887,27525,jo_lx_derive
M,101,1990,0.14921973850695913,23710,jo_lx_derive
M,102,1990,0.16012294269284155,20172,jo_lx_derive
M,103,1990,0.1714673592255932,16942,jo_lx_derive
M,104,1990,0.1831587946142338,14037,jo_lx_derive
M,105,1990,0.19518576661433806,11466,jo_lx_derive
M,106,1990,0.20762895535327264,9228,jo_lx_derive
M,107,1990,0.22032275711159732,7312,jo_lx_derive
M,108,1990,0.23346781266444483,5701,jo_lx_derive
M,109,1990,0.2469107551487414,4370,jo_lx_derive
M,110,1990,0.2607110300820419,3291,jo_lx_derive
M,111,1990,0.27496917385943276,2433,jo_lx_derive
M,112,1990,0.28968253968253965,1764,jo_lx_derive
M,113,1990,0.30407023144453316,1253,jo_lx_derive
M,114,1990,0.31995412844036697,872,jo_lx_derive
M,115,1990,0.33558178752107926,593,jo_lx_derive
M,116,1990,0.35025380710659904,394,jo_lx_derive
M,117,1990,0.3671875,256,jo_lx_derive
M,118,1990,0.3827160493827161,162,jo_lx_derive
M,119,1990,0.4,100,jo_lx_derive
M,120,1990,1.0,60,fermeture_hypothese
M,5,1991,0.00017000000000000348,100000,jo_lx_derive
M,6,1991,0.0001400238040466517,99983,jo_lx_derive
M,7,1991,0.00013004031249685966,99969,jo_lx_derive
M,8,1991,0.00012005282324223376,99956,jo_lx_derive
M,9,1991,0.0001100616345153238,99944,jo_lx_derive
M,10,1991,0.00011007374941207626,99933,jo_lx_derive
M,11,1991,0.00012009367306498042,99922,jo_lx_derive
M,12,1991,0.00012010809728757454,99910,jo_lx_derive
M,13,1991,0.0001201225249755078,99898,jo_lx_derive
M,14,1991,0.00014015978215164981,99886,jo_lx_derive
M,15,1991,0.0001602050624799345,99872,jo_lx_derive
M,16,1991,0.00017024515302033194,99856,jo_lx_derive
M,17,1991,0.00021033864521879941,99839,jo_lx_derive
M,18,1991,0.00023041936324108558,99818,jo_lx_derive
M,19,1991,0.00026053409489457113,99795,jo_lx_derive
M,20,1991,0.00026060199059829703,99769,jo_lx_derive
M,21,1991,0.00025064415547959573,99743,jo_lx_derive
M,22,1991,0.00026073527347114656,99718,jo_lx_derive
M,23,1991,0.0002407414837699573,99692,jo_lx_derive
M,24,1991,0.00025083276477910754,99668,jo_lx_derive
M,25,1991,0.0002408598697349884,99643,jo_lx_derive
M,26,1991,0.00024091789718827528,99619,jo_lx_derive
M,27,1991,0.00023093528791606754,99595,jo_lx_derive
M,28,1991,0.00024103161531352502,99572,jo_lx_derive
M,29,1991,0.00024108972555958452,99548,jo_lx_derive
M,30,1991,0.00024114786383189202,99524,jo_lx_derive
M,31,1991,0.00024120603015076458,99500,jo_lx_derive
M,32,1991,0.0002412642245365193,99476,jo_lx_derive
M,33,1991,0.0002513775489683123,99452,jo_lx_derive
M,34,1991,0.00026149838575040274,99427,jo_lx_derive
M,35,1991,0.0002615667850424108,99401,jo_lx_derive
M,36,1991,0.0002817610062892939,99375,jo_lx_derive
M,37,1991,0.000291906147140808,99347,jo_lx_derive
M,38,1991,0.0003020600495378112,99318,jo_lx_derive
M,39,1991,0.00033236644911771585,99288,jo_lx_derive
M,40,1991,0.0003425520124931136,99255,jo_lx_derive
M,41,1991,0.00038298344100540227,99221,jo_lx_derive
M,42,1991,0.00041337729247958865,99183,jo_lx_derive
M,43,1991,0.0004538944140727308,99142,jo_lx_derive
M,44,1991,0.0004944650191226474,99097,jo_lx_derive
M,45,1991,0.0005249979807769867,99048,jo_lx_derive
M,46,1991,0.0005858822578690415,98996,jo_lx_derive
M,47,1991,0.0006367624168671648,98938,jo_lx_derive
M,48,1991,0.0006776232616940714,98875,jo_lx_derive
M,49,1991,0.0007084446603513594,98808,jo_lx_derive
M,50,1991,0.0007190747230043648,98738,jo_lx_derive
M,51,1991,0.000800672970699412,98667,jo_lx_derive
M,52,1991,0.0008621738954031066,98588,jo_lx_derive
M,53,1991,0.0009542856562744229,98503,jo_lx_derive
M,54,1991,0.0010974605981159957,98409,jo_lx_derive
M,55,1991,0.0012817773979918456,98301,jo_lx_derive
M,56,1991,0.0013750954927425063,98175,jo_lx_derive
M,57,1991,0.001489188086495341,98040,jo_lx_derive
M,58,1991,0.0015731301203342207,97894,jo_lx_derive
M,59,1991,0.0015346838551258957,97740,jo_lx_derive
M,60,1991,0.0015575366328517415,97590,jo_lx_derive
M,61,1991,0.001631806892588128,97438,jo_lx_derive
M,62,1991,0.001675592882328103,97279,jo_lx_derive
M,63,1991,0.001771077886239092,97116,jo_lx_derive
M,64,1991,0.001980524839082398,96944,jo_lx_derive
M,65,1991,0.002149826360178575,96752,jo_lx_derive
M,66,1991,0.002320185614849146,96544,jo_lx_derive
M,67,1991,0.0025643687707641583,96320,jo_lx_derive
M,68,1991,0.0028936329665982807,96073,jo_lx_derive
M,69,1991,0.0032673939140873687,95795,jo_lx_derive
M,70,1991,0.0037703441486353073,95482,jo_lx_derive
M,71,1991,0.0042682029393831256,95122,jo_lx_derive
M,72,1991,0.004751045229950623,94716,jo_lx_derive
M,73,1991,0.0053253559077504065,94266,jo_lx_derive
M,74,1991,0.005780470116462655,93764,jo_lx_derive
M,75,1991,0.006125163587994198,93222,jo_lx_derive
M,76,1991,0.006724158400880698,92651,jo_lx_derive
M,77,1991,0.007149997826748411,92028,jo_lx_derive
M,78,1991,0.008000437780453118,91370,jo_lx_derive
M,79,1991,0.009300632178201429,90639,jo_lx_derive
M,80,1991,0.010924762795670229,89796,jo_lx_derive
M,81,1991,0.012655519900917622,88815,jo_lx_derive
M,82,1991,0.015748480459796377,87691,jo_lx_derive
M,83,1991,0.018062796894913635,86310,jo_lx_derive
M,84,1991,0.02152186994843719,84751,jo_lx_derive
M,85,1991,0.024973772112822146,82927,jo_lx_derive
M,86,1991,0.029323736024537417,80856,jo_lx_derive
M,87,1991,0.03288526470026121,78485,jo_lx_derive
M,88,1991,0.03736298482293421,75904,jo_lx_derive
M,89,1991,0.042905238955493474,73068,jo_lx_derive
M,90,1991,0.05142064547495462,69933,jo_lx_derive
M,91,1991,0.058263111084311925,66337,jo_lx_derive
M,92,1991,0.06583749519784865,62472,jo_lx_derive
M,93,1991,0.072979317671653,58359,jo_lx_derive
M,94,1991,0.08083179297597043,54100,jo_lx_derive
M,95,1991,0.08993102338769687,49727,jo_lx_derive
M,96,1991,0.09859684012816261,45255,jo_lx_derive
M,97,1991,0.1076410168411247,40793,jo_lx_derive
M,98,1991,0.11705400802153731,36402,jo_lx_derive
M,99,1991,0.1268473289567842,32141,jo_lx_derive
M,100,1991,0.13697263397947546,28064,jo_lx_derive
M,101,1991,0.14752270850536742,24220,jo_lx_derive
M,102,1991,0.1583765195912239,20647,jo_lx_derive
M,103,1991,0.16959198941129083,17377,jo_lx_derive
M,104,1991,0.18121968121968124,14430,jo_lx_derive
M,105,1991,0.19322894625476095,11815,jo_lx_derive
M,106,1991,0.20551825430130088,9532,jo_lx_derive
M,107,1991,0.21814340419912848,7573,jo_lx_derive
M,108,1991,0.2313798344874176,5921,jo_lx_derive
M,109,1991,0.24456163480553728,4551,jo_lx_derive
M,110,1991,0.2585805700988947,3438,jo_lx_derive
M,111,1991,0.27226363279717536,2549,jo_lx_derive
M,112,1991,0.28733153638814013,1855,jo_lx_derive
M,113,1991,0.3018154311649016,1322,jo_lx_derive
M,114,1991,0.31744312026002164,923,jo_lx_derive
M,115,1991,0.3317460317460318,630,jo_lx_derive
M,116,1991,0.34916864608076015,421,jo_lx_derive
M,117,1991,0.36496350364963503,274,jo_lx_derive
M,118,1991,0.3793103448275862,174,jo_lx_derive
M,119,1991,0.39814814814814814,108,jo_lx_derive
M,120,1991,1.0,65,fermeture_hypothese
M,4,1992,0.00021000000000004349,100000,jo_lx_derive
M,5,1992,0.00017003570749862806,99979,jo_lx_derive
M,6,1992,0.00014005322022370148,99962,jo_lx_derive
M,7,1992,0.00012006243246487358,99948,jo_lx_derive
M,8,1992,0.00012007684918347028,99936,jo_lx_derive
M,9,1992,0.00011008366358433719,99924,jo_lx_derive
M,10,1992,0.00011009578333154302,99913,jo_lx_derive
M,11,1992,0.00011010790574761398,99902,jo_lx_derive
M,12,1992,0.00012013094272755875,99891,jo_lx_derive
M,13,1992,0.00012014537590487873,99879,jo_lx_derive
M,14,1992,0.0001401864479757542,99867,jo_lx_derive
M,15,1992,0.00015022082461213504,99853,jo_lx_derive
M,16,1992,0.00017027584687190345,99838,jo_lx_derive
M,17,1992,0.00020035864196910058,99821,jo_lx_derive
M,18,1992,0.00023045861263915057,99801,jo_lx_derive
M,19,1992,0.00025055623484138145,99778,jo_lx_derive
M,20,1992,0.0002506190290015864,99753,jo_lx_derive
M,21,1992,0.0002506818546446077,99728,jo_lx_derive
M,22,1992,0.00025074471179398206,99703,jo_lx_derive
M,23,1992,0.0002407752964546095,99678,jo_lx_derive
M,24,1992,0.00024083328315971375,99654,jo_lx_derive
M,25,1992,0.00023085416039347884,99630,jo_lx_derive
M,26,1992,0.0002409469214010862,99607,jo_lx_derive
M,27,1992,0.00023096311619452692,99583,jo_lx_derive
M,28,1992,0.00023101647247891766,99560,jo_lx_derive
M,29,1992,0.00023106985342136177,99537,jo_lx_derive
M,30,1992,0.00024117209638840897,99514,jo_lx_derive
M,31,1992,0.00023117901296609844,99490,jo_lx_derive
M,32,1992,0.00024128605467144126,99467,jo_lx_derive
M,33,1992,0.0002514002996691911,99443,jo_lx_derive
M,34,1992,0.00025146351767280084,99418,jo_lx_derive
M,35,1992,0.000261587838177757,99393,jo_lx_derive
M,36,1992,0.0002717199875209575,99367,jo_lx_derive
M,37,1992,0.00028186027783372314,99340,jo_lx_derive
M,38,1992,0.00029200902207182633,99312,jo_lx_derive
M,39,1992,0.00032231096965240624,99283,jo_lx_derive
M,40,1992,0.00034256581797664776,99251,jo_lx_derive
M,41,1992,0.00037291996331279,99217,jo_lx_derive
M,42,1992,0.000403307118370666,99180,jo_lx_derive
M,43,1992,0.0004438168246923002,99140,jo_lx_derive
M,44,1992,0.0004843787842092606,99096,jo_lx_derive
M,45,1992,0.0005149018657620852,99048,jo_lx_derive
M,46,1992,0.0005656737072841089,98997,jo_lx_derive
M,47,1992,0.0006266360760452949,98941,jo_lx_derive
M,48,1992,0.0006573691076973143,98879,jo_lx_derive
M,49,1992,0.0006982816200133968,98814,jo_lx_derive
M,50,1992,0.000698769557952339,98745,jo_lx_derive
M,51,1992,0.0007803315902549235,98676,jo_lx_derive
M,52,1992,0.0008417935273177246,98599,jo_lx_derive
M,53,1992,0.0009338584595395272,98516,jo_lx_derive
M,54,1992,0.0010769730959928614,98424,jo_lx_derive
M,55,1992,0.0012510425354461674,98318,jo_lx_derive
M,56,1992,0.0013442639645603327,98195,jo_lx_derive
M,57,1992,0.0014582462294647769,98063,jo_lx_derive
M,58,1992,0.0015318627450980893,97920,jo_lx_derive
M,59,1992,0.0015035286897820965,97770,jo_lx_derive
M,60,1992,0.001526279667701247,97623,jo_lx_derive
M,61,1992,0.0015901676344460824,97474,jo_lx_derive
M,62,1992,0.0016440777237743953,97319,jo_lx_derive
M,63,1992,0.0017188320176205751,97159,jo_lx_derive
M,64,1992,0.0019383041900362663,96992,jo_lx_derive
M,65,1992,0.0020970207842651023,96804,jo_lx_derive
M,66,1992,0.0022670572768397346,96601,jo_lx_derive
M,67,1992,0.0025108422734535507,96382,jo_lx_derive
M,68,1992,0.002839608903682178,96140,jo_lx_derive
M,69,1992,0.0031814910240228755,95867,jo_lx_derive
M,70,1992,0.003693936920533214,95562,jo_lx_derive
M,71,1992,0.004180277074646299,95209,jo_lx_derive
M,72,1992,0.004640811720159066,94811,jo_lx_derive
M,73,1992,0.005213466001207978,94371,jo_lx_derive
M,74,1992,0.0056562170453455796,93879,jo_lx_derive
M,75,1992,0.005999057290997145,93348,jo_lx_derive
M,76,1992,0.0065741259645644146,92788,jo_lx_derive
M,77,1992,0.007008179825988892,92178,jo_lx_derive
M,78,1992,0.007822400908971683,91532,jo_lx_derive
M,79,1992,0.00911733615221988,90816,jo_lx_derive
M,80,1992,0.010690314264124146,89988,jo_lx_derive
M,81,1992,0.01241210432907236,89026,jo_lx_derive
M,82,1992,0.015457058040741156,87921,jo_lx_derive
M,83,1992,0.017732954414177104,86562,jo_lx_derive
M,84,1992,0.021134463170522255,85027,jo_lx_derive
M,85,1992,0.024558452481076576,83230,jo_lx_derive
M,86,1992,0.028835020816396884,81186,jo_lx_derive
M,87,1992,0.03236730293614054,78845,jo_lx_derive
M,88,1992,0.03677925890972955,76293,jo_lx_derive
M,89,1992,0.04225237116768954,73487,jo_lx_derive
M,90,1992,0.05066636355886445,70382,jo_lx_derive
M,91,1992,0.05742636494252873,66816,jo_lx_derive
M,92,1992,0.06489464742215656,62979,jo_lx_derive
M,93,1992,0.07194525572233923,58892,jo_lx_derive
M,94,1992,0.07971823254962951,54655,jo_lx_derive
M,95,1992,0.08873116227285383,50298,jo_lx_derive
M,96,1992,0.09730555252536266,45835,jo_lx_derive
M,97,1992,0.10627190332326286,41375,jo_lx_derive
M,98,1992,0.11560928119422365,36978,jo_lx_derive
M,99,1992,0.12534018285784176,32703,jo_lx_derive
M,100,1992,0.13536568312124175,28604,jo_lx_derive
M,101,1992,0.1458434416949701,24732,jo_lx_derive
M,102,1992,0.15663905325443783,21125,jo_lx_derive
M,103,1992,0.1677705433318365,17816,jo_lx_derive
M,104,1992,0.17933499696499633,14827,jo_lx_derive
M,105,1992,0.19123931623931623,12168,jo_lx_derive
M,106,1992,0.20343461030383092,9841,jo_lx_derive
M,107,1992,0.21609899221839524,7839,jo_lx_derive
M,108,1992,0.22912937347436946,6145,jo_lx_derive
M,109,1992,0.242347477306312,4737,jo_lx_derive
M,110,1992,0.25606018389523544,3589,jo_lx_derive
M,111,1992,0.27003745318352057,2670,jo_lx_derive
M,112,1992,0.28476141611082606,1949,jo_lx_derive
M,113,1992,0.2991391678622669,1394,jo_lx_derive
M,114,1992,0.3142272262026612,977,jo_lx_derive
M,115,1992,0.32985074626865674,670,jo_lx_derive
M,116,1992,0.34521158129175944,449,jo_lx_derive
M,117,1992,0.3639455782312925,294,jo_lx_derive
M,118,1992,0.3796791443850267,187,jo_lx_derive
M,119,1992,0.39655172413793105,116,jo_lx_derive
M,120,1992,1.0,70,fermeture_hypothese
M,3,1993,0.00031000000000003247,100000,jo_lx_derive
M,4,1993,0.00021006512018728607,99969,jo_lx_derive
M,5,1993,0.00016008324328653512,99948,jo_lx_derive
M,6,1993,0.0001400952647800935,99932,jo_lx_derive
M,7,1993,0.00012009848075422713,99918,jo_lx_derive
M,8,1993,0.0001101034972874615,99906,jo_lx_derive
M,9,1993,0.00011011562140250675,99895,jo_lx_derive
M,10,1993,0.00011012774818786042,99884,jo_lx_derive
M,11,1993,0.00011013987764463273,99873,jo_lx_derive
M,12,1993,0.00011015200977348982,99862,jo_lx_derive
M,13,1993,0.00012017906680950041,99851,jo_lx_derive
M,14,1993,0.00013020963751642078,99839,jo_lx_derive
M,15,1993,0.00015026145493157728,99826,jo_lx_derive
M,16,1993,0.00017032190840693406,99811,jo_lx_derive
M,17,1993,0.0002004128504720093,99794,jo_lx_derive
M,18,1993,0.00022049832621728882,99774,jo_lx_derive
M,19,1993,0.00024059667976583654,99752,jo_lx_derive
M,20,1993,0.0002506818546446077,99728,jo_lx_derive
M,21,1993,0.00025074471179398206,99703,jo_lx_derive
M,22,1993,0.0002407752964546095,99678,jo_lx_derive
M,23,1993,0.00023079856302810065,99654,jo_lx_derive
M,24,1993,0.00024088887996709385,99631,jo_lx_derive
M,25,1993,0.0002309074663426891,99607,jo_lx_derive
M,26,1993,0.00022091902313625678,99584,jo_lx_derive
M,27,1993,0.00023101183182339113,99562,jo_lx_derive
M,28,1993,0.0002310652106209954,99539,jo_lx_derive
M,29,1993,0.00022106997869686396,99516,jo_lx_derive
M,30,1993,0.00023116971877701342,99494,jo_lx_derive
M,31,1993,0.00023122317057233666,99471,jo_lx_derive
M,32,1993,0.00024133215348720594,99448,jo_lx_derive
M,33,1993,0.00023133247505635612,99424,jo_lx_derive
M,34,1993,0.0002515065240792369,99401,jo_lx_derive
M,35,1993,0.0002515697955240981,99376,jo_lx_derive
M,36,1993,0.00027176374671622483,99351,jo_lx_derive
M,37,1993,0.00027183762232696473,99324,jo_lx_derive
M,38,1993,0.00029205313352875795,99297,jo_lx_derive
M,39,1993,0.0003122859330297878,99268,jo_lx_derive
M,40,1993,0.0003325372592883902,99237,jo_lx_derive
M,41,1993,0.00036288859320188216,99204,jo_lx_derive
M,42,1993,0.0003932720232332487,99168,jo_lx_derive
M,43,1993,0.0004438660735002209,99129,jo_lx_derive
M,44,1993,0.00046424786799215134,99085,jo_lx_derive
M,45,1993,0.0005048516241076273,99039,jo_lx_derive
M,46,1993,0.0005556172908101065,98989,jo_lx_derive
M,47,1993,0.0006064649160045787,98934,jo_lx_derive
M,48,1993,0.0006472884681514302,98874,jo_lx_derive
M,49,1993,0.000678069021354144,98810,jo_lx_derive
M,50,1993,0.0006886564110873961,98743,jo_lx_derive
M,51,1993,0.0007600709399544492,98675,jo_lx_derive
M,52,1993,0.0008215010141987555,98600,jo_lx_derive
M,53,1993,0.0009135293699692459,98519,jo_lx_derive
M,54,1993,0.0010565991730079327,98429,jo_lx_derive
M,55,1993,0.0012204424103737788,98325,jo_lx_derive
M,56,1993,0.0013135787383534714,98205,jo_lx_derive
M,57,1993,0.0014274644153513538,98076,jo_lx_derive
M,58,1993,0.0015009802319881915,97936,jo_lx_derive
M,59,1993,0.001472558263199364,97789,jo_lx_derive
M,60,1993,0.0014849710686670736,97645,jo_lx_derive
M,61,1993,0.0015487179487179148,97500,jo_lx_derive
M,62,1993,0.0016024817923142587,97349,jo_lx_derive
M,63,1993,0.0016976531231672753,97193,jo_lx_derive
M,64,1993,0.0018860535103268905,97028,jo_lx_derive
M,65,1993,0.002054829882802367,96845,jo_lx_derive
M,66,1993,0.0022142664983547666,96646,jo_lx_derive
M,67,1993,0.0024473203915712505,96432,jo_lx_derive
M,68,1993,0.00277558318433202,96196,jo_lx_derive
M,69,1993,0.003116888532143536,95929,jo_lx_derive
M,70,1993,0.003607654501725399,95630,jo_lx_derive
M,71,1993,0.004092984205278927,95285,jo_lx_derive
M,72,1993,0.004541862058064172,94895,jo_lx_derive
M,73,1993,0.0051024728997289825,94464,jo_lx_derive
M,74,1993,0.0055329743993530744,93982,jo_lx_derive
M,75,1993,0.005874045066444067,93462,jo_lx_derive
M,76,1993,0.006436128421211218,92913,jo_lx_derive
M,77,1993,0.006856957157558408,92315,jo_lx_derive
M,78,1993,0.007656901027464524,91682,jo_lx_derive
M,79,1993,0.008925038469993374,90980,jo_lx_derive
M,80,1993,0.010480436518498837,90168,jo_lx_derive
M,81,1993,0.012160541564394833,89223,jo_lx_derive
M,82,1993,0.015169393451178848,88138,jo_lx_derive
M,83,1993,0.01740763355260888,86801,jo_lx_derive
M,84,1993,0.020764450697619896,85290,jo_lx_derive
M,85,1993,0.02412624672230268,83519,jo_lx_derive
M,86,1993,0.028378975265017647,81504,jo_lx_derive
M,87,1993,0.031834425629175045,79191,jo_lx_derive
M,88,1993,0.03620712142950311,76670,jo_lx_derive
M,89,1993,0.041613662814301566,73894,jo_lx_derive
M,90,1993,0.049930103503297185,70819,jo_lx_derive
M,91,1993,0.05659676292674232,67283,jo_lx_derive
M,92,1993,0.06396218983851909,63475,jo_lx_derive
M,93,1993,0.07092485062694609,59415,jo_lx_derive
M,94,1993,0.07862176409847643,55201,jo_lx_derive
M,95,1993,0.08753268712766171,50861,jo_lx_derive
M,96,1993,0.09605895408218235,46409,jo_lx_derive
M,97,1993,0.10493194441133702,41951,jo_lx_derive
M,98,1993,0.11417081679938212,37549,jo_lx_derive
M,99,1993,0.12383500691479765,33262,jo_lx_derive
M,100,1993,0.1337885598600007,29143,jo_lx_derive
M,101,1993,0.14419267944858183,25244,jo_lx_derive
M,102,1993,0.15487872616182186,21604,jo_lx_derive
M,103,1993,0.16600942052798773,18258,jo_lx_derive
M,104,1993,0.17744795429171867,15227,jo_lx_derive
M,105,1993,0.1893013972055888,12525,jo_lx_derive
M,106,1993,0.20149694701595433,10154,jo_lx_derive
M,107,1993,0.21398618648248646,8108,jo_lx_derive
M,108,1993,0.22689471206653067,6373,jo_lx_derive
M,109,1993,0.24010554089709768,4927,jo_lx_derive
M,110,1993,0.25400641025641024,3744,jo_lx_derive
M,111,1993,0.26781238811314,2793,jo_lx_derive
M,112,1993,0.28215158924205375,2045,jo_lx_derive
M,113,1993,0.29700272479564027,1468,jo_lx_derive
M,114,1993,0.312015503875969,1032,jo_lx_derive
M,115,1993,0.3267605633802817,710,jo_lx_derive
M,116,1993,0.34309623430962344,478,jo_lx_derive
M,117,1993,0.3598726114649682,314,jo_lx_derive
M,118,1993,0.3731343283582089,201,jo_lx_derive
M,119,1993,0.39682539682539686,126,jo_lx_derive
M,120,1993,1.0,76,fermeture_hypothese
M,2,1994,0.0005500000000000504,100000,jo_lx_derive
M,3,1994,0.0003001650907998865,99945,jo_lx_derive
M,4,1994,0.00020017014462292426,99915,jo_lx_derive
M,5,1994,0.00016016817658537352,99895,jo_lx_derive
M,6,1994,0.00013015749056355386,99879,jo_lx_derive
M,7,1994,0.00012016101576106664,99866,jo_lx_derive
M,8,1994,0.00011016083481885097,99854,jo_lx_derive
M,9,1994,0.00011017297156534767,99843,jo_lx_derive
M,10,1994,0.00011018511098648265,99832,jo_lx_derive
M,11,1994,0.0001001793209846058,99821,jo_lx_derive
M,12,1994,0.00011020829367502927,99811,jo_lx_derive
M,13,1994,0.00012024048096193063,99800,jo_lx_derive
M,14,1994,0.00013027618551331166,99788,jo_lx_derive
M,15,1994,0.00015033826108745707,99775,jo_lx_derive
M,16,1994,0.00016038492381720282,99760,jo_lx_derive
M,17,1994,0.00019048764837981125,99744,jo_lx_derive
M,18,1994,0.0002206066683378971,99725,jo_lx_derive
M,19,1994,0.00024071492332222721,99703,jo_lx_derive
M,20,1994,0.0002407728809478149,99679,jo_lx_derive
M,21,1994,0.00024083086648940544,99655,jo_lx_derive
M,22,1994,0.00024088887996709385,99631,jo_lx_derive
M,23,1994,0.0002309074663426891,99607,jo_lx_derive
M,24,1994,0.00022091902313625678,99584,jo_lx_derive
M,25,1994,0.00023101183182339113,99562,jo_lx_derive
M,26,1994,0.0002210188971156768,99539,jo_lx_derive
M,27,1994,0.0002210677572676012,99517,jo_lx_derive
M,28,1994,0.0002211166390271302,99495,jo_lx_derive
M,29,1994,0.00022116554240847464,99473,jo_lx_derive
M,30,1994,0.00023126967049102998,99451,jo_lx_derive
M,31,1994,0.00022126563945767952,99428,jo_lx_derive
M,32,1994,0.00023137436372044906,99406,jo_lx_derive
M,33,1994,0.0002314279102059169,99383,jo_lx_derive
M,34,1994,0.00024154589371983004,99360,jo_lx_derive
M,35,1994,0.00025167109607793225,99336,jo_lx_derive
M,36,1994,0.0002618038283774826,99311,jo_lx_derive
M,37,1994,0.00027194440247768625,99285,jo_lx_derive
M,38,1994,0.0002820931310322239,99258,jo_lx_derive
M,39,1994,0.0003023279250227162,99230,jo_lx_derive
M,40,1994,0.00033266129032261116,99200,jo_lx_derive
M,41,1994,0.0003529399901176511,99167,jo_lx_derive
M,42,1994,0.0003833272807973742,99132,jo_lx_derive
M,43,1994,0.00042383999031225805,99094,jo_lx_derive
M,44,1994,0.0004644025360416304,99052,jo_lx_derive
M,45,1994,0.00048481910187259114,99006,jo_lx_derive
M,46,1994,0.0005456860486267034,98958,jo_lx_derive
M,47,1994,0.0005965380571059109,98904,jo_lx_derive
M,48,1994,0.0006373615256208831,98845,jo_lx_derive
M,49,1994,0.0006580146180478197,98782,jo_lx_derive
M,50,1994,0.0006685778538650933,98717,jo_lx_derive
M,51,1994,0.0007399823620642954,98651,jo_lx_derive
M,52,1994,0.0008115401002252165,98578,jo_lx_derive
M,53,1994,0.0008934191557189441,98498,jo_lx_derive
M,54,1994,0.001026318463570819,98410,jo_lx_derive
M,55,1994,0.0011901250139865205,98309,jo_lx_derive
M,56,1994,0.001293384389767005,98192,jo_lx_derive
M,57,1994,0.0013868352623259694,98065,jo_lx_derive
M,58,1994,0.00147045308335636,97929,jo_lx_derive
M,59,1994,0.0014317124303317996,97785,jo_lx_derive
M,60,1994,0.0014542475293153334,97645,jo_lx_derive
M,61,1994,0.0015281581079557016,97503,jo_lx_derive
M,62,1994,0.0015613123240956206,97354,jo_lx_derive
M,63,1994,0.0016460566655006614,97202,jo_lx_derive
M,64,1994,0.0018548669648194016,97042,jo_lx_derive
M,65,1994,0.002002849414631136,96862,jo_lx_derive
M,66,1994,0.0021620391442876974,96668,jo_lx_derive
M,67,1994,0.0023947998631542733,96459,jo_lx_derive
M,68,1994,0.002712308267863839,96228,jo_lx_derive
M,69,1994,0.0030531328477497732,95967,jo_lx_derive
M,70,1994,0.003522378075548227,95674,jo_lx_derive
M,71,1994,0.004006838897804621,95337,jo_lx_derive
M,72,1994,0.004444210415459948,94955,jo_lx_derive
M,73,1994,0.004992965419483131,94533,jo_lx_derive
M,74,1994,0.005422013374299706,94061,jo_lx_derive
M,75,1994,0.005740184498295053,93551,jo_lx_derive
M,76,1994,0.0063001268626228235,93014,jo_lx_derive
M,77,1994,0.006707924005712518,92428,jo_lx_derive
M,78,1994,0.007493900313698121,91808,jo_lx_derive
M,79,1994,0.00873573309920983,91120,jo_lx_derive
M,80,1994,0.01027412426376162,90324,jo_lx_derive
M,81,1994,0.011924470893552308,89396,jo_lx_derive
M,82,1994,0.014876033057851235,88330,jo_lx_derive
M,83,1994,0.01708881125310291,87016,jo_lx_derive
M,84,1994,0.020402436600451268,85529,jo_lx_derive
M,85,1994,0.023727680702759435,83784,jo_lx_derive
M,86,1994,0.027898674751821617,81796,jo_lx_derive
M,87,1994,0.031327816485147264,79514,jo_lx_derive
M,88,1994,0.03565168845669475,77023,jo_lx_derive
M,89,1994,0.040981730549160544,74277,jo_lx_derive
M,90,1994,0.04919068409304672,71233,jo_lx_derive
M,91,1994,0.0557811277296284,67729,jo_lx_derive
M,92,1994,0.06304827133273916,63951,jo_lx_derive
M,93,1994,0.06991104657954905,59919,jo_lx_derive
M,94,1994,0.07753454153956574,55730,jo_lx_derive
M,95,1994,0.08636620047073473,51409,jo_lx_derive
M,96,1994,0.09478592262981966,46969,jo_lx_derive
M,97,1994,0.10360561657689871,42517,jo_lx_derive
M,98,1994,0.11279911838790935,38112,jo_lx_derive
M,99,1994,0.12231981782154788,33813,jo_lx_derive
M,100,1994,0.13225730363581223,29677,jo_lx_derive
M,101,1994,0.14255203479341405,25752,jo_lx_derive
M,102,1994,0.15320864091300213,22081,jo_lx_derive
M,103,1994,0.16418868328163438,18698,jo_lx_derive
M,104,1994,0.17564627591502435,15628,jo_lx_derive
M,105,1994,0.18737871613754564,12883,jo_lx_derive
M,106,1994,0.19944598337950137,10469,jo_lx_derive
M,107,1994,0.21190788688700635,8381,jo_lx_derive
M,108,1994,0.22482967448902347,6605,jo_lx_derive
M,109,1994,0.23808593749999996,5120,jo_lx_derive
M,110,1994,0.251473981030505,3901,jo_lx_derive
M,111,1994,0.2654109589041096,2920,jo_lx_derive
M,112,1994,0.2797202797202797,2145,jo_lx_derive
M,113,1994,0.2944983818770227,1545,jo_lx_derive
M,114,1994,0.3091743119266055,1090,jo_lx_derive
M,115,1994,0.32536520584329354,753,jo_lx_derive
M,116,1994,0.34055118110236215,508,jo_lx_derive
M,117,1994,0.35522388059701493,335,jo_lx_derive
M,118,1994,0.375,216,jo_lx_derive
M,119,1994,0.3925925925925926,135,jo_lx_derive
M,120,1994,1.0,82,fermeture_hypothese
M,1,1995,0.0012299999999999534,100000,jo_lx_derive
M,2,1995,0.0005406650179721195,99877,jo_lx_derive
M,3,1995,0.0003005319415365637,99823,jo_lx_derive
M,4,1995,0.0002004148587576582,99793,jo_lx_derive
M,5,1995,0.00015034127469359948,99773,jo_lx_derive
M,6,1995,0.00013031536317886783,99758,jo_lx_derive
M,7,1995,0.00012030678229479896,99745,jo_lx_derive
M,8,1995,0.00010026771479854091,99733,jo_lx_derive
M,9,1995,0.0001103055463633762,99723,jo_lx_derive
M,10,1995,0.00010028883183565984,99712,jo_lx_derive
M,11,1995,0.00011032877976369093,99702,jo_lx_derive
M,12,1995,0.00010030995776955098,99691,jo_lx_derive
M,13,1995,0.00012038402503988799,99681,jo_lx_derive
M,14,1995,0.00013043172902305056,99669,jo_lx_derive
M,15,1995,0.00014048326242277476,99656,jo_lx_derive
M,16,1995,0.0001605748579915911,99642,jo_lx_derive
M,17,1995,0.00019071326762087892,99626,jo_lx_derive
M,18,1995,0.00021082855622600594,99607,jo_lx_derive
M,19,1995,0.00023095615849622053,99586,jo_lx_derive
M,20,1995,0.0002410534033727707,99563,jo_lx_derive
M,21,1995,0.0002310652106209954,99539,jo_lx_derive
M,22,1995,0.00023111861409219614,99516,jo_lx_derive
M,23,1995,0.00023117204225420185,99493,jo_lx_derive
M,24,1995,0.00022117221272743848,99470,jo_lx_derive
M,25,1995,0.0002212211406966702,99448,jo_lx_derive
M,26,1995,0.00021121235894028256,99426,jo_lx_derive
M,27,1995,0.0002213168351692385,99405,jo_lx_derive
M,28,1995,0.00022136582715348574,99383,jo_lx_derive
M,29,1995,0.00021135052988596748,99361,jo_lx_derive
M,30,1995,0.00022146164686931424,99340,jo_lx_derive
M,31,1995,0.00022151070299447628,99318,jo_lx_derive
M,32,1995,0.00022155978085725003,99296,jo_lx_derive
M,33,1995,0.00023168201140277844,99274,jo_lx_derive
M,34,1995,0.00023173570039591862,99251,jo_lx_derive
M,35,1995,0.00024186721489904972,99228,jo_lx_derive
M,36,1995,0.000262086206201384,99204,jo_lx_derive
M,37,1995,0.0002621549133881018,99178,jo_lx_derive
M,38,1995,0.0002823947071163291,99152,jo_lx_derive
M,39,1995,0.00029256285057099873,99124,jo_lx_derive
M,40,1995,0.0003229224481557935,99095,jo_lx_derive
M,41,1995,0.00034321593329500466,99063,jo_lx_derive
M,42,1995,0.0003736279271728815,99029,jo_lx_derive
M,43,1995,0.0004242767092290656,98992,jo_lx_derive
M,44,1995,0.000444669024759925,98950,jo_lx_derive
M,45,1995,0.0004751986734879976,98906,jo_lx_derive
M,46,1995,0.0005361170960661577,98859,jo_lx_derive
M,47,1995,0.0005870088861000822,98806,jo_lx_derive
M,48,1995,0.0006177340300562717,98748,jo_lx_derive
M,49,1995,0.0006383819550700442,98687,jo_lx_derive
M,50,1995,0.0006590687865022371,98624,jo_lx_derive
M,51,1995,0.0007203806856806994,98559,jo_lx_derive
M,52,1995,0.0007919746568110231,98488,jo_lx_derive
M,53,1995,0.0008738949293770615,98410,jo_lx_derive
M,54,1995,0.0010068752288352467,98324,jo_lx_derive
M,55,1995,0.0011606006617459474,98225,jo_lx_derive
M,56,1995,0.0012638745910245053,98111,jo_lx_derive
M,57,1995,0.0013573229101819795,97987,jo_lx_derive
M,58,1995,0.0014409221902017544,97854,jo_lx_derive
M,59,1995,0.0014020652318524895,97713,jo_lx_derive
M,60,1995,0.0014245306222842036,97576,jo_lx_derive
M,61,1995,0.001477878013485645,97437,jo_lx_derive
M,62,1995,0.0015314565282188441,97293,jo_lx_derive
M,63,1995,0.001616157456971079,97144,jo_lx_derive
M,64,1995,0.001804365533525143,96987,jo_lx_derive
M,65,1995,0.0019522373259512893,96812,jo_lx_derive
M,66,1995,0.002121648054810965,96623,jo_lx_derive
M,67,1995,0.0023335891638490702,96418,jo_lx_derive
M,68,1995,0.002650920545154034,96193,jo_lx_derive
M,69,1995,0.0029810919552211157,95938,jo_lx_derive
M,70,1995,0.003460460837201529,95652,jo_lx_derive
M,71,1995,0.003913093651976007,95321,jo_lx_derive
M,72,1995,0.004349749336478914,94948,jo_lx_derive
M,73,1995,0.004887078859681648,94535,jo_lx_derive
M,74,1995,0.005304391270608999,94073,jo_lx_derive
M,75,1995,0.005621219569538538,93574,jo_lx_derive
M,76,1995,0.0061581119422233765,93048,jo_lx_derive
M,77,1995,0.006574749932414137,92475,jo_lx_derive
M,78,1995,0.007336693263086835,91867,jo_lx_derive
M,79,1995,0.008553288081322052,91193,jo_lx_derive
M,80,1995,0.010064924291860677,90413,jo_lx_derive
M,81,1995,0.011675586293196871,89503,jo_lx_derive
M,82,1995,0.01460580162336933,88458,jo_lx_derive
M,83,1995,0.01678406718215819,87166,jo_lx_derive
M,84,1995,0.02003430451676136,85703,jo_lx_derive
M,85,1995,0.023325316124115925,83986,jo_lx_derive
M,86,1995,0.02744218367123019,82027,jo_lx_derive
M,87,1995,0.03082380665864415,79776,jo_lx_derive
M,88,1995,0.03508930765549623,77317,jo_lx_derive
M,89,1995,0.040359766232373584,74604,jo_lx_derive
M,90,1995,0.04846842568407528,71593,jo_lx_derive
M,91,1995,0.05497409098248751,68123,jo_lx_derive
M,92,1995,0.062133026810401115,64378,jo_lx_derive
M,93,1995,0.06893239259332873,60378,jo_lx_derive
M,94,1995,0.07645510175039139,56216,jo_lx_derive
M,95,1995,0.08521129473400357,51918,jo_lx_derive
M,96,1995,0.0935697140691456,47494,jo_lx_derive
M,97,1995,0.1022996515679443,43050,jo_lx_derive
M,98,1995,0.11139574600217361,38646,jo_lx_derive
M,99,1995,0.12087592091086452,34341,jo_lx_derive
M,100,1995,0.13070553163299103,30190,jo_lx_derive
M,101,1995,0.14094650205761317,26244,jo_lx_derive
M,102,1995,0.15151918385451324,22545,jo_lx_derive
M,103,1995,0.1624758220502901,19129,jo_lx_derive
M,104,1995,0.17377192434929156,16021,jo_lx_derive
M,105,1995,0.18546498451310722,13237,jo_lx_derive
M,106,1995,0.1975514746800222,10782,jo_lx_derive
M,107,1995,0.2098936662043458,8652,jo_lx_derive
M,108,1995,0.22279110590988882,6836,jo_lx_derive
M,109,1995,0.23583662714097497,5313,jo_lx_derive
M,110,1995,0.24926108374384237,4060,jo_lx_derive
M,111,1995,0.2631233595800525,3048,jo_lx_derive
M,112,1995,0.2773820124666073,2246,jo_lx_derive
M,113,1995,0.29205175600739375,1623,jo_lx_derive
M,114,1995,0.3072236727589208,1149,jo_lx_derive
M,115,1995,0.321608040201005,796,jo_lx_derive
M,116,1995,0.3388888888888889,540,jo_lx_derive
M,117,1995,0.3529411764705882,357,jo_lx_derive
M,118,1995,0.37229437229437234,231,jo_lx_derive
M,119,1995,0.38620689655172413,145,jo_lx_derive
M,120,1995,1.0,89,fermeture_hypothese
M,0,1996,0.003929999999999989,100000,jo_lx_derive
M,1,1996,0.001204734607005542,99607,jo_lx_derive
M,2,1996,0.0005226813553529386,99487,jo_lx_derive
M,3,1996,0.00029164781012724905,99435,jo_lx_derive
M,4,1996,0.00020119509888738563,99406,jo_lx_derive
M,5,1996,0.0001509266898758188,99386,jo_lx_derive
M,6,1996,0.00013082287588939145,99371,jo_lx_derive
M,7,1996,0.00011071076309909778,99358,jo_lx_derive
M,8,1996,0.00010065729211750085,99347,jo_lx_derive
M,9,1996,0.00010066742502790049,99337,jo_lx_derive
M,10,1996,0.00010067755997866801,99327,jo_lx_derive
M,11,1996,0.00011075646666736105,99317,jo_lx_derive
M,12,1996,0.00010069885001917633,99306,jo_lx_derive
M,13,1996,0.00011077989042862502,99296,jo_lx_derive
M,14,1996,0.0001309361937855691,99285,jo_lx_derive
M,15,1996,0.0001410266741881383,99272,jo_lx_derive
M,16,1996,0.00015112132019590163,99258,jo_lx_derive
M,17,1996,0.00019144927098135867,99243,jo_lx_derive
M,18,1996,0.00020156413770866521,99224,jo_lx_derive
M,19,1996,0.00023184549010124567,99204,jo_lx_derive
M,20,1996,0.0002318992548976384,99181,jo_lx_derive
M,21,1996,0.00023195304463585753,99158,jo_lx_derive
M,22,1996,0.00022191960457962345,99135,jo_lx_derive
M,23,1996,0.00022196886382208625,99113,jo_lx_derive
M,24,1996,0.00022201814493749694,99091,jo_lx_derive
M,25,1996,0.00021197347303392178,99069,jo_lx_derive
M,26,1996,0.00021201841531381938,99048,jo_lx_derive
M,27,1996,0.00021206337665480302,99027,jo_lx_derive
M,28,1996,0.0002121083570693072,99006,jo_lx_derive
M,29,1996,0.0002121533565692113,98985,jo_lx_derive
M,30,1996,0.0002121983751667278,98964,jo_lx_derive
M,31,1996,0.00022235024205852216,98943,jo_lx_derive
M,32,1996,0.00021229061574390418,98921,jo_lx_derive
M,33,1996,0.00022244691607686828,98900,jo_lx_derive
M,34,1996,0.00023260988288598128,98878,jo_lx_derive
M,35,1996,0.0002427798290425276,98855,jo_lx_derive
M,36,1996,0.00024283878540132253,98831,jo_lx_derive
M,37,1996,0.00026313925126764115,98807,jo_lx_derive
M,38,1996,0.00027333191605671825,98781,jo_lx_derive
M,39,1996,0.0002835328189237929,98754,jo_lx_derive
M,40,1996,0.00031400036464557246,98726,jo_lx_derive
M,41,1996,0.0003343634429302522,98695,jo_lx_derive
M,42,1996,0.00037501773732540045,98662,jo_lx_derive
M,43,1996,0.00040557667934093544,98625,jo_lx_derive
M,44,1996,0.00043617183141453353,98585,jo_lx_derive
M,45,1996,0.00046680603194582115,98542,jo_lx_derive
M,46,1996,0.0005177875243664865,98496,jo_lx_derive
M,47,1996,0.0005790035044949127,98445,jo_lx_derive
M,48,1996,0.0005996666260112971,98388,jo_lx_derive
M,49,1996,0.0006305362609200227,98329,jo_lx_derive
M,50,1996,0.0006411104439943971,98267,jo_lx_derive
M,51,1996,0.0007128019225286497,98204,jo_lx_derive
M,52,1996,0.0007642611123566123,98134,jo_lx_derive
M,53,1996,0.0008566271326446717,98059,jo_lx_derive
M,54,1996,0.0009798417963766681,97975,jo_lx_derive
M,55,1996,0.001144269965978384,97879,jo_lx_derive
M,56,1996,0.0012274080211114313,97767,jo_lx_derive
M,57,1996,0.0013313261032085189,97647,jo_lx_derive
M,58,1996,0.0014048832511254217,97517,jo_lx_derive
M,59,1996,0.0013760525775313726,97380,jo_lx_derive
M,60,1996,0.0013882319067107796,97246,jo_lx_derive
M,61,1996,0.0014519467413578457,97111,jo_lx_derive
M,62,1996,0.001495307827163006,96970,jo_lx_derive
M,63,1996,0.0015698424993545457,96825,jo_lx_derive
M,64,1996,0.0017688496270934495,96673,jo_lx_derive
M,65,1996,0.0019066962342749738,96502,jo_lx_derive
M,66,1996,0.002066072800514962,96318,jo_lx_derive
M,67,1996,0.0022888294718005353,96119,jo_lx_derive
M,68,1996,0.0025964817151378217,95899,jo_lx_derive
M,69,1996,0.002916884474647108,95650,jo_lx_derive
M,70,1996,0.0033762883895523954,95371,jo_lx_derive
M,71,1996,0.003819082788877326,95049,jo_lx_derive
M,72,1996,0.004266734258496552,94686,jo_lx_derive
M,73,1996,0.004783521775100219,94282,jo_lx_derive
M,74,1996,0.005190182349117056,93831,jo_lx_derive
M,75,1996,0.005495800479945134,93344,jo_lx_derive
M,76,1996,0.0060324676024172685,92831,jo_lx_derive
M,77,1996,0.006426721288378845,92271,jo_lx_derive
M,78,1996,0.007188202185911541,91678,jo_lx_derive
M,79,1996,0.008371878399015542,91019,jo_lx_derive
M,80,1996,0.009860731023632496,90257,jo_lx_derive
M,81,1996,0.011458368301498267,89367,jo_lx_derive
M,82,1996,0.01431918771153351,88343,jo_lx_derive
M,83,1996,0.016479478168997863,87078,jo_lx_derive
M,84,1996,0.019686372499795657,85643,jo_lx_derive
M,85,1996,0.02291649296663767,83957,jo_lx_derive
M,86,1996,0.027001328733558427,82033,jo_lx_derive
M,87,1996,0.030318975669648474,79818,jo_lx_derive
M,88,1996,0.03454869634874291,77398,jo_lx_derive
M,89,1996,0.03974626625983624,74724,jo_lx_derive
M,90,1996,0.047746467095911016,71754,jo_lx_derive
M,91,1996,0.05417983842641372,68328,jo_lx_derive
M,92,1996,0.06124470027543094,64626,jo_lx_derive
M,93,1996,0.0679600448341795,60668,jo_lx_derive
M,94,1996,0.07539128128039618,56545,jo_lx_derive
M,95,1996,0.08406334876248045,52282,jo_lx_derive
M,96,1996,0.09234238937498696,47887,jo_lx_derive
M,97,1996,0.10100080524559996,43465,jo_lx_derive
M,98,1996,0.110044785668586,39075,jo_lx_derive
M,99,1996,0.11942487419122938,34775,jo_lx_derive
M,100,1996,0.12922082163150672,30622,jo_lx_derive
M,101,1996,0.13935870991936994,26665,jo_lx_derive
M,102,1996,0.14985402414048543,22949,jo_lx_derive
M,103,1996,0.16073808303434134,19510,jo_lx_derive
M,104,1996,0.1719799682423354,16374,jo_lx_derive
M,105,1996,0.1836554064021242,13558,jo_lx_derive
M,106,1996,0.19551861221539568,11068,jo_lx_derive
M,107,1996,0.20799640610961367,8904,jo_lx_derive
M,108,1996,0.22064662507090183,7052,jo_lx_derive
M,109,1996,0.23362445414847166,5496,jo_lx_derive
M,110,1996,0.2471509971509972,4212,jo_lx_derive
M,111,1996,0.261116367076632,3171,jo_lx_derive
M,112,1996,0.274861288945796,2343,jo_lx_derive
M,113,1996,0.2895821071218364,1699,jo_lx_derive
M,114,1996,0.3048881524440762,1207,jo_lx_derive
M,115,1996,0.31942789034564956,839,jo_lx_derive
M,116,1996,0.3362521891418564,571,jo_lx_derive
M,117,1996,0.3509234828496042,379,jo_lx_derive
M,118,1996,0.36585365853658536,246,jo_lx_derive
M,119,1996,0.3846153846153846,156,jo_lx_derive
M,120,1996,1.0,96,fermeture_hypothese
M,0,1997,0.00383,100000,jo_lx_derive
M,1,1997,0.001184536775851508,99617,jo_lx_derive
M,2,1997,0.000512567965507138,99499,jo_lx_derive
M,3,1997,0.0002916096854637118,99448,jo_lx_derive
M,4,1997,0.00019111035114016683,99419,jo_lx_derive
M,5,1997,0.00015090543259554945,99400,jo_lx_derive
M,6,1997,0.00012074256678573647,99385,jo_lx_derive
M,7,1997,0.00011069405170416324,99373,jo_lx_derive
M,8,1997,0.00011070630623377653,99362,jo_lx_derive
M,9,1997,9.058791557203794e-05,99351,jo_lx_derive
M,10,1997,0.00010066235831773795,99342,jo_lx_derive
M,11,1997,0.00010067249224821051,99332,jo_lx_derive
M,12,1997,0.00010068262821927298,99322,jo_lx_derive
M,13,1997,0.00012083131947804304,99312,jo_lx_derive
M,14,1997,0.00012084592145011896,99300,jo_lx_derive
M,15,1997,0.00013093223753124494,99288,jo_lx_derive
M,16,1997,0.000161168471417783,99275,jo_lx_derive
M,17,1997,0.000171269104061067,99259,jo_lx_derive
M,18,1997,0.00021160395800168263,99242,jo_lx_derive
M,19,1997,0.00022172725531888204,99221,jo_lx_derive
M,20,1997,0.0002217764291978508,99199,jo_lx_derive
M,21,1997,0.00023190860784250145,99177,jo_lx_derive
M,22,1997,0.00021179175827501506,99154,jo_lx_derive
M,23,1997,0.0002219240817891155,99133,jo_lx_derive
M,24,1997,0.00021188364560942308,99111,jo_lx_derive
M,25,1997,0.00021192854980323084,99090,jo_lx_derive
M,26,1997,0.00020187949812755512,99069,jo_lx_derive
M,27,1997,0.00021201627477307472,99049,jo_lx_derive
M,28,1997,0.00020196308114872608,99028,jo_lx_derive
M,29,1997,0.0002121040723982448,99008,jo_lx_derive
M,30,1997,0.00021214907007993666,98987,jo_lx_derive
M,31,1997,0.0002020896065315636,98966,jo_lx_derive
M,32,1997,0.00022234350049521456,98946,jo_lx_derive
M,33,1997,0.00021228417775265296,98924,jo_lx_derive
M,34,1997,0.00022244016865013982,98903,jo_lx_derive
M,35,1997,0.0002326028256186552,98881,jo_lx_derive
M,36,1997,0.0002427724615104987,98858,jo_lx_derive
M,37,1997,0.0002529493898860702,98834,jo_lx_derive
M,38,1997,0.0002732544606260934,98809,jo_lx_derive
M,39,1997,0.0002834524508513736,98782,jo_lx_derive
M,40,1997,0.0003037851631326749,98754,jo_lx_derive
M,41,1997,0.00032413597504155067,98724,jo_lx_derive
M,42,1997,0.00036477120739264457,98692,jo_lx_derive
M,43,1997,0.00039531300681150405,98656,jo_lx_derive
M,44,1997,0.0004360302990357168,98617,jo_lx_derive
M,45,1997,0.0004565098301783088,98574,jo_lx_derive
M,46,1997,0.0005074648073155608,98529,jo_lx_derive
M,47,1997,0.0005584947044547928,98479,jo_lx_derive
M,48,1997,0.0005892871657319221,98424,jo_lx_derive
M,49,1997,0.0006099668584673701,98366,jo_lx_derive
M,50,1997,0.000630683783288899,98306,jo_lx_derive
M,51,1997,0.0006921542282480875,98244,jo_lx_derive
M,52,1997,0.0007537483702737546,98176,jo_lx_derive
M,53,1997,0.0008256712401377708,98102,jo_lx_derive
M,54,1997,0.0009691800736576495,98021,jo_lx_derive
M,55,1997,0.0011130853910095162,97926,jo_lx_derive
M,56,1997,0.0012063342772729024,97817,jo_lx_derive
M,57,1997,0.0012999109509821416,97699,jo_lx_derive
M,58,1997,0.0013733448120362146,97572,jo_lx_derive
M,59,1997,0.0013341817360783548,97438,jo_lx_derive
M,60,1997,0.0013667940970937265,97308,jo_lx_derive
M,61,1997,0.0014098276305634094,97175,jo_lx_derive
M,62,1997,0.0014633442568890986,97038,jo_lx_derive
M,63,1997,0.0015377311756935574,96896,jo_lx_derive
M,64,1997,0.0017261517152986627,96747,jo_lx_derive
M,65,1997,0.0018740940153241237,96580,jo_lx_derive
M,66,1997,0.002012469009014639,96399,jo_lx_derive
M,67,1997,0.0022348110805051613,96205,jo_lx_derive
M,68,1997,0.0025315136993436793,95990,jo_lx_derive
M,69,1997,0.002851264269376541,95747,jo_lx_derive
M,70,1997,0.0033098016213838344,95474,jo_lx_derive
M,71,1997,0.0037411463040416537,95158,jo_lx_derive
M,72,1997,0.004166578764161044,94802,jo_lx_derive
M,73,1997,0.004681856218288871,94407,jo_lx_derive
M,74,1997,0.00508700047890176,93965,jo_lx_derive
M,75,1997,0.005380427225175732,93487,jo_lx_derive
M,76,1997,0.005904241589950954,92984,jo_lx_derive
M,77,1997,0.006285497917455474,92435,jo_lx_derive
M,78,1997,0.007032900037015288,91854,jo_lx_derive
M,79,1997,0.008201034996930145,91208,jo_lx_derive
M,80,1997,0.009661728940968395,90460,jo_lx_derive
M,81,1997,0.011229433170361403,89586,jo_lx_derive
M,82,1997,0.014055091442763623,88580,jo_lx_derive
M,83,1997,0.016167630388733034,87335,jo_lx_derive
M,84,1997,0.01934290003840644,85923,jo_lx_derive
M,85,1997,0.02252524892892327,84261,jo_lx_derive
M,86,1997,0.026553185289511116,82363,jo_lx_derive
M,87,1997,0.029846836958690837,80176,jo_lx_derive
M,88,1997,0.033992003394057835,77783,jo_lx_derive
M,89,1997,0.03915410106602435,75139,jo_lx_derive
M,90,1997,0.047037965566436246,72197,jo_lx_derive
M,91,1997,0.05338585194982626,68801,jo_lx_derive
M,92,1997,0.060373418498955944,65128,jo_lx_derive
M,93,1997,0.06698150205895814,61196,jo_lx_derive
M,94,1997,0.07436467765381716,57097,jo_lx_derive
M,95,1997,0.08293125957881586,52851,jo_lx_derive
M,96,1997,0.09115292564166044,48468,jo_lx_derive
M,97,1997,0.09972758229284906,44050,jo_lx_derive
M,98,1997,0.10868194770154072,39657,jo_lx_derive
M,99,1997,0.11800152771097971,35347,jo_lx_derive
M,100,1997,0.12772645624839618,31176,jo_lx_derive
M,101,1997,0.1377877472971979,27194,jo_lx_derive
M,102,1997,0.14824924297351472,23447,jo_lx_derive
M,103,1997,0.15903059436182465,19971,jo_lx_derive
M,104,1997,0.17022923489133668,16795,jo_lx_derive
M,105,1997,0.18175947187141217,13936,jo_lx_derive
M,106,1997,0.193720950627028,11403,jo_lx_derive
M,107,1997,0.2058951490102241,9194,jo_lx_derive
M,108,1997,0.21860019175455414,7301,jo_lx_derive
M,109,1997,0.23172655565293598,5705,jo_lx_derive
M,110,1997,0.2448094912160621,4383,jo_lx_derive
M,111,1997,0.2589123867069486,3310,jo_lx_derive
M,112,1997,0.2727272727272727,2453,jo_lx_derive
M,113,1997,0.28755605381165916,1784,jo_lx_derive
M,114,1997,0.3021243115656963,1271,jo_lx_derive
M,115,1997,0.31679819616685456,887,jo_lx_derive
M,116,1997,0.33333333333333337,606,jo_lx_derive
M,117,1997,0.349009900990099,404,jo_lx_derive
M,118,1997,0.3650190114068441,263,jo_lx_derive
M,119,1997,0.38323353293413176,167,jo_lx_derive
M,120,1997,1.0,103,fermeture_hypothese
M,0,1998,0.0037399999999999656,100000,jo_lx_derive
M,1,1998,0.0011643546865276466,99626,jo_lx_derive
M,2,1998,0.0005024620641141953,99510,jo_lx_derive
M,3,1998,0.00028152020912930453,99460,jo_lx_derive
M,4,1998,0.00019108536487244532,99432,jo_lx_derive
M,5,1998,0.0001408266524498547,99413,jo_lx_derive
M,6,1998,0.00012072556061937245,99399,jo_lx_derive
M,7,1998,0.000110678458953406,99387,jo_lx_derive
M,8,1998,0.00010062791820963923,99376,jo_lx_derive
M,9,1998,0.00010063804520665798,99366,jo_lx_derive
M,10,1998,9.058335681788598e-05,99356,jo_lx_derive
M,11,1998,0.00010065729211750085,99347,jo_lx_derive
M,12,1998,0.00010066742502790049,99337,jo_lx_derive
M,13,1998,0.00011074531597654591,99327,jo_lx_derive
M,14,1998,0.00012082645293809424,99316,jo_lx_derive
M,15,1998,0.0001309111415451758,99304,jo_lx_derive
M,16,1998,0.00015107109405687602,99291,jo_lx_derive
M,17,1998,0.00018131270397681032,99276,jo_lx_derive
M,18,1998,0.00019142033891472732,99258,jo_lx_derive
M,19,1998,0.00022168703836189518,99239,jo_lx_derive
M,20,1998,0.00022173619440213344,99217,jo_lx_derive
M,21,1998,0.00022178537224659678,99195,jo_lx_derive
M,22,1998,0.00021175118227745315,99173,jo_lx_derive
M,23,1998,0.00021179603033727457,99152,jo_lx_derive
M,24,1998,0.000211840897398341,99131,jo_lx_derive
M,25,1998,0.00020179598425995593,99110,jo_lx_derive
M,26,1998,0.0002018367140983468,99090,jo_lx_derive
M,27,1998,0.00020187746038158316,99070,jo_lx_derive
M,28,1998,0.00020191822311965701,99050,jo_lx_derive
M,29,1998,0.00020195900232256037,99030,jo_lx_derive
M,30,1998,0.0002019997980001742,99010,jo_lx_derive
M,31,1998,0.00021214264067082045,98990,jo_lx_derive
M,32,1998,0.0002121876547201973,98969,jo_lx_derive
M,33,1998,0.0002122326878765124,98948,jo_lx_derive
M,34,1998,0.00021227774015186718,98927,jo_lx_derive
M,35,1998,0.00023254403170691607,98906,jo_lx_derive
M,36,1998,0.00023259812101172894,98883,jo_lx_derive
M,37,1998,0.000252882864657078,98860,jo_lx_derive
M,38,1998,0.00026306470379922064,98835,jo_lx_derive
M,39,1998,0.0002732544606260934,98809,jo_lx_derive
M,40,1998,0.0002935757526675298,98782,jo_lx_derive
M,41,1998,0.0003240407886342389,98753,jo_lx_derive
M,42,1998,0.00035453449620648225,98721,jo_lx_derive
M,43,1998,0.0003850596842510656,98686,jo_lx_derive
M,44,1998,0.0004257562241505308,98648,jo_lx_derive
M,45,1998,0.0004462203111372798,98606,jo_lx_derive
M,46,1998,0.0004870031046447787,98562,jo_lx_derive
M,47,1998,0.0005481454412570308,98514,jo_lx_derive
M,48,1998,0.0005789152955515409,98460,jo_lx_derive
M,49,1998,0.0005995752162027967,98403,jo_lx_derive
M,50,1998,0.0006101033108273368,98344,jo_lx_derive
M,51,1998,0.0006816979365918963,98284,jo_lx_derive
M,52,1998,0.0007330706496838646,98217,jo_lx_derive
M,53,1998,0.0008151204849966565,98145,jo_lx_derive
M,54,1998,0.0009381532656911329,98065,jo_lx_derive
M,55,1998,0.00109213762975513,97973,jo_lx_derive
M,56,1998,0.0011750761244967434,97866,jo_lx_derive
M,57,1998,0.0012787592965800565,97751,jo_lx_derive
M,58,1998,0.0013418556532071024,97626,jo_lx_derive
M,59,1998,0.001312887840402066,97495,jo_lx_derive
M,60,1998,0.0013248842010126216,97367,jo_lx_derive
M,61,1998,0.0013780620744976435,97238,jo_lx_derive
M,62,1998,0.001431454934915144,97104,jo_lx_derive
M,63,1998,0.0015056979322436437,96965,jo_lx_derive
M,64,1998,0.0016835538479017531,96819,jo_lx_derive
M,65,1998,0.0018312365502399786,96656,jo_lx_derive
M,66,1998,0.0019693404782388235,96479,jo_lx_derive
M,67,1998,0.0021809344784969875,96289,jo_lx_derive
M,68,1998,0.0024771281965881853,96079,jo_lx_derive
M,69,1998,0.002785864087394785,95841,jo_lx_derive
M,70,1998,0.0032330968673488503,95574,jo_lx_derive
M,71,1998,0.0036634650711173666,95265,jo_lx_derive
M,72,1998,0.004087825024231995,94916,jo_lx_derive
M,73,1998,0.004570074475287789,94528,jo_lx_derive
M,74,1998,0.004973643938105732,94096,jo_lx_derive
M,75,1998,0.005265518861878871,93628,jo_lx_derive
M,76,1998,0.005787298008267605,93135,jo_lx_derive
M,77,1998,0.006155773467536374,92596,jo_lx_derive
M,78,1998,0.006878490861278341,92026,jo_lx_derive
M,79,1998,0.008031249658070116,91393,jo_lx_derive
M,80,1998,0.00946403556183062,90659,jo_lx_derive
M,81,1998,0.011002104653623057,89801,jo_lx_derive
M,82,1998,0.013793025795773128,88813,jo_lx_derive
M,83,1998,0.015869753847559065,87588,jo_lx_derive
M,84,1998,0.01900276108494392,86198,jo_lx_derive
M,85,1998,0.02214995269631026,84560,jo_lx_derive
M,86,1998,0.026110513139913194,82687,jo_lx_derive
M,87,1998,0.02935624875819587,80528,jo_lx_derive
M,88,1998,0.03348088634153834,78164,jo_lx_derive
M,89,1998,0.038545541186281396,75547,jo_lx_derive
M,90,1998,0.046341295518689374,72635,jo_lx_derive
M,91,1998,0.05262094154672359,69269,jo_lx_derive
M,92,1998,0.05949043033036694,65624,jo_lx_derive
M,93,1998,0.06604018146467916,61720,jo_lx_derive
M,94,1998,0.0733294011518979,57644,jo_lx_derive
M,95,1998,0.0818278825093135,53417,jo_lx_derive
M,96,1998,0.0899563674917424,49046,jo_lx_derive
M,97,1998,0.09846753595913427,44634,jo_lx_derive
M,98,1998,0.1073585327667188,40239,jo_lx_derive
M,99,1998,0.11659567359893097,35919,jo_lx_derive
M,100,1998,0.12624877879676022,31731,jo_lx_derive
M,101,1998,0.13626690712353473,27725,jo_lx_derive
M,102,1998,0.14661544243537816,23947,jo_lx_derive
M,103,1998,0.15736934820904291,20436,jo_lx_derive
M,104,1998,0.1684668989547038,17220,jo_lx_derive
M,105,1998,0.17997066834276132,14319,jo_lx_derive
M,106,1998,0.1917901549991483,11742,jo_lx_derive
M,107,1998,0.20400421496311905,9490,jo_lx_derive
M,108,1998,0.2165740005295208,7554,jo_lx_derive
M,109,1998,0.22963839134842856,5918,jo_lx_derive
M,110,1998,0.24281640710682162,4559,jo_lx_derive
M,111,1998,0.2566628041714948,3452,jo_lx_derive
M,112,1998,0.27045985970381914,2566,jo_lx_derive
M,113,1998,0.28525641025641024,1872,jo_lx_derive
M,114,1998,0.2997010463378177,1338,jo_lx_derive
M,115,1998,0.3148345784418356,937,jo_lx_derive
M,116,1998,0.3302180685358256,642,jo_lx_derive
M,117,1998,0.34651162790697676,430,jo_lx_derive
M,118,1998,0.3629893238434164,281,jo_lx_derive
M,119,1998,0.3798882681564246,179,jo_lx_derive
M,120,1998,1.0,111,fermeture_hypothese
M,0,1999,0.003650000000000042,100000,jo_lx_derive
M,1,1999,0.0011441762432879976,99635,jo_lx_derive
M,2,1999,0.0004923583967202383,99521,jo_lx_derive
M,3,1999,0.0002714331671224146,99472,jo_lx_derive
M,4,1999,0.00019106038513749812,99445,jo_lx_derive
M,5,1999,0.0001408082392935217,99426,jo_lx_derive
M,6,1999,0.00012070977346800849,99412,jo_lx_derive
M,7,1999,0.0001006036217303663,99400,jo_lx_derive
M,8,1999,0.00010061374383740773,99390,jo_lx_derive
M,9,1999,9.056148118335994e-05,99380,jo_lx_derive
M,10,1999,0.00010063298145335242,99371,jo_lx_derive
M,11,1999,9.057879852258921e-05,99361,jo_lx_derive
M,12,1999,0.0001006522264273002,99352,jo_lx_derive
M,13,1999,0.00011072859414951175,99342,jo_lx_derive
M,14,1999,0.00011074085632889474,99331,jo_lx_derive
M,15,1999,0.00013089005235600304,99320,jo_lx_derive
M,16,1999,0.00015104675400523515,99307,jo_lx_derive
M,17,1999,0.00017121218225035761,99292,jo_lx_derive
M,18,1999,0.0001913875598086312,99275,jo_lx_derive
M,19,1999,0.00021157411138872373,99256,jo_lx_derive
M,20,1999,0.0002216959742026292,99235,jo_lx_derive
M,21,1999,0.0002116658099241553,99213,jo_lx_derive
M,22,1999,0.00021171062182434586,99192,jo_lx_derive
M,23,1999,0.00021175545270291085,99171,jo_lx_derive
M,24,1999,0.00020171457387796465,99150,jo_lx_derive
M,25,1999,0.00020175527085641853,99130,jo_lx_derive
M,26,1999,0.00019170618504693593,99110,jo_lx_derive
M,27,1999,0.0002018346772159063,99091,jo_lx_derive
M,28,1999,0.00020187542267668945,99071,jo_lx_derive
M,29,1999,0.00019182037536213947,99051,jo_lx_derive
M,30,1999,0.00020195492366104073,99032,jo_lx_derive
M,31,1999,0.00020199571769075053,99012,jo_lx_derive
M,32,1999,0.00020203652820427465,98992,jo_lx_derive
M,33,1999,0.00021218122297217423,98972,jo_lx_derive
M,34,1999,0.00021222625339811785,98951,jo_lx_derive
M,35,1999,0.0002223794602244089,98930,jo_lx_derive
M,36,1999,0.00023253932947786549,98908,jo_lx_derive
M,37,1999,0.00024270617383825854,98885,jo_lx_derive
M,38,1999,0.00025288030669323724,98861,jo_lx_derive
M,39,1999,0.00027317981302354966,98836,jo_lx_derive
M,40,1999,0.00028337499620478823,98809,jo_lx_derive
M,41,1999,0.0003138255332503226,98781,jo_lx_derive
M,42,1999,0.00034430379746830386,98750,jo_lx_derive
M,43,1999,0.0003849426638031783,98716,jo_lx_derive
M,44,1999,0.0004154928150145176,98678,jo_lx_derive
M,45,1999,0.00043594188793250055,98637,jo_lx_derive
M,46,1999,0.00047670243625375086,98594,jo_lx_derive
M,47,1999,0.0005378144438694665,98547,jo_lx_derive
M,48,1999,0.0005584096493187474,98494,jo_lx_derive
M,49,1999,0.0005891973709607479,98439,jo_lx_derive
M,50,1999,0.0005997092934610926,98381,jo_lx_derive
M,51,1999,0.0006610931429384959,98322,jo_lx_derive
M,52,1999,0.000722594827849421,98257,jo_lx_derive
M,53,1999,0.0007944106084371017,98186,jo_lx_derive
M,54,1999,0.0009173563827618025,98108,jo_lx_derive
M,55,1999,0.0010712318145646993,98018,jo_lx_derive
M,56,1999,0.0011438726216130846,97913,jo_lx_derive
M,57,1999,0.0012474310078629536,97801,jo_lx_derive
M,58,1999,0.0013104147257855248,97679,jo_lx_derive
M,59,1999,0.001281381021209449,97551,jo_lx_derive
M,60,1999,0.0012932892656990491,97426,jo_lx_derive
M,61,1999,0.0013566289825283073,97300,jo_lx_derive
M,62,1999,0.00139963774081997,97168,jo_lx_derive
M,63,1999,0.0014634347431775607,97032,jo_lx_derive
M,64,1999,0.0016513572092062834,96890,jo_lx_derive
M,65,1999,0.0017781453530445468,96730,jo_lx_derive
M,66,1999,0.0019263033617100689,96558,jo_lx_derive
M,67,1999,0.0021375503258207473,96372,jo_lx_derive
M,68,1999,0.0024228937462305034,96166,jo_lx_derive
M,69,1999,0.002720648786131985,95933,jo_lx_derive
M,70,1999,0.003167070825319862,95672,jo_lx_derive
M,71,1999,0.0035860709454854645,95369,jo_lx_derive
M,72,1999,0.0039883401559557274,95027,jo_lx_derive
M,73,1999,0.004479756571718396,94648,jo_lx_derive
M,74,1999,0.004871370351502757,94224,jo_lx_derive
M,75,1999,0.005151175811870079,93765,jo_lx_derive
M,76,1999,0.005660255997941732,93282,jo_lx_derive
M,77,1999,0.006015913060353206,92754,jo_lx_derive
M,78,1999,0.006735650136665328,92196,jo_lx_derive
M,79,1999,0.00787332787332784,91575,jo_lx_derive
M,80,1999,0.009267616175402282,90854,jo_lx_derive
M,81,1999,0.01078745056214725,90012,jo_lx_derive
M,82,1999,0.013533091497175409,89041,jo_lx_derive
M,83,1999,0.015585864565781704,87836,jo_lx_derive
M,84,1999,0.01866608070130804,86467,jo_lx_derive
M,85,1999,0.021767055967378823,84853,jo_lx_derive
M,86,1999,0.02568489024889764,83006,jo_lx_derive
M,87,1999,0.028884437520092954,80874,jo_lx_derive
M,88,1999,0.03293946879217702,78538,jo_lx_derive
M,89,1999,0.037971850271885876,75951,jo_lx_derive
M,90,1999,0.045656726018585725,73067,jo_lx_derive
M,91,1999,0.05184207884585046,69731,jo_lx_derive
M,92,1999,0.05863936112287493,66116,jo_lx_derive
M,93,1999,0.06508780668069858,62239,jo_lx_derive
M,94,1999,0.0723173162851447,58188,jo_lx_derive
M,95,1999,0.08073360503890326,53980,jo_lx_derive
M,96,1999,0.08879126194026843,49622,jo_lx_derive
M,97,1999,0.09722222222222221,45216,jo_lx_derive
M,98,1999,0.10605095541401277,40820,jo_lx_derive
M,99,1999,0.1152338932887561,36491,jo_lx_derive
M,100,1999,0.12479093105370753,32286,jo_lx_derive
M,101,1999,0.13472767809746256,28257,jo_lx_derive
M,102,1999,0.1450306748466258,24450,jo_lx_derive
M,103,1999,0.15571182548794493,20904,jo_lx_derive
M,104,1999,0.16675165731769503,17649,jo_lx_derive
M,105,1999,0.17815857473140218,14706,jo_lx_derive
M,106,1999,0.1899718682773457,12086,jo_lx_derive
M,107,1999,0.20214504596527072,9790,jo_lx_derive
M,108,1999,0.21456919728587887,7811,jo_lx_derive
M,109,1999,0.22754686226568865,6135,jo_lx_derive
M,110,1999,0.24076809453471193,4739,jo_lx_derive
M,111,1999,0.25430794886047803,3598,jo_lx_derive
M,112,1999,0.2683563175549758,2683,jo_lx_derive
M,113,1999,0.282730514518594,1963,jo_lx_derive
M,114,1999,0.2975852272727273,1408,jo_lx_derive
M,115,1999,0.3124368048533872,989,jo_lx_derive
M,116,1999,0.3279411764705882,680,jo_lx_derive
M,117,1999,0.34354485776805255,457,jo_lx_derive
M,118,1999,0.36,300,jo_lx_derive
M,119,1999,0.375,192,jo_lx_derive
M,120,1999,1.0,120,fermeture_hypothese
M,0,2000,0.003569999999999962,100000,jo_lx_derive
M,1,2000,0.001113976897524127,99643,jo_lx_derive
M,2,2000,0.0004822569625848594,99532,jo_lx_derive
M,3,2000,0.0002714004261992198,99484,jo_lx_derive
M,4,2000,0.0001809827362578842,99457,jo_lx_derive
M,5,2000,0.00014078983095167086,99439,jo_lx_derive
M,6,2000,0.00011063615790796177,99425,jo_lx_derive
M,7,2000,0.0001106483996218266,99414,jo_lx_derive
M,8,2000,9.054052694590364e-05,99403,jo_lx_derive
M,9,2000,9.054872527514135e-05,99394,jo_lx_derive
M,10,2000,0.0001006188056548174,99385,jo_lx_derive
M,11,2000,9.056603773582861e-05,99375,jo_lx_derive
M,12,2000,9.057424068592557e-05,99366,jo_lx_derive
M,13,2000,0.00011071187737154986,99357,jo_lx_derive
M,14,2000,0.00011072413584845009,99346,jo_lx_derive
M,15,2000,0.00013087028741132212,99335,jo_lx_derive
M,16,2000,0.00014095567950700438,99322,jo_lx_derive
M,17,2000,0.00017118459741405356,99308,jo_lx_derive
M,18,2000,0.00019135671913872443,99291,jo_lx_derive
M,19,2000,0.00020146667741161028,99272,jo_lx_derive
M,20,2000,0.00022165800185391937,99252,jo_lx_derive
M,21,2000,0.00020155195001514414,99230,jo_lx_derive
M,22,2000,0.0002116722104626989,99210,jo_lx_derive
M,23,2000,0.00020163526197458648,99189,jo_lx_derive
M,24,2000,0.00019159213060537805,99169,jo_lx_derive
M,25,2000,0.00020171457387796465,99150,jo_lx_derive
M,26,2000,0.0001916675073135865,99130,jo_lx_derive
M,27,2000,0.00019170425078951503,99111,jo_lx_derive
M,28,2000,0.00019174100835583907,99092,jo_lx_derive
M,29,2000,0.00020187134739035884,99073,jo_lx_derive
M,30,2000,0.00019181650227650948,99053,jo_lx_derive
M,31,2000,0.00019185330290605318,99034,jo_lx_derive
M,32,2000,0.00020198959753570112,99015,jo_lx_derive
M,33,2000,0.00020203040557609242,98995,jo_lx_derive
M,34,2000,0.0002121747916140615,98975,jo_lx_derive
M,35,2000,0.0002223255249914624,98954,jo_lx_derive
M,36,2000,0.0002223749646221851,98932,jo_lx_derive
M,37,2000,0.00023253462743910713,98910,jo_lx_derive
M,38,2000,0.0002528138177920747,98887,jo_lx_derive
M,39,2000,0.0002629928587323249,98862,jo_lx_derive
M,40,2000,0.00028329758387635184,98836,jo_lx_derive
M,41,2000,0.00030361914015064606,98808,jo_lx_derive
M,42,2000,0.0003442061997610546,98778,jo_lx_derive
M,43,2000,0.0003747063112695681,98744,jo_lx_derive
M,44,2000,0.00039510875621784347,98707,jo_lx_derive
M,45,2000,0.00042566992337944587,98668,jo_lx_derive
M,46,2000,0.0004765477663091211,98626,jo_lx_derive
M,47,2000,0.00051735156574928,98579,jo_lx_derive
M,48,2000,0.000548067554400733,98528,jo_lx_derive
M,49,2000,0.0005788329914495627,98474,jo_lx_derive
M,50,2000,0.0005791682331304226,98417,jo_lx_derive
M,51,2000,0.0006506710044733577,98360,jo_lx_derive
M,52,2000,0.0007019614226417836,98296,jo_lx_derive
M,53,2000,0.0007737180205035221,98227,jo_lx_derive
M,54,2000,0.0008965777220812932,98151,jo_lx_derive
M,55,2000,0.001050345186257795,98063,jo_lx_derive
M,56,2000,0.0011229073091058028,97960,jo_lx_derive
M,57,2000,0.0012161471640266264,97850,jo_lx_derive
M,58,2000,0.0012790209861763824,97731,jo_lx_derive
M,59,2000,0.0012601684322685047,97606,jo_lx_derive
M,60,2000,0.0012617584604495136,97483,jo_lx_derive
M,61,2000,0.00132497945768284,97360,jo_lx_derive
M,62,2000,0.0013678765002931303,97231,jo_lx_derive
M,63,2000,0.0014315433891531892,97098,jo_lx_derive
M,64,2000,0.0016089274848131163,96959,jo_lx_derive
M,65,2000,0.001745813662799689,96803,jo_lx_derive
M,66,2000,0.0018833950783367914,96634,jo_lx_derive
M,67,2000,0.0020839381246630095,96452,jo_lx_derive
M,68,2000,0.0023688065578539863,96251,jo_lx_derive
M,69,2000,0.002666027930808279,96023,jo_lx_derive
M,70,2000,0.003090835047563356,95767,jo_lx_derive
M,71,2000,0.0035089189387352837,95471,jo_lx_derive
M,72,2000,0.003899680457450372,95136,jo_lx_derive
M,73,2000,0.004389806363108706,94765,jo_lx_derive
M,74,2000,0.004769525909124606,94349,jo_lx_derive
M,75,2000,0.005037327341079201,93899,jo_lx_derive
M,76,2000,0.005533791449917613,93426,jo_lx_derive
M,77,2000,0.0058982445188302535,92909,jo_lx_derive
M,78,2000,0.006593692142787488,92361,jo_lx_derive
M,79,2000,0.00769465515738077,91752,jo_lx_derive
M,80,2000,0.009094303978208762,91046,jo_lx_derive
M,81,2000,0.010574386486067122,90218,jo_lx_derive
M,82,2000,0.01327522853557983,89264,jo_lx_derive
M,83,2000,0.015293089158596285,88079,jo_lx_derive
M,84,2000,0.01834386385647746,86732,jo_lx_derive
M,85,2000,0.021388050410495518,85141,jo_lx_derive
M,86,2000,0.02526404224675949,83320,jo_lx_derive
M,87,2000,0.028418395616573333,81215,jo_lx_derive
M,88,2000,0.03243058283802447,78907,jo_lx_derive
M,89,2000,0.03739456174359512,76348,jo_lx_derive
M,90,2000,0.04497026927734615,73493,jo_lx_derive
M,91,2000,0.05109135464751813,70188,jo_lx_derive
M,92,2000,0.057791057325605855,66602,jo_lx_derive
M,93,2000,0.06415629531655853,62753,jo_lx_derive
M,94,2000,0.07131302467348921,58727,jo_lx_derive
M,95,2000,0.07964942518197982,54539,jo_lx_derive
M,96,2000,0.08763821097718894,50195,jo_lx_derive
M,97,2000,0.09601275220543282,45796,jo_lx_derive
M,98,2000,0.10473682939201434,41399,jo_lx_derive
M,99,2000,0.11386018401100828,37063,jo_lx_derive
M,100,2000,0.12337484395457177,32843,jo_lx_derive
M,101,2000,0.1332360807196693,28791,jo_lx_derive
M,102,2000,0.14345822480464832,24955,jo_lx_derive
M,103,2000,0.15405847953216378,21375,jo_lx_derive
M,104,2000,0.16508129631677915,18082,jo_lx_derive
M,105,2000,0.1763926607935351,15097,jo_lx_derive
M,106,2000,0.18811323789609136,12434,jo_lx_derive
M,107,2000,0.20019811788013864,10095,jo_lx_derive
M,108,2000,0.21265791429279168,8074,jo_lx_derive
M,109,2000,0.22557810287871638,6357,jo_lx_derive
M,110,2000,0.2386756043063173,4923,jo_lx_derive
M,111,2000,0.25213447171824976,3748,jo_lx_derive
M,112,2000,0.2665001783803068,2803,jo_lx_derive
M,113,2000,0.2801556420233463,2056,jo_lx_derive
M,114,2000,0.2952702702702703,1480,jo_lx_derive
M,115,2000,0.31064237775647174,1043,jo_lx_derive
M,116,2000,0.325452016689847,719,jo_lx_derive
M,117,2000,0.3402061855670103,485,jo_lx_derive
M,118,2000,0.359375,320,jo_lx_derive
M,119,2000,0.375609756097561,205,jo_lx_derive
M,120,2000,1.0,128,fermeture_hypothese
M,0,2001,0.0034800000000000386,100000,jo_lx_derive
M,1,2001,0.0010938064464336428,99652,jo_lx_derive
M,2,2001,0.00047215776096765083,99543,jo_lx_derive
M,3,2001,0.00027136769317359644,99496,jo_lx_derive
M,4,2001,0.00017090751892545608,99469,jo_lx_derive
M,5,2001,0.00014077142742230375,99452,jo_lx_derive
M,6,2001,0.00011062169391984344,99438,jo_lx_derive
M,7,2001,0.00010057630221171898,99427,jo_lx_derive
M,8,2001,0.00010058641882171315,99417,jo_lx_derive
M,9,2001,9.05368837205156e-05,99407,jo_lx_derive
M,10,2001,9.054508138994777e-05,99398,jo_lx_derive
M,11,2001,9.055328054408118e-05,99389,jo_lx_derive
M,12,2001,9.056148118335994e-05,99380,jo_lx_derive
M,13,2001,0.00010063298145335242,99371,jo_lx_derive
M,14,2001,0.00011070742041641157,99361,jo_lx_derive
M,15,2001,0.0001308505284348671,99350,jo_lx_derive
M,16,2001,0.0001409343950391495,99337,jo_lx_derive
M,17,2001,0.00016109058324864645,99323,jo_lx_derive
M,18,2001,0.000191325888406646,99307,jo_lx_derive
M,19,2001,0.0002014342115864709,99288,jo_lx_derive
M,20,2001,0.000211548535278272,99268,jo_lx_derive
M,21,2001,0.00020151742621943303,99247,jo_lx_derive
M,22,2001,0.00020155804367760766,99227,jo_lx_derive
M,23,2001,0.00019151874363698695,99207,jo_lx_derive
M,24,2001,0.00019155543009230502,99188,jo_lx_derive
M,25,2001,0.00019159213060537805,99169,jo_lx_derive
M,26,2001,0.00019162884518408863,99150,jo_lx_derive
M,27,2001,0.0001916655738366524,99131,jo_lx_derive
M,28,2001,0.00019170231657117398,99112,jo_lx_derive
M,29,2001,0.0001816475432169229,99093,jo_lx_derive
M,30,2001,0.0001917739086551018,99075,jo_lx_derive
M,31,2001,0.00019181069294138542,99056,jo_lx_derive
M,32,2001,0.00020194472772805394,99037,jo_lx_derive
M,33,2001,0.00019188624175647817,99017,jo_lx_derive
M,34,2001,0.00021212549748483855,98998,jo_lx_derive
M,35,2001,0.00021217050425859085,98977,jo_lx_derive
M,36,2001,0.00021221553013461847,98956,jo_lx_derive
M,37,2001,0.00023247586799413078,98935,jo_lx_derive
M,38,2001,0.00024263992235518117,98912,jo_lx_derive
M,39,2001,0.00026292371167380146,98888,jo_lx_derive
M,40,2001,0.00027310796868362797,98862,jo_lx_derive
M,41,2001,0.00030353619669143406,98835,jo_lx_derive
M,42,2001,0.00032387024948132836,98805,jo_lx_derive
M,43,2001,0.00037459629655878235,98773,jo_lx_derive
M,44,2001,0.0003848646896775776,98736,jo_lx_derive
M,45,2001,0.0004154086202354801,98698,jo_lx_derive
M,46,2001,0.0004662618972804955,98657,jo_lx_derive
M,47,2001,0.0005070428248369341,98611,jo_lx_derive
M,48,2001,0.0005377380505473539,98561,jo_lx_derive
M,49,2001,0.0005684817476753201,98508,jo_lx_derive
M,50,2001,0.0005688051029943963,98452,jo_lx_derive
M,51,2001,0.0006301069149152738,98396,jo_lx_derive
M,52,2001,0.0006813513128725024,98334,jo_lx_derive
M,53,2001,0.0007632267190409436,98267,jo_lx_derive
M,54,2001,0.000875835098582356,98192,jo_lx_derive
M,55,2001,0.0010193056489918861,98106,jo_lx_derive
M,56,2001,0.0011019733485705396,98006,jo_lx_derive
M,57,2001,0.001184906739667868,97898,jo_lx_derive
M,58,2001,0.0012579002270356465,97782,jo_lx_derive
M,59,2001,0.001228765397966347,97659,jo_lx_derive
M,60,2001,0.0012405294292539004,97539,jo_lx_derive
M,61,2001,0.0012933954710628859,97418,jo_lx_derive
M,62,2001,0.0013259055215227855,97292,jo_lx_derive
M,63,2001,0.001399709766063184,97163,jo_lx_derive
M,64,2001,0.001576880662083724,97027,jo_lx_derive
M,65,2001,0.0017032433883188425,96874,jo_lx_derive
M,66,2001,0.0018405732661903595,96709,jo_lx_derive
M,67,2001,0.0020407951849664707,96531,jo_lx_derive
M,68,2001,0.002314862872921264,96334,jo_lx_derive
M,69,2001,0.002601159076484505,96111,jo_lx_derive
M,70,2001,0.003025213590511222,95861,jo_lx_derive
M,71,2001,0.00343200343200345,95571,jo_lx_derive
M,72,2001,0.003821803177136429,95243,jo_lx_derive
M,73,2001,0.004289674216633843,94879,jo_lx_derive
M,74,2001,0.004668049792531104,94472,jo_lx_derive
M,75,2001,0.004934542863523683,94031,jo_lx_derive
M,76,2001,0.005418577062425878,93567,jo_lx_derive
M,77,2001,0.005770470664087646,93060,jo_lx_derive
M,78,2001,0.006441641537779819,92523,jo_lx_derive
M,79,2001,0.007549468600084874,91927,jo_lx_derive
M,80,2001,0.008900288272883694,91233,jo_lx_derive
M,81,2001,0.010362636998042518,90421,jo_lx_derive
M,82,2001,0.013030262393276981,89484,jo_lx_derive
M,83,2001,0.015013926945809497,88318,jo_lx_derive
M,84,2001,0.01801315063454112,86992,jo_lx_derive
M,85,2001,0.021035996488147468,85425,jo_lx_derive
M,86,2001,0.024836179270100955,83628,jo_lx_derive
M,87,2001,0.0279702272197766,81551,jo_lx_derive
M,88,2001,0.0319162356503091,79270,jo_lx_derive
M,89,2001,0.03682564503518371,76740,jo_lx_derive
M,90,2001,0.04430825012852779,73914,jo_lx_derive
M,91,2001,0.050340463483344866,70639,jo_lx_derive
M,92,2001,0.0569592892387043,67083,jo_lx_derive
M,93,2001,0.06322911068255821,63262,jo_lx_derive
M,94,2001,0.07033174715669399,59262,jo_lx_derive
M,95,2001,0.07857479943369516,55094,jo_lx_derive
M,96,2001,0.08649660198955977,50765,jo_lx_derive
M,97,2001,0.09479449691637554,46374,jo_lx_derive
M,98,2001,0.10348277669255324,41978,jo_lx_derive
M,99,2001,0.1125312217675506,37634,jo_lx_derive
M,100,2001,0.12194975897481963,33399,jo_lx_derive
M,101,2001,0.1317261133465184,29326,jo_lx_derive
M,102,2001,0.14193142991792007,25463,jo_lx_derive
M,103,2001,0.15245548995377367,21849,jo_lx_derive
M,104,2001,0.16340857544011234,18518,jo_lx_derive
M,105,2001,0.1746707978311387,15492,jo_lx_derive
M,106,2001,0.1862975129047395,12786,jo_lx_derive
M,107,2001,0.19838523644752015,10404,jo_lx_derive
M,108,2001,0.21079136690647482,8340,jo_lx_derive
M,109,2001,0.22348830142813736,6582,jo_lx_derive
M,110,2001,0.23674427704950107,5111,jo_lx_derive
M,111,2001,0.25019225839528325,3901,jo_lx_derive
M,112,2001,0.26393162393162395,2925,jo_lx_derive
M,113,2001,0.2782164421737111,2153,jo_lx_derive
M,114,2001,0.2927927927927928,1554,jo_lx_derive
M,115,2001,0.30846223839854414,1099,jo_lx_derive
M,116,2001,0.3223684210526315,760,jo_lx_derive
M,117,2001,0.3398058252427184,515,jo_lx_derive
M,118,2001,0.3558823529411764,340,jo_lx_derive
M,119,2001,0.36986301369863017,219,jo_lx_derive
M,120,2001,1.0,138,fermeture_hypothese
M,0,2002,0.0033999999999999586,100000,jo_lx_derive
M,1,2002,0.00107365041139873,99660,jo_lx_derive
M,2,2002,0.0004620654324831719,99553,jo_lx_derive
M,3,2002,0.00026128815058235055,99507,jo_lx_derive
M,4,2002,0.00017088690302669018,99481,jo_lx_derive
M,5,2002,0.00013070055497466093,99464,jo_lx_derive
M,6,2002,0.00011060723371303371,99451,jo_lx_derive
M,7,2002,0.0001005631536604712,99440,jo_lx_derive
M,8,2002,9.051594086295633e-05,99430,jo_lx_derive
M,9,2002,9.052413474019971e-05,99421,jo_lx_derive
M,10,2002,9.053233010103412e-05,99412,jo_lx_derive
M,11,2002,9.054052694590364e-05,99403,jo_lx_derive
M,12,2002,9.054872527514135e-05,99394,jo_lx_derive
M,13,2002,0.0001006188056548174,99385,jo_lx_derive
M,14,2002,0.00011069182389933374,99375,jo_lx_derive
M,15,2002,0.00012076808502070602,99364,jo_lx_derive
M,16,2002,0.00014091311699815368,99352,jo_lx_derive
M,17,2002,0.00016106625863210322,99338,jo_lx_derive
M,18,2002,0.00018122873079473578,99322,jo_lx_derive
M,19,2002,0.00020140175622329615,99304,jo_lx_derive
M,20,2002,0.00020144232706176268,99284,jo_lx_derive
M,21,2002,0.00020148291424881837,99264,jo_lx_derive
M,22,2002,0.0001914473419047935,99244,jo_lx_derive
M,23,2002,0.00019148400100776897,99225,jo_lx_derive
M,24,2002,0.00019152067415273422,99206,jo_lx_derive
M,25,2002,0.00018147539496105036,99187,jo_lx_derive
M,26,2002,0.00019159213060537805,99169,jo_lx_derive
M,27,2002,0.0001815431164902126,99150,jo_lx_derive
M,28,2002,0.0001815760803777211,99132,jo_lx_derive
M,29,2002,0.0001916984482515094,99114,jo_lx_derive
M,30,2002,0.00018164387708763385,99095,jo_lx_derive
M,31,2002,0.0001917700374456377,99077,jo_lx_derive
M,32,2002,0.00019180682024677598,99058,jo_lx_derive
M,33,2002,0.00019184361716095832,99039,jo_lx_derive
M,34,2002,0.00020197939810140397,99020,jo_lx_derive
M,35,2002,0.00020202020202020332,99000,jo_lx_derive
M,36,2002,0.0002222671246716601,98980,jo_lx_derive
M,37,2002,0.00022231653832938125,98958,jo_lx_derive
M,38,2002,0.00023247351823396656,98936,jo_lx_derive
M,39,2002,0.0002527473638449518,98913,jo_lx_derive
M,40,2002,0.00027303616212281945,98888,jo_lx_derive
M,41,2002,0.00029334115576418185,98861,jo_lx_derive
M,42,2002,0.0003237817710862734,98832,jo_lx_derive
M,43,2002,0.000354251012145701,98800,jo_lx_derive
M,44,2002,0.0003847516832886644,98765,jo_lx_derive
M,45,2002,0.0004051576569732429,98727,jo_lx_derive
M,46,2002,0.0004559871107643332,98687,jo_lx_derive
M,47,2002,0.0004967458080736842,98642,jo_lx_derive
M,48,2002,0.0005274208108080325,98593,jo_lx_derive
M,49,2002,0.0005479952507078112,98541,jo_lx_derive
M,50,2002,0.0005584493384913625,98487,jo_lx_derive
M,51,2002,0.0006095578673601665,98432,jo_lx_derive
M,52,2002,0.0006709226202578078,98372,jo_lx_derive
M,53,2002,0.0007425792932272968,98306,jo_lx_derive
M,54,2002,0.0008652896684413491,98233,jo_lx_derive
M,55,2002,0.0009984920731955782,98148,jo_lx_derive
M,56,2002,0.0010708822029577014,98050,jo_lx_derive
M,57,2002,0.0011639185257031892,97945,jo_lx_derive
M,58,2002,0.0012266050638345405,97831,jo_lx_derive
M,59,2002,0.0011974086847950094,97711,jo_lx_derive
M,60,2002,0.0012090907227902958,97594,jo_lx_derive
M,61,2002,0.0012618490705403884,97476,jo_lx_derive
M,62,2002,0.0013045309338182154,97353,jo_lx_derive
M,63,2002,0.001367946845494017,97226,jo_lx_derive
M,64,2002,0.0015346111460146084,97093,jo_lx_derive
M,65,2002,0.00167106783297577,96944,jo_lx_derive
M,66,2002,0.001797854973032198,96782,jo_lx_derive
M,67,2002,0.0019874130506790655,96608,jo_lx_derive
M,68,2002,0.002261035512778009,96416,jo_lx_derive
M,69,2002,0.0025468304954364696,96198,jo_lx_derive
M,70,2002,0.002959782393463506,95953,jo_lx_derive
M,71,2002,0.0033553188598187678,95669,jo_lx_derive
M,72,2002,0.0037441792171833965,95348,jo_lx_derive
M,73,2002,0.004200397932435651,94991,jo_lx_derive
M,74,2002,0.0045669824086603805,94592,jo_lx_derive
M,75,2002,0.004832200509770623,94160,jo_lx_derive
M,76,2002,0.005303879195347139,93705,jo_lx_derive
M,77,2002,0.005643292421251389,93208,jo_lx_derive
M,78,2002,0.006311905224315351,92682,jo_lx_derive
M,79,2002,0.0073835195500396855,92097,jo_lx_derive
M,80,2002,0.00872922979314572,91417,jo_lx_derive
M,81,2002,0.010152396296582378,90619,jo_lx_derive
M,82,2002,0.012787210559760953,89699,jo_lx_derive
M,83,2002,0.014737103622730174,88552,jo_lx_derive
M,84,2002,0.01769688356046628,87247,jo_lx_derive
M,85,2002,0.020676055680664662,85703,jo_lx_derive
M,86,2002,0.024424825153995577,83931,jo_lx_derive
M,87,2002,0.02751554084586172,81881,jo_lx_derive
M,88,2002,0.03142110815291099,79628,jo_lx_derive
M,89,2002,0.03626533205404148,77126,jo_lx_derive
M,90,2002,0.04363034616367767,74329,jo_lx_derive
M,91,2002,0.049615958135216465,71086,jo_lx_derive
M,92,2002,0.05612871712133094,67559,jo_lx_derive
M,93,2002,0.06233631815829499,63767,jo_lx_derive
M,94,2002,0.06935710462938183,59792,jo_lx_derive
M,95,2002,0.07752718123820646,55645,jo_lx_derive
M,96,2002,0.08536751670530474,51331,jo_lx_derive
M,97,2002,0.09361221751262006,46949,jo_lx_derive
M,98,2002,0.10219955820839399,42554,jo_lx_derive
M,99,2002,0.11118963486454647,38205,jo_lx_derive
M,100,2002,0.12056424301322255,33957,jo_lx_derive
M,101,2002,0.13029501389679532,29863,jo_lx_derive
M,102,2002,0.14038194979208374,25972,jo_lx_derive
M,103,2002,0.15090029561945717,22326,jo_lx_derive
M,104,2002,0.16173445165374267,18957,jo_lx_derive
M,105,2002,0.17299100119564537,15891,jo_lx_derive
M,106,2002,0.18452290366763047,13142,jo_lx_derive
M,107,2002,0.19651021741158903,10717,jo_lx_derive
M,108,2002,0.20891882475902912,8611,jo_lx_derive
M,109,2002,0.22152084556664708,6812,jo_lx_derive
M,110,2002,0.2345841976239864,5303,jo_lx_derive
M,111,2002,0.24809066272480906,4059,jo_lx_derive
M,112,2002,0.2621231979030144,3052,jo_lx_derive
M,113,2002,0.27619893428063946,2252,jo_lx_derive
M,114,2002,0.2907975460122699,1630,jo_lx_derive
M,115,2002,0.3053633217993079,1156,jo_lx_derive
M,116,2002,0.3212951432129514,803,jo_lx_derive
M,117,2002,0.33577981651376143,545,jo_lx_derive
M,118,2002,0.35359116022099446,362,jo_lx_derive
M,119,2002,0.36752136752136755,234,jo_lx_derive
M,120,2002,1.0,148,fermeture_hypothese
M,0,2003,0.0033199999999999896,100000,jo_lx_derive
M,1,2003,0.0010434643014809453,99668,jo_lx_derive
M,2,2003,0.00046201438270865314,99564,jo_lx_derive
M,3,2003,0.0002512108362305865,99518,jo_lx_derive
M,4,2003,0.00017086629210094628,99493,jo_lx_derive
M,5,2003,0.0001306847882905915,99476,jo_lx_derive
M,6,2003,0.00011059388918488455,99463,jo_lx_derive
M,7,2003,0.00010055101958739154,99452,jo_lx_derive
M,8,2003,9.050501800045296e-05,99442,jo_lx_derive
M,9,2003,8.04561865779263e-05,99433,jo_lx_derive
M,10,2003,9.052049283375663e-05,99425,jo_lx_derive
M,11,2003,8.046994447574729e-05,99416,jo_lx_derive
M,12,2003,9.053597295993754e-05,99408,jo_lx_derive
M,13,2003,0.00010060463384942153,99399,jo_lx_derive
M,14,2003,0.00011067623177618557,99389,jo_lx_derive
M,15,2003,0.00012075107166575894,99378,jo_lx_derive
M,16,2003,0.00013082945876863317,99366,jo_lx_derive
M,17,2003,0.00016104194136057348,99353,jo_lx_derive
M,18,2003,0.00017113462254747525,99337,jo_lx_derive
M,19,2003,0.000201369311316979,99320,jo_lx_derive
M,20,2003,0.00019133937562942904,99300,jo_lx_derive
M,21,2003,0.00020144841409730496,99281,jo_lx_derive
M,22,2003,0.00019141455355076165,99261,jo_lx_derive
M,23,2003,0.0001813748211442201,99242,jo_lx_derive
M,24,2003,0.00019148593082318754,99224,jo_lx_derive
M,25,2003,0.0001814424676175319,99205,jo_lx_derive
M,26,2003,0.00018147539496105036,99187,jo_lx_derive
M,27,2003,0.000181508334257674,99169,jo_lx_derive
M,28,2003,0.00018154128551406412,99151,jo_lx_derive
M,29,2003,0.00018157424873654904,99133,jo_lx_derive
M,30,2003,0.00018160722393179007,99115,jo_lx_derive
M,31,2003,0.00018164021110633755,99097,jo_lx_derive
M,32,2003,0.00018167321026651972,99079,jo_lx_derive
M,33,2003,0.0001918010114979607,99061,jo_lx_derive
M,34,2003,0.0001918378061832593,99042,jo_lx_derive
M,35,2003,0.0002019732789352302,99023,jo_lx_derive
M,36,2003,0.00021211478440041898,99003,jo_lx_derive
M,37,2003,0.00022226263361013743,98982,jo_lx_derive
M,38,2003,0.00023241713823762833,98960,jo_lx_derive
M,39,2003,0.00025268605274064715,98937,jo_lx_derive
M,40,2003,0.0002628599158848166,98912,jo_lx_derive
M,41,2003,0.00028315433934023027,98886,jo_lx_derive
M,42,2003,0.0003135810961176766,98858,jo_lx_derive
M,43,2003,0.00035415422910745065,98827,jo_lx_derive
M,44,2003,0.0003745242529759052,98792,jo_lx_derive
M,45,2003,0.0003949167130777864,98755,jo_lx_derive
M,46,2003,0.00043559301430362574,98716,jo_lx_derive
M,47,2003,0.00048645526131763095,98673,jo_lx_derive
M,48,2003,0.0005171102661597482,98625,jo_lx_derive
M,49,2003,0.0005376671333211513,98574,jo_lx_derive
M,50,2003,0.0005481064950619841,98521,jo_lx_derive
M,51,2003,0.0005991855139285684,98467,jo_lx_derive
M,52,2003,0.0006503536297861601,98408,jo_lx_derive
M,53,2003,0.0007321239729927154,98344,jo_lx_derive
M,54,2003,0.0008344187561054595,98272,jo_lx_derive
M,55,2003,0.000977696303085862,98190,jo_lx_derive
M,56,2003,0.0010500132525944617,98094,jo_lx_derive
M,57,2003,0.0011327570899368755,97991,jo_lx_derive
M,58,2003,0.0012055578259092536,97880,jo_lx_derive
M,59,2003,0.0011660972566027716,97762,jo_lx_derive
M,60,2003,0.001187940357201378,97648,jo_lx_derive
M,61,2003,0.0012303654185292778,97532,jo_lx_derive
M,62,2003,0.0012729437851599634,97412,jo_lx_derive
M,63,2003,0.0013362387961516342,97288,jo_lx_derive
M,64,2003,0.0015027069309784258,97158,jo_lx_derive
M,65,2003,0.0016286644951140072,97012,jo_lx_derive
M,66,2003,0.0017552191959031571,96854,jo_lx_derive
M,67,2003,0.0019548218940051987,96684,jo_lx_derive
M,68,2003,0.002207368257422626,96495,jo_lx_derive
M,69,2003,0.0024926777590826843,96282,jo_lx_derive
M,70,2003,0.002894566960288225,96042,jo_lx_derive
M,71,2003,0.003278893947621264,95764,jo_lx_derive
M,72,2003,0.0036668412781560855,95450,jo_lx_derive
M,73,2003,0.004111461619348056,95100,jo_lx_derive
M,74,2003,0.00446631259964736,94709,jo_lx_derive
M,75,2003,0.004719682667628233,94286,jo_lx_derive
M,76,2003,0.005189629266525331,93841,jo_lx_derive
M,77,2003,0.005527347515907222,93354,jo_lx_derive
M,78,2003,0.00618281307223334,92838,jo_lx_derive
M,79,2003,0.007229255180785543,92264,jo_lx_derive
M,80,2003,0.00854831490114305,91597,jo_lx_derive
M,81,2003,0.009954412315281824,90814,jo_lx_derive
M,82,2003,0.012545879212545907,89910,jo_lx_derive
M,83,2003,0.014462391025207855,88782,jo_lx_derive
M,84,2003,0.017394683307046965,87498,jo_lx_derive
M,85,2003,0.020319624081138965,85976,jo_lx_derive
M,86,2003,0.02401785608282181,84229,jo_lx_derive
M,87,2003,0.02706615088922948,82206,jo_lx_derive
M,88,2003,0.030932346432277713,79981,jo_lx_derive
M,89,2003,0.035712903350665126,77507,jo_lx_derive
M,90,2003,0.04298960382129813,74739,jo_lx_derive
M,91,2003,0.04887733132007943,71526,jo_lx_derive
M,92,2003,0.055313832132882546,68030,jo_lx_derive
M,93,2003,0.06144677672833643,64267,jo_lx_derive
M,94,2003,0.06838754600616737,60318,jo_lx_derive
M,95,2003,0.07648639510259281,56193,jo_lx_derive
M,96,2003,0.08426630696598902,51895,jo_lx_derive
M,97,2003,0.09244139556415976,47522,jo_lx_derive
M,98,2003,0.10095295508822366,43129,jo_lx_derive
M,99,2003,0.10989039329464856,38775,jo_lx_derive
M,100,2003,0.11919800660601498,34514,jo_lx_derive
M,101,2003,0.1288486842105263,30400,jo_lx_derive
M,102,2003,0.13888154665256958,26483,jo_lx_derive
M,103,2003,0.1493093619820215,22805,jo_lx_derive
M,104,2003,0.1601030927835052,19400,jo_lx_derive
M,105,2003,0.1712900454154903,16294,jo_lx_derive
M,106,2003,0.1828482559431237,13503,jo_lx_derive
M,107,2003,0.1946710168569875,11034,jo_lx_derive
M,108,2003,0.2070672968714833,8886,jo_lx_derive
M,109,2003,0.21955719557195574,7046,jo_lx_derive
M,110,2003,0.23276959447172219,5499,jo_lx_derive
M,111,2003,0.24602986489689505,4219,jo_lx_derive
M,112,2003,0.259981138006916,3181,jo_lx_derive
M,113,2003,0.2740016992353441,2354,jo_lx_derive
M,114,2003,0.28847279110590984,1709,jo_lx_derive
M,115,2003,0.303453947368421,1216,jo_lx_derive
M,116,2003,0.3187721369539551,847,jo_lx_derive
M,117,2003,0.33448873483535524,577,jo_lx_derive
M,118,2003,0.34895833333333337,384,jo_lx_derive
M,119,2003,0.368,250,jo_lx_derive
M,120,2003,1.0,158,fermeture_hypothese
M,0,2004,0.0032400000000000206,100000,jo_lx_derive
M,1,2004,0.0010233155423572393,99676,jo_lx_derive
M,2,2004,0.000451925201357839,99574,jo_lx_derive
M,3,2004,0.00025118307227034453,99529,jo_lx_derive
M,4,2004,0.00017084740311945623,99504,jo_lx_derive
M,5,2004,0.00012061877431224222,99487,jo_lx_derive
M,6,2004,0.00011058054787638216,99475,jo_lx_derive
M,7,2004,9.048499959785072e-05,99464,jo_lx_derive
M,8,2004,9.049318787390792e-05,99455,jo_lx_derive
M,9,2004,8.044566900633487e-05,99446,jo_lx_derive
M,10,2004,9.05086586616699e-05,99438,jo_lx_derive
M,11,2004,8.045942330703326e-05,99429,jo_lx_derive
M,12,2004,9.052413474019971e-05,99421,jo_lx_derive
M,13,2004,9.053233010103412e-05,99412,jo_lx_derive
M,14,2004,0.00011066064404496867,99403,jo_lx_derive
M,15,2004,0.00011067289117838719,99392,jo_lx_derive
M,16,2004,0.00014087199766554814,99381,jo_lx_derive
M,17,2004,0.0001509555486227665,99367,jo_lx_derive
M,18,2004,0.00017110878492632153,99352,jo_lx_derive
M,19,2004,0.00019127195852419732,99335,jo_lx_derive
M,20,2004,0.00019130855048532514,99316,jo_lx_derive
M,21,2004,0.00019134515644980699,99297,jo_lx_derive
M,22,2004,0.0001913817764257475,99278,jo_lx_derive
M,23,2004,0.00018134375724110363,99259,jo_lx_derive
M,24,2004,0.00018137664876416437,99241,jo_lx_derive
M,25,2004,0.00018140955222079036,99223,jo_lx_derive
M,26,2004,0.00017136233052772454,99205,jo_lx_derive
M,27,2004,0.00018147356535069825,99188,jo_lx_derive
M,28,2004,0.00017142280931736753,99170,jo_lx_derive
M,29,2004,0.0001815376236724564,99153,jo_lx_derive
M,30,2004,0.00017148333081151712,99135,jo_lx_derive
M,31,2004,0.0001816017272342485,99118,jo_lx_derive
M,32,2004,0.0001816347124117268,99100,jo_lx_derive
M,33,2004,0.00019176036010581932,99082,jo_lx_derive
M,34,2004,0.00019179713919426078,99063,jo_lx_derive
M,35,2004,0.00019183393239363689,99044,jo_lx_derive
M,36,2004,0.00021206765968184715,99025,jo_lx_derive
M,37,2004,0.00021211264191345336,99004,jo_lx_derive
M,38,2004,0.00022226038814743276,98983,jo_lx_derive
M,39,2004,0.00024251978051959,98961,jo_lx_derive
M,40,2004,0.00026279349485025527,98937,jo_lx_derive
M,41,2004,0.00028308277138033855,98911,jo_lx_derive
M,42,2004,0.00030338885349356914,98883,jo_lx_derive
M,43,2004,0.0003439450497202401,98853,jo_lx_derive
M,44,2004,0.00036430241147955567,98819,jo_lx_derive
M,45,2004,0.00038468157476490017,98783,jo_lx_derive
M,46,2004,0.0004354650868398924,98745,jo_lx_derive
M,47,2004,0.0004761808271361856,98702,jo_lx_derive
M,48,2004,0.0004966803507171491,98655,jo_lx_derive
M,49,2004,0.0005273512767985933,98606,jo_lx_derive
M,50,2004,0.0005276295229011962,98554,jo_lx_derive
M,51,2004,0.0005888205315628392,98502,jo_lx_derive
M,52,2004,0.0006399577424728298,98444,jo_lx_derive
M,53,2004,0.0007115195007165731,98381,jo_lx_derive
M,54,2004,0.0008137441384992172,98311,jo_lx_derive
M,55,2004,0.000956928057334272,98231,jo_lx_derive
M,56,2004,0.001029173502348768,98137,jo_lx_derive
M,57,2004,0.0011118364682362047,98036,jo_lx_derive
M,58,2004,0.0011743441543190514,97927,jo_lx_derive
M,59,2004,0.001145053776632765,97812,jo_lx_derive
M,60,2004,0.0011566018423746494,97700,jo_lx_derive
M,61,2004,0.0012091774519147336,97587,jo_lx_derive
M,62,2004,0.0012414203490340725,97469,jo_lx_derive
M,63,2004,0.0013045979372970917,97348,jo_lx_derive
M,64,2004,0.0014708756338651652,97221,jo_lx_derive
M,65,2004,0.0015863532417231818,97078,jo_lx_derive
M,66,2004,0.001712682101440266,96924,jo_lx_derive
M,67,2004,0.001911986605758642,96758,jo_lx_derive
M,68,2004,0.0021538111066240484,96573,jo_lx_derive
M,69,2004,0.002438644736159401,96365,jo_lx_derive
M,70,2004,0.0028295017164257086,96130,jo_lx_derive
M,71,2004,0.003213086023075795,95858,jo_lx_derive
M,72,2004,0.0035792778649921253,95550,jo_lx_derive
M,73,2004,0.004033274514746665,95208,jo_lx_derive
M,74,2004,0.004365983295368303,94824,jo_lx_derive
M,75,2004,0.0046287469547717786,94410,jo_lx_derive
M,76,2004,0.005075926063869418,93973,jo_lx_derive
M,77,2004,0.00540130059039956,93496,jo_lx_derive
M,78,2004,0.006054349345635646,92991,jo_lx_derive
M,79,2004,0.0070865971350673185,92428,jo_lx_derive
M,80,2004,0.0083684743878919,91773,jo_lx_derive
M,81,2004,0.009757705620570323,91005,jo_lx_derive
M,82,2004,0.01230622413085214,90117,jo_lx_derive
M,83,2004,0.01420097069926296,89008,jo_lx_derive
M,84,2004,0.0170837892049599,87744,jo_lx_derive
M,85,2004,0.0199663748623109,86245,jo_lx_derive
M,86,2004,0.02362670515717613,84523,jo_lx_derive
M,87,2004,0.02663403048736157,82526,jo_lx_derive
M,88,2004,0.030437705407827864,80328,jo_lx_derive
M,89,2004,0.03516813682061559,77883,jo_lx_derive
M,90,2004,0.04234536356861496,75144,jo_lx_derive
M,91,2004,0.04817820516383642,71962,jo_lx_derive
M,92,2004,0.054500328491130734,68495,jo_lx_derive
M,93,2004,0.060560205058522,64762,jo_lx_derive
M,94,2004,0.06745562130177518,60840,jo_lx_derive
M,95,2004,0.07545473773265654,56736,jo_lx_derive
M,96,2004,0.083176055666762,52455,jo_lx_derive
M,97,2004,0.09126258005489474,48092,jo_lx_derive
M,98,2004,0.09974143651465572,43703,jo_lx_derive
M,99,2004,0.10860614070760477,39344,jo_lx_derive
M,100,2004,0.11781814034387383,35071,jo_lx_derive
M,101,2004,0.127444325931672,30939,jo_lx_derive
M,102,2004,0.13742776707660398,26996,jo_lx_derive
M,103,2004,0.147771192991497,23286,jo_lx_derive
M,104,2004,0.15847820609725372,19845,jo_lx_derive
M,105,2004,0.16964071856287422,16700,jo_lx_derive
M,106,2004,0.18107737794764545,13867,jo_lx_derive
M,107,2004,0.19293765410355757,11356,jo_lx_derive
M,108,2004,0.20512820512820518,9165,jo_lx_derive
M,109,2004,0.21784488675360325,7285,jo_lx_derive
M,110,2004,0.23060723060723065,5698,jo_lx_derive
M,111,2004,0.2440693430656934,4384,jo_lx_derive
M,112,2004,0.2579963789981895,3314,jo_lx_derive
M,113,2004,0.27165514436762916,2459,jo_lx_derive
M,114,2004,0.2864321608040201,1791,jo_lx_derive
M,115,2004,0.30125195618153366,1278,jo_lx_derive
M,116,2004,0.3157894736842105,893,jo_lx_derive
M,117,2004,0.3322422258592471,611,jo_lx_derive
M,118,2004,0.3480392156862745,408,jo_lx_derive
M,119,2004,0.36466165413533835,266,jo_lx_derive
M,120,2004,1.0,169,fermeture_hypothese
M,0,2005,0.003170000000000006,100000,jo_lx_derive
M,1,2005,0.001003180080856314,99683,jo_lx_derive
M,2,2005,0.0004318006085376469,99583,jo_lx_derive
M,3,2005,0.00025115531444641626,99540,jo_lx_derive
M,4,2005,0.0001607797819423995,99515,jo_lx_derive
M,5,2005,0.0001206042271781893,99499,jo_lx_derive
M,6,2005,0.00011056720978619428,99487,jo_lx_derive
M,7,2005,9.047408420126413e-05,99476,jo_lx_derive
M,8,2005,9.048227050179047e-05,99467,jo_lx_derive
M,9,2005,8.043596291906763e-05,99458,jo_lx_derive
M,10,2005,8.044243338356516e-05,99450,jo_lx_derive
M,11,2005,8.044890488922984e-05,99442,jo_lx_derive
M,12,2005,9.05122996158747e-05,99434,jo_lx_derive
M,13,2005,9.052049283375663e-05,99425,jo_lx_derive
M,14,2005,0.00010058743059471187,99416,jo_lx_derive
M,15,2005,0.00012071705933247578,99406,jo_lx_derive
M,16,2005,0.0001307926031752782,99394,jo_lx_derive
M,17,2005,0.0001509342832131111,99381,jo_lx_derive
M,18,2005,0.00017108467685122974,99366,jo_lx_derive
M,19,2005,0.00018117947840445847,99349,jo_lx_derive
M,20,2005,0.0001912796609316869,99331,jo_lx_derive
M,21,2005,0.00018124697921706456,99312,jo_lx_derive
M,22,2005,0.00018127983563964722,99294,jo_lx_derive
M,23,2005,0.00018131270397681032,99276,jo_lx_derive
M,24,2005,0.00018134558423499314,99258,jo_lx_derive
M,25,2005,0.00017130189439740207,99240,jo_lx_derive
M,26,2005,0.00017133124376400577,99223,jo_lx_derive
M,27,2005,0.0001713606031893411,99206,jo_lx_derive
M,28,2005,0.00017138997267840406,99189,jo_lx_derive
M,29,2005,0.00017141935223652371,99172,jo_lx_derive
M,30,2005,0.0001815339619787304,99155,jo_lx_derive
M,31,2005,0.00017147987128918185,99137,jo_lx_derive
M,32,2005,0.0001815980629540359,99120,jo_lx_derive
M,33,2005,0.00018163104680024578,99102,jo_lx_derive
M,34,2005,0.00018166404263053604,99084,jo_lx_derive
M,35,2005,0.0001917913310318653,99066,jo_lx_derive
M,36,2005,0.0002019243389501657,99047,jo_lx_derive
M,37,2005,0.00021206337665480302,99027,jo_lx_derive
M,38,2005,0.0002222087550249885,99006,jo_lx_derive
M,39,2005,0.00023236078558153128,98984,jo_lx_derive
M,40,2005,0.0002526247713745544,98961,jo_lx_derive
M,41,2005,0.0002830112395891815,98936,jo_lx_derive
M,42,2005,0.0002932017632547579,98908,jo_lx_derive
M,43,2005,0.0003337412392924177,98879,jo_lx_derive
M,44,2005,0.0003540861542197238,98846,jo_lx_derive
M,45,2005,0.0003845725678315315,98811,jo_lx_derive
M,46,2005,0.0004150931934840951,98773,jo_lx_derive
M,47,2005,0.0004760361382327716,98732,jo_lx_derive
M,48,2005,0.00048639610883116635,98685,jo_lx_derive
M,49,2005,0.0005069091720145691,98637,jo_lx_derive
M,50,2005,0.0005274529096128688,98587,jo_lx_derive
M,51,2005,0.0005683259755416836,98535,jo_lx_derive
M,52,2005,0.0006295758486580816,98479,jo_lx_derive
M,53,2005,0.0006909375412784691,98417,jo_lx_derive
M,54,2005,0.0008032618531962354,98349,jo_lx_derive
M,55,2005,0.0009361961941589669,98270,jo_lx_derive
M,56,2005,0.0009981869665302012,98178,jo_lx_derive
M,57,2005,0.0010909461663948239,98080,jo_lx_derive
M,58,2005,0.0011431720984352856,97973,jo_lx_derive
M,59,2005,0.0011240432858851124,97861,jo_lx_derive
M,60,2005,0.0011253081809904364,97751,jo_lx_derive
M,61,2005,0.0011777839227373743,97641,jo_lx_derive
M,62,2005,0.0012201874371962074,97526,jo_lx_derive
M,63,2005,0.0012730091266541788,97407,jo_lx_derive
M,64,2005,0.0014288210684292313,97283,jo_lx_derive
M,65,2005,0.0015646874742649697,97144,jo_lx_derive
M,66,2005,0.0016702408446057637,96992,jo_lx_derive
M,67,2005,0.0018692553960549807,96830,jo_lx_derive
M,68,2005,0.0021107305817960054,96649,jo_lx_derive
M,69,2005,0.002374410285654993,96445,jo_lx_derive
M,70,2005,0.0027750062359690464,96216,jo_lx_derive
M,71,2005,0.003137083242139016,95949,jo_lx_derive
M,72,2005,0.003512880562060894,95648,jo_lx_derive
M,73,2005,0.003934446869229502,95312,jo_lx_derive
M,74,2005,0.004276520218671309,94937,jo_lx_derive
M,75,2005,0.0045276152796437374,94531,jo_lx_derive
M,76,2005,0.0049732739657609715,94103,jo_lx_derive
M,77,2005,0.005286484754632337,93635,jo_lx_derive
M,78,2005,0.005915825638823313,93140,jo_lx_derive
M,79,2005,0.006944669453174734,92589,jo_lx_derive
M,80,2005,0.00820046549061404,91946,jo_lx_derive
M,81,2005,0.009562242301956347,91192,jo_lx_derive
M,82,2005,0.01207927369353412,90320,jo_lx_derive
M,83,2005,0.013941655739725833,89229,jo_lx_derive
M,84,2005,0.016775586747741045,87985,jo_lx_derive
M,85,2005,0.019628015582193736,86509,jo_lx_derive
M,86,2005,0.02323990991734559,84811,jo_lx_derive
M,87,2005,0.02619507484307093,82840,jo_lx_derive
M,88,2005,0.029961571835874556,80670,jo_lx_derive
M,89,2005,0.03463126014338114,78253,jo_lx_derive
M,90,2005,0.04171134320850378,75543,jo_lx_derive
M,91,2005,0.047463808155597254,72392,jo_lx_derive
M,92,2005,0.053715412726956346,68956,jo_lx_derive
M,93,2005,0.05969165696070622,65252,jo_lx_derive
M,94,2005,0.06651237837573543,61357,jo_lx_derive
M,95,2005,0.07444653956281866,57276,jo_lx_derive
M,96,2005,0.08209462008601831,53012,jo_lx_derive
M,97,2005,0.09013563501849564,48660,jo_lx_derive
M,98,2005,0.09852283507250303,44274,jo_lx_derive
M,99,2005,0.10733613950691523,39912,jo_lx_derive
M,100,2005,0.11648141910856624,35628,jo_lx_derive
M,101,2005,0.12605629328419854,31478,jo_lx_derive
M,102,2005,0.1359505634314795,27510,jo_lx_derive
M,103,2005,0.14623474968447625,23770,jo_lx_derive
M,104,2005,0.15694293879964527,20294,jo_lx_derive
M,105,2005,0.1679817639838681,17109,jo_lx_derive
M,106,2005,0.1793466807165437,14235,jo_lx_derive
M,107,2005,0.1912343776750557,11682,jo_lx_derive
M,108,2005,0.20332345469940727,9448,jo_lx_derive
M,109,2005,0.21588946459412783,7527,jo_lx_derive
M,110,2005,0.22873602168756357,5902,jo_lx_derive
M,111,2005,0.242091388400703,4552,jo_lx_derive
M,112,2005,0.2559420289855072,3450,jo_lx_derive
M,113,2005,0.2695753798208025,2567,jo_lx_derive
M,114,2005,0.28426666666666667,1875,jo_lx_derive
M,115,2005,0.29880774962742174,1342,jo_lx_derive
M,116,2005,0.31455897980871417,941,jo_lx_derive
M,117,2005,0.3302325581395349,645,jo_lx_derive
M,118,2005,0.34490740740740744,432,jo_lx_derive
M,119,2005,0.36042402826855124,283,jo_lx_derive
M,120,2005,1.0,181,fermeture_hypothese
